wretched	-3.43	0.34
sinful	-3.41	0.28
miserable	-3.28	0.30
sick	-3.14	0.25
degraded	-3.13	0.30
wicked	-3.09	0.23
helpless	-3.00	0.48
forlorn	-2.99	0.43
weak	-2.93	0.29
starving	-2.87	0.44
heartless	-2.80	0.28
vicious	-2.79	0.34
dreadful	-2.77	0.59
ignorant	-2.76	0.34
dependent	-2.73	0.51
destitute	-2.69	0.44
stricken	-2.67	0.51
corrupt	-2.67	0.40
blind	-2.67	0.40
shocking	-2.64	0.56
wrong	-2.62	0.55
perverse	-2.62	0.39
criminal	-2.58	0.62
distressed	-2.56	0.48
vile	-2.56	0.41
dying	-2.56	0.40
desolate	-2.56	0.47
malignant	-2.55	0.60
terrible	-2.55	0.71
ungrateful	-2.54	0.37
worst	-2.50	0.64
infamous	-2.50	0.42
stupid	-2.49	0.38
guilty	-2.48	0.41
foolish	-2.48	0.36
heathen	-2.42	0.39
pernicious	-2.41	0.71
worse	-2.41	0.57
dumb	-2.39	0.52
silly	-2.39	0.39
brutal	-2.37	0.47
naked	-2.36	0.54
despairing	-2.35	0.49
ill	-2.34	0.49
sorry	-2.34	0.39
mischievous	-2.34	0.56
diseased	-2.31	0.43
drunken	-2.29	0.46
ragged	-2.23	0.52
hungry	-2.20	0.53
disgraceful	-2.19	0.51
false	-2.19	0.50
prostrate	-2.18	0.53
poisonous	-2.17	0.75
selfish	-2.16	0.15
bloody	-2.12	0.67
hardened	-2.09	0.14
cruel	-2.06	0.15
faint	-2.04	0.58
cowardly	-2.03	0.10
fearful	-2.01	0.82
frightened	-2.00	0.46
lazy	-2.00	0.50
repulsive	-1.99	0.72
sore	-1.99	0.56
sickly	-1.97	0.55
deadly	-1.97	0.69
insane	-1.96	0.64
ruinous	-1.96	0.54
irish	-1.93	0.62
fatal	-1.89	0.73
crazy	-1.88	0.53
unjust	-1.87	0.18
abominable	-1.86	0.83
servile	-1.84	0.14
hideous	-1.82	0.87
capricious	-1.80	0.12
senseless	-1.79	0.19
foul	-1.79	0.63
apt	-1.77	0.51
idle	-1.77	0.22
injurious	-1.76	0.72
wayward	-1.76	0.57
restless	-1.76	0.69
impending	-1.75	0.83
speechless	-1.74	0.30
dangerous	-1.74	0.63
uncomfortable	-1.72	0.67
vague	-1.72	0.75
awful	-1.72	0.95
ominous	-1.71	0.73
lifeless	-1.71	0.27
painful	-1.70	0.84
powerless	-1.70	0.18
feverish	-1.69	0.61
savage	-1.68	0.09
unutterable	-1.68	0.64
terrific	-1.68	0.88
needless	-1.67	0.66
odious	-1.67	0.67
unfavorable	-1.67	0.67
feeble	-1.67	0.29
grievous	-1.67	0.73
unreasonable	-1.67	0.14
hopeless	-1.66	0.19
dissatisfied	-1.65	0.69
tyrannical	-1.64	0.13
frightful	-1.64	0.99
insensible	-1.63	0.27
weary	-1.63	0.23
unnecessary	-1.63	0.68
depressed	-1.62	0.72
disastrous	-1.59	0.75
unconscious	-1.58	0.26
unworthy	-1.58	0.11
naughty	-1.58	0.70
deaf	-1.57	0.32
blank	-1.57	0.21
accursed	-1.57	0.14
afraid	-1.55	0.76
reckless	-1.55	0.17
ridiculous	-1.54	0.54
monstrous	-1.50	0.74
useless	-1.48	0.09
malicious	-1.48	0.17
worthless	-1.47	0.10
sleepy	-1.47	0.27
grim	-1.46	0.65
dead	-1.45	0.77
uneasy	-1.45	0.27
pitiful	-1.44	0.13
aching	-1.44	0.21
tired	-1.43	0.28
imperative	-1.43	0.79
prevalent	-1.43	0.86
imperious	-1.42	0.11
horrid	-1.42	0.98
insolent	-1.42	0.13
rash	-1.40	0.20
bleeding	-1.39	0.30
bruised	-1.37	0.29
indifferent	-1.37	0.21
dirty	-1.34	0.23
obstinate	-1.34	0.17
adverse	-1.33	0.73
desperate	-1.33	0.15
superstitious	-1.31	0.09
extravagant	-1.28	0.11
destructive	-1.28	0.31
healing	-1.28	0.66
furious	-1.27	0.17
ludicrous	-1.27	0.94
brooding	-1.27	0.73
absurd	-1.26	0.14
oppressive	-1.25	0.13
breathless	-1.25	0.22
motionless	-1.25	0.32
sour	-1.24	0.83
perverted	-1.23	0.92
indolent	-1.22	0.29
violent	-1.22	0.16
thoughtless	-1.19	0.78
ambitious	-1.19	0.14
nervous	-1.18	0.14
improper	-1.18	0.14
hard	-1.17	0.68
disappointed	-1.17	0.31
fraught	-1.17	0.82
angry	-1.16	0.17
arbitrary	-1.15	0.12
wan	-1.15	0.34
raw	-1.14	0.76
impatient	-1.14	0.19
treacherous	-1.13	0.17
stupendous	-1.13	0.93
profane	-1.13	0.13
exciting	-1.11	0.97
colored	-1.11	1.00
unnatural	-1.10	0.14
ashamed	-1.10	0.37
harsh	-1.09	0.12
unkind	-1.09	0.67
alive	-1.09	0.71
intrepid	-1.09	0.86
shattered	-1.09	0.21
despotic	-1.09	0.12
prophetic	-1.08	0.80
inconsistent	-1.08	0.11
mad	-1.08	0.19
forgetful	-1.08	0.23
confused	-1.07	0.23
barbarous	-1.07	0.14
frantic	-1.07	0.18
maternal	-1.06	0.78
haggard	-1.06	0.24
hostile	-1.05	0.12
indignant	-1.05	0.20
fierce	-1.05	0.12
insufficient	-1.04	0.17
superfluous	-1.04	0.06
eventful	-1.03	0.95
unknown	-1.02	0.20
exacting	-1.02	0.13
displeased	-1.02	0.29
dreary	-1.01	0.23
dismal	-1.01	0.23
morbid	-1.00	0.07
bewildered	-1.00	0.26
excited	-1.00	0.20
mute	-0.99	0.26
ghastly	-0.99	0.27
successful	-0.99	0.93
appalling	-0.98	0.56
astonished	-0.98	0.31
swift	-0.98	0.82
impetuous	-0.97	0.13
surprised	-0.97	0.30
gross	-0.96	0.25
inevitable	-0.96	0.38
incapable	-0.94	0.13
howling	-0.94	0.25
bare	-0.93	0.21
bitter	-0.93	0.14
disagreeable	-0.93	0.97
embarrassed	-0.93	0.26
worldly	-0.92	0.13
melancholy	-0.92	0.81
vivid	-0.91	0.92
awkward	-0.91	0.91
lonely	-0.91	0.28
sad	-0.90	0.77
troublesome	-0.90	0.15
sleepless	-0.90	0.11
infernal	-0.90	0.24
geographical	-0.89	0.96
youngest	-0.89	0.75
prevailing	-0.89	0.96
tame	-0.89	0.13
wild	-0.88	0.15
poorer	-0.87	0.75
unseen	-0.86	0.16
gloomy	-0.85	0.25
inherent	-0.85	1.04
vulgar	-0.84	0.17
unsettled	-0.84	0.17
offensive	-0.84	0.26
contemptuous	-0.84	0.18
disgusted	-0.83	0.21
inadequate	-0.82	0.20
formal	-0.82	0.94
notorious	-0.82	0.22
pagan	-0.82	0.17
formidable	-0.82	0.22
sullen	-0.81	0.23
fitful	-0.80	0.10
cheesy	-0.80	0.17
tremendous	-0.80	0.35
puzzled	-0.80	0.25
sudden	-0.79	0.32
tremulous	-0.79	0.22
improbable	-0.79	0.16
disordered	-0.78	0.11
intolerable	-0.78	0.17
unequal	-0.77	0.15
ruling	-0.75	0.12
solitary	-0.75	0.22
obscure	-0.75	0.28
anxious	-0.74	0.27
crushing	-0.74	0.14
sly	-0.73	0.22
visionary	-0.73	0.06
rude	-0.73	0.16
uncertain	-0.72	0.14
nameless	-0.71	0.08
glaring	-0.70	0.15
imminent	-0.70	0.18
civilized	-0.70	0.16
impracticable	-0.69	0.17
barren	-0.69	0.27
vacant	-0.69	0.27
olden	-0.69	0.85
suspicious	-0.69	0.18
victorious	-0.69	0.15
protracted	-0.68	0.24
unfit	-0.68	0.18
fruitless	-0.68	0.10
slaveholding	-0.68	0.12
tumultuous	-0.68	0.12
shrill	-0.68	0.16
asleep	-0.67	0.27
excessive	-0.67	0.14
severe	-0.67	0.17
contending	-0.67	0.09
habitual	-0.67	0.17
withered	-0.66	0.32
unsuccessful	-0.66	0.13
liable	-0.66	0.23
beneficent	-0.65	0.93
amazed	-0.65	0.23
beneficial	-0.65	0.38
abstracted	-0.65	0.23
alarming	-0.65	0.22
aged	-0.65	0.38
scornful	-0.65	0.19
toiling	-0.64	0.09
saxon	-0.62	0.20
jealous	-0.62	0.14
raging	-0.61	0.17
bleak	-0.61	0.26
quivering	-0.61	0.16
mocking	-0.61	0.16
extinct	-0.61	0.06
inclined	-0.61	0.33
drunk	-0.60	0.80
monotonous	-0.60	0.16
silent	-0.60	0.26
conflicting	-0.60	0.17
african	-0.60	0.13
timid	-0.60	0.25
dusty	-0.59	0.23
stony	-0.59	0.15
deficient	-0.59	0.16
incredible	-0.59	0.17
insignificant	-0.58	0.14
piercing	-0.58	0.12
arab	-0.58	0.14
wet	-0.57	0.22
noisy	-0.57	0.20
fluttering	-0.57	0.09
erroneous	-0.57	0.20
decayed	-0.56	0.23
odd	-0.56	0.12
lowest	-0.56	0.24
prolonged	-0.55	0.27
lowly	-0.54	0.73
vehement	-0.54	0.08
lone	-0.54	0.27
papal	-0.53	0.08
defective	-0.53	0.15
rough	-0.53	0.12
faltering	-0.53	0.23
dim	-0.53	0.19
unaccountable	-0.53	0.17
revolutionary	-0.52	0.16
pallid	-0.52	0.37
pleased	-0.52	0.31
momentary	-0.52	0.19
transient	-0.51	0.20
akin	-0.51	0.08
overwhelming	-0.51	0.29
pale	-0.50	0.28
enraged	-0.50	0.17
advantageous	-0.50	0.92
harmless	-0.49	0.64
spirited	-0.49	0.95
startling	-0.49	0.40
freezing	-0.48	0.27
passionate	-0.48	0.14
shy	-0.48	0.21
throbbing	-0.48	0.20
lame	-0.47	0.72
living	-0.47	0.93
involuntary	-0.47	0.13
empty	-0.47	0.22
salutary	-0.46	0.34
strange	-0.46	0.16
sectional	-0.46	0.14
loose	-0.46	0.17
sorrowful	-0.46	0.27
mexican	-0.46	0.23
eager	-0.46	0.12
powerful	-0.45	0.21
significant	-0.45	0.15
unwilling	-0.45	0.22
mysterious	-0.45	0.18
fantastic	-0.45	0.12
serious	-0.44	0.28
exempt	-0.44	0.08
declining	-0.44	0.18
childish	-0.43	0.21
muffled	-0.43	0.11
electric	-0.43	0.13
hasty	-0.42	0.09
cunning	-0.42	0.23
reformed	-0.41	0.15
unfinished	-0.41	0.12
aloof	-0.40	0.16
bald	-0.40	0.21
casual	-0.40	0.18
distant	-0.40	0.22
stern	-0.40	0.14
celestial	-0.39	0.95
dull	-0.39	0.21
russian	-0.39	0.15
mortal	-0.39	0.18
indefinite	-0.39	0.09
petty	-0.39	0.09
imaginary	-0.38	0.12
unmoved	-0.38	0.23
stormy	-0.38	0.15
damp	-0.37	0.24
austrian	-0.37	0.10
dred	-0.36	0.19
rocky	-0.35	0.26
occasional	-0.34	0.08
untimely	-0.33	0.15
likely	-0.33	1.00
hollow	-0.33	0.13
sunken	-0.33	0.21
sheer	-0.33	0.10
intense	-0.33	0.12
careless	-0.33	0.66
sombre	-0.32	0.22
conscious	-0.32	0.17
wont	-0.32	0.15
tedious	-0.32	0.25
hoarse	-0.32	0.11
unspeakable	-0.31	0.23
icy	-0.31	0.21
fiery	-0.31	0.14
humblest	-0.31	0.13
foremost	-0.31	0.12
concerned	-0.31	0.20
opposing	-0.31	0.12
arduous	-0.30	0.16
loud	-0.30	0.20
boiling	-0.30	0.09
memorable	-0.30	1.04
unearthly	-0.30	0.21
poorest	-0.29	0.11
frail	-0.29	0.75
endless	-0.29	0.11
privileged	-0.29	0.12
little	-0.29	0.77
secular	-0.28	0.10
frozen	-0.28	0.17
retreating	-0.28	0.11
burning	-0.27	0.18
incessant	-0.27	0.11
favorable	-0.27	0.84
aware	-0.27	0.19
objectionable	-0.27	0.29
hereditary	-0.26	0.09
momentous	-0.26	0.25
human	-0.26	0.19
boisterous	-0.26	0.17
continental	-0.26	0.10
canadian	-0.25	0.14
susceptible	-0.25	0.21
remote	-0.25	0.17
weaker	-0.25	0.27
finite	-0.25	0.16
inferior	-0.24	0.13
involved	-0.24	0.14
impenetrable	-0.24	0.07
potent	-0.24	0.19
feudal	-0.23	0.07
haughty	-0.23	0.13
old	-0.23	0.84
metallic	-0.23	0.11
undue	-0.23	0.22
mystical	-0.23	0.15
shadowy	-0.22	0.12
lingering	-0.22	0.17
mournful	-0.22	0.23
rigid	-0.22	0.16
imperial	-0.22	0.14
wintry	-0.22	0.22
organic	-0.22	0.22
temporal	-0.22	0.12
miscellaneous	-0.22	0.14
masculine	-0.21	0.12
unexpected	-0.21	0.20
inseparable	-0.21	0.18
fond	-0.21	0.24
complex	-0.21	0.16
scanty	-0.21	0.10
arid	-0.20	0.19
mere	-0.20	0.11
stiff	-0.20	0.13
ugly	-0.20	0.51
cold	-0.20	0.22
spontaneous	-0.20	0.09
gaunt	-0.19	0.16
interested	-0.19	0.20
joint	-0.19	0.13
inner	-0.19	0.09
missing	-0.19	0.18
territorial	-0.18	0.09
current	-0.18	0.15
french	-0.18	0.12
incidental	-0.18	0.14
dutch	-0.18	0.12
disputed	-0.18	0.09
manifold	-0.18	0.12
european	-0.18	0.06
abstract	-0.17	0.13
lower	-0.17	0.12
divers	-0.17	0.13
gradual	-0.17	0.13
heated	-0.17	0.19
identical	-0.17	0.13
tearful	-0.16	0.24
continual	-0.16	0.11
unlimited	-0.16	0.12
thrilling	-0.16	0.13
hoary	-0.16	0.26
advancing	-0.15	0.09
flat	-0.15	0.17
fore	-0.15	0.14
low	-0.15	0.20
paternal	-0.15	0.18
protective	-0.14	0.22
absent	-0.14	0.19
conservative	-0.14	0.17
indian	-0.14	0.09
english	-0.14	0.17
sharp	-0.14	0.12
marine	-0.14	0.19
extreme	-0.13	0.21
judicial	-0.13	0.15
heavy	-0.13	0.11
invisible	-0.13	0.12
minor	-0.13	0.16
continuous	-0.13	0.13
awake	-0.12	0.55
volcanic	-0.12	0.07
fanciful	-0.12	0.20
trifling	-0.12	0.16
winged	-0.11	0.16
elementary	-0.11	0.12
scotch	-0.11	0.14
superficial	-0.11	0.16
outer	-0.11	0.12
filial	-0.10	0.12
lasting	-0.10	0.23
warlike	-0.10	0.08
urgent	-0.10	0.09
darkest	-0.10	0.19
ponderous	-0.10	0.11
consequent	-0.10	0.16
thin	-0.09	0.17
legal	-0.09	0.19
encouraging	-0.09	0.17
valid	-0.08	0.12
stable	-0.08	0.11
chinese	-0.08	0.11
imperfect	-0.08	0.71
boyish	-0.08	0.15
premature	-0.08	0.13
spanish	-0.08	0.08
preparatory	-0.08	0.12
bodily	-0.08	0.08
turkish	-0.07	0.11
fat	-0.07	0.23
slightest	-0.07	0.09
subordinate	-0.07	0.12
rightful	-0.07	0.12
speculative	-0.07	0.10
ministerial	-0.07	0.05
instinctive	-0.07	0.10
foaming	-0.06	0.16
civil	-0.06	0.16
tory	-0.06	0.14
perpendicular	-0.06	0.08
radical	-0.05	0.29
german	-0.05	0.13
alleged	-0.05	0.17
conventional	-0.04	0.15
aristocratic	-0.04	0.12
drooping	-0.04	0.19
senior	-0.04	0.22
ecclesiastical	-0.04	0.06
strong	-0.04	0.12
federal	-0.04	0.15
irresistible	-0.03	0.11
indescribable	-0.03	0.21
perilous	-0.03	0.66
glassy	-0.03	0.19
outward	-0.03	0.13
slumbering	-0.03	0.16
negative	-0.03	0.13
decisive	-0.03	0.20
audible	-0.03	0.19
misty	-0.02	0.18
governing	-0.02	0.08
homeward	-0.02	0.12
legitimate	-0.02	0.19
parliamentary	-0.02	0.12
downward	-0.02	0.10
international	-0.02	0.12
subtle	-0.02	0.18
preliminary	-0.01	0.17
reasonable	-0.01	0.15
ceaseless	-0.01	0.07
constitutional	-0.01	0.15
surprising	-0.01	0.19
abrupt	-0.01	0.11
steep	-0.01	0.13
scottish	0.00	0.11
secondary	0.01	0.10
limited	0.01	0.11
male	0.01	0.19
pecuniary	0.01	0.19
younger	0.01	0.31
miraculous	0.01	0.14
presidential	0.01	0.15
baptist	0.01	0.09
rugged	0.02	0.10
flattering	0.02	0.18
solemn	0.02	0.18
horizontal	0.02	0.09
correct	0.02	0.19
catholic	0.02	0.09
innumerable	0.02	0.12
sandy	0.02	0.19
normal	0.02	0.09
complicated	0.02	0.11
female	0.02	0.27
individual	0.03	0.16
arctic	0.03	0.10
existing	0.03	0.15
nominal	0.03	0.14
intermediate	0.03	0.10
gray	0.03	0.21
medical	0.03	0.20
evident	0.04	0.12
chemical	0.04	0.14
isolated	0.04	0.15
eccentric	0.04	0.11
louder	0.04	0.21
righteous	0.04	0.14
proud	0.04	0.12
japanese	0.05	0.06
frequent	0.05	0.11
reluctant	0.05	0.16
theological	0.05	0.12
definite	0.05	0.14
primary	0.05	0.13
roman	0.06	0.10
sensitive	0.06	0.11
magic	0.06	0.18
protestant	0.07	0.11
conceivable	0.07	0.16
mid	0.07	0.15
huge	0.07	0.14
vital	0.08	0.12
sundry	0.08	0.07
magnetic	0.08	0.11
grey	0.08	0.17
equivalent	0.08	0.12
oriental	0.08	0.15
sentimental	0.08	0.10
supreme	0.08	0.17
eastern	0.08	0.11
aspiring	0.09	0.13
flourishing	0.09	0.10
elder	0.09	0.23
indirect	0.09	0.15
mossy	0.09	0.21
gleaming	0.09	0.19
tempting	0.09	0.15
lawful	0.09	0.07
longest	0.09	0.13
subsequent	0.09	0.22
needful	0.09	0.16
lonesome	0.09	0.53
british	0.09	0.11
crooked	0.09	0.13
opposite	0.09	0.10
customary	0.09	0.09
colossal	0.10	0.19
quaint	0.10	0.12
indefatigable	0.10	0.12
wooden	0.10	0.09
latent	0.10	0.10
sure	0.10	0.82
goodly	0.10	0.16
laborious	0.10	0.14
partial	0.10	0.16
provincial	0.10	0.08
consummate	0.10	0.18
parental	0.11	0.11
slow	0.11	0.13
royal	0.11	0.14
supernatural	0.11	0.15
wrinkled	0.11	0.21
sable	0.11	0.21
temporary	0.11	0.11
polar	0.11	0.10
juvenile	0.12	0.18
political	0.12	0.09
dark	0.12	0.14
imposing	0.12	0.19
external	0.12	0.10
northern	0.12	0.10
quick	0.13	0.10
ultimate	0.13	0.17
evangelical	0.13	0.12
favourite	0.13	0.09
respective	0.13	0.09
especial	0.13	0.14
southern	0.14	0.10
solid	0.14	0.09
positive	0.14	0.11
physical	0.14	0.13
foreign	0.14	0.04
colonial	0.14	0.05
italian	0.14	0.07
moral	0.14	0.14
speedy	0.14	0.18
fundamental	0.14	0.14
hot	0.14	0.24
successive	0.14	0.12
municipal	0.15	0.09
democratic	0.15	0.08
constant	0.15	0.12
projecting	0.15	0.10
legislative	0.15	0.12
mystic	0.15	0.13
public	0.15	0.12
watery	0.15	0.17
daring	0.15	0.14
neutral	0.16	0.10
unbounded	0.16	0.11
immediate	0.16	0.11
orthodox	0.16	0.18
harder	0.16	0.24
local	0.16	0.10
presbyterian	0.16	0.13
intrinsic	0.16	0.17
unanimous	0.16	0.13
sole	0.16	0.19
unmistakable	0.16	0.10
oldest	0.16	0.21
reverend	0.17	0.14
industrial	0.17	0.09
fit	0.17	0.23
intervening	0.17	0.16
applicable	0.17	0.19
greek	0.17	0.09
creative	0.17	0.12
western	0.18	0.14
undoubted	0.18	0.09
boundless	0.18	0.11
additional	0.18	0.17
palpable	0.18	0.16
busy	0.18	0.13
manifest	0.18	0.17
earthly	0.18	0.16
average	0.18	0.23
stray	0.18	0.15
rational	0.18	0.11
stronger	0.18	0.25
willing	0.18	0.63
thankful	0.18	0.67
slight	0.19	0.15
ruddy	0.19	0.30
financial	0.19	0.09
educational	0.19	0.09
foregoing	0.19	0.14
congregational	0.19	0.09
capable	0.19	0.11
farthest	0.19	0.08
coarse	0.19	0.19
dry	0.19	0.20
naval	0.20	0.09
utter	0.20	0.76
languid	0.20	0.53
economical	0.20	0.13
popular	0.20	0.09
methodist	0.20	0.12
ancient	0.20	0.12
darker	0.21	0.15
marvellous	0.21	0.26
sacred	0.21	0.08
ready	0.21	0.24
dreamy	0.21	0.23
specific	0.21	0.15
independent	0.21	0.16
dazzling	0.21	0.13
muscular	0.22	0.08
deceased	0.22	0.28
religious	0.22	0.08
upper	0.22	0.08
mathematical	0.22	0.13
rapid	0.23	0.13
eldest	0.23	0.30
succeeding	0.23	0.20
perceptible	0.23	0.12
various	0.23	0.09
sled	0.23	0.20
direct	0.23	0.12
dear	0.23	0.67
national	0.23	0.11
latest	0.24	0.14
nearest	0.24	0.13
older	0.24	0.27
social	0.24	0.09
permanent	0.24	0.09
passive	0.24	0.12
countless	0.24	0.11
hebrew	0.24	0.13
visible	0.24	0.12
perpetual	0.24	0.19
obvious	0.25	0.15
satisfactory	0.25	0.16
expensive	0.25	0.12
richer	0.25	0.22
unwonted	0.25	0.14
towering	0.25	0.12
loyal	0.25	0.13
plausible	0.25	0.13
classical	0.25	0.08
american	0.25	0.10
mechanical	0.25	0.07
separate	0.25	0.17
modern	0.25	0.07
increasing	0.25	0.15
keen	0.26	0.05
uniform	0.26	0.25
ascending	0.26	0.11
surplus	0.26	0.11
internal	0.26	0.14
scientific	0.26	0.15
unusual	0.26	0.21
decent	0.26	0.12
final	0.27	0.19
distinct	0.27	0.09
critical	0.27	0.14
republican	0.27	0.11
episcopal	0.27	0.12
married	0.27	0.80
primitive	0.27	0.11
extra	0.27	0.18
tropical	0.27	0.10
natural	0.28	0.15
mental	0.28	0.13
daily	0.28	0.09
transparent	0.28	0.21
central	0.28	0.13
equatorial	0.28	0.15
auburn	0.28	0.22
exclusive	0.28	0.18
whig	0.28	0.10
narrow	0.29	0.14
gigantic	0.29	0.17
recent	0.29	0.21
veteran	0.29	0.19
tangled	0.29	0.19
thick	0.29	0.14
humble	0.29	0.23
patient	0.29	0.14
smaller	0.29	0.14
effectual	0.29	0.17
diplomatic	0.29	0.07
lucky	0.29	0.73
enduring	0.30	0.10
circular	0.30	0.08
logical	0.30	0.18
certain	0.30	0.14
deepest	0.30	0.12
inland	0.30	0.16
voluntary	0.30	0.08
free	0.30	0.16
mercantile	0.30	0.11
unbroken	0.31	0.12
accidental	0.31	0.69
mighty	0.31	0.17
high	0.31	0.07
single	0.31	0.12
astonishing	0.31	0.64
stubborn	0.31	0.56
brief	0.31	0.14
spiritual	0.32	0.13
heavier	0.32	0.19
efficient	0.32	0.13
homely	0.32	0.13
sublime	0.32	0.19
obedient	0.32	0.07
penetrating	0.32	0.09
bold	0.32	0.14
impossible	0.32	0.58
long	0.32	0.13
populous	0.33	0.09
poetical	0.33	0.15
invariable	0.33	0.16
better	0.33	0.27
corresponding	0.34	0.14
subdued	0.34	0.20
absorbing	0.34	0.22
personal	0.34	0.11
effective	0.34	0.18
healthy	0.34	0.11
infinite	0.34	0.24
adequate	0.35	0.16
winding	0.35	0.20
proffered	0.35	0.13
wooded	0.35	0.17
sympathetic	0.35	0.19
practical	0.35	0.12
enormous	0.35	0.22
distinctive	0.35	0.16
est	0.35	0.11
highest	0.36	0.13
other	0.36	0.10
military	0.36	0.07
egyptian	0.36	0.10
professional	0.36	0.12
geological	0.36	0.16
new	0.36	0.10
regal	0.36	0.08
moist	0.36	0.26
metaphysical	0.36	0.10
future	0.37	0.15
colder	0.37	0.18
grecian	0.37	0.07
exalted	0.37	0.13
kindred	0.37	0.09
conclusive	0.37	0.17
everlasting	0.37	0.13
essential	0.37	0.17
precise	0.37	0.14
special	0.37	0.13
paler	0.37	0.22
commercial	0.37	0.08
prodigious	0.38	0.19
influential	0.38	0.13
gratifying	0.38	0.56
fearless	0.38	0.16
necessary	0.38	0.19
easier	0.38	0.26
different	0.38	0.13
literary	0.38	0.08
manual	0.38	0.08
progressive	0.38	0.07
delighted	0.39	0.58
important	0.39	0.21
snowy	0.39	0.19
classic	0.39	0.13
wiser	0.39	0.25
previous	0.39	0.23
smallest	0.39	0.09
expressive	0.39	0.15
fashionable	0.39	0.11
actual	0.39	0.25
promising	0.39	0.16
superior	0.40	0.17
dense	0.40	0.07
massive	0.40	0.09
elaborate	0.40	0.21
impassioned	0.40	0.09
big	0.40	0.16
neighboring	0.40	0.15
chief	0.40	0.11
arched	0.41	0.15
intellectual	0.41	0.08
wildest	0.41	0.52
artificial	0.41	0.57
wiry	0.41	0.09
elevated	0.41	0.11
official	0.41	0.12
philosophical	0.41	0.12
shorter	0.41	0.17
indispensable	0.41	0.15
christian	0.41	0.11
weekly	0.41	0.08
present	0.42	0.22
prompt	0.42	0.08
surrounding	0.42	0.11
adventurous	0.42	0.13
higher	0.42	0.13
remaining	0.42	0.12
venerable	0.42	0.17
happiest	0.42	0.74
simplest	0.43	0.08
deep	0.43	0.16
preceding	0.43	0.26
literal	0.43	0.16
earliest	0.43	0.16
cheaper	0.43	0.15
watchful	0.43	0.09
agricultural	0.43	0.10
famous	0.44	0.13
zealous	0.44	0.07
earlier	0.44	0.13
similar	0.44	0.17
almighty	0.44	0.14
scriptural	0.44	0.07
ordinary	0.44	0.14
attentive	0.45	0.10
moderate	0.45	0.17
responsible	0.45	0.10
real	0.45	0.23
merciful	0.45	0.16
ardent	0.46	0.09
favorite	0.46	0.08
imaginative	0.46	0.12
glittering	0.46	0.13
substantial	0.46	0.07
enterprising	0.46	0.13
clean	0.46	0.15
trivial	0.46	0.53
historic	0.46	0.13
mutual	0.47	0.09
black	0.47	0.16
staid	0.47	0.07
strongest	0.47	0.10
peculiar	0.47	0.18
masterly	0.47	0.18
wonted	0.47	0.13
blissful	0.47	0.78
deeper	0.47	0.20
polished	0.47	0.13
acceptable	0.47	0.31
crowning	0.48	0.56
crimson	0.48	0.19
systematic	0.48	0.21
particular	0.48	0.14
fervent	0.48	0.06
smooth	0.48	0.14
private	0.48	0.07
contemporary	0.48	0.12
softer	0.48	0.19
abundant	0.49	0.09
immortal	0.49	0.16
detailed	0.49	0.14
fitting	0.49	0.09
wider	0.49	0.20
lighter	0.49	0.21
distinguishing	0.49	0.18
young	0.49	0.83
larger	0.49	0.13
timely	0.49	0.16
numerous	0.49	0.12
consistent	0.49	0.11
historical	0.49	0.19
glistening	0.50	0.20
probable	0.50	0.61
available	0.50	0.15
scrupulous	0.50	0.12
deliberate	0.50	0.08
luxurious	0.50	0.10
doubtful	0.50	0.67
sufficient	0.51	0.17
martial	0.51	0.12
difficult	0.52	0.56
devoted	0.52	0.08
extraordinary	0.52	0.20
accurate	0.52	0.17
genuine	0.52	0.08
uncommon	0.52	0.23
active	0.52	0.07
diligent	0.52	0.14
domestic	0.52	0.11
smart	0.52	0.15
principal	0.52	0.13
total	0.53	0.31
resolute	0.53	0.12
conscientious	0.53	0.12
reliable	0.53	0.11
utmost	0.53	0.29
silken	0.53	0.21
greater	0.53	0.30
earnest	0.54	0.07
due	0.54	0.15
considerable	0.54	0.24
starry	0.54	0.23
princely	0.54	0.11
great	0.54	0.24
gothic	0.54	0.08
discriminating	0.54	0.08
olive	0.54	0.16
prime	0.54	0.18
divine	0.55	0.15
confidential	0.55	0.12
precious	0.55	0.11
irregular	0.55	0.17
warmer	0.55	0.19
wealthy	0.55	0.14
mellow	0.55	0.12
indebted	0.56	0.52
comprehensive	0.56	0.10
antique	0.56	0.09
sanguine	0.56	0.14
common	0.57	0.14
main	0.57	0.11
brighter	0.57	0.26
ethereal	0.57	0.17
practicable	0.57	0.20
absolute	0.57	0.77
adjacent	0.58	0.14
thoughtful	0.58	0.22
conspicuous	0.58	0.11
fullest	0.58	0.11
budding	0.59	0.11
fertile	0.59	0.16
renowned	0.59	0.11
largest	0.59	0.17
philosophic	0.59	0.08
immense	0.59	0.23
ablest	0.60	0.15
glossy	0.60	0.20
greatest	0.60	0.19
silvery	0.60	0.17
preferable	0.60	0.49
fuller	0.60	0.18
clearer	0.60	0.22
profitable	0.60	0.27
small	0.60	0.14
regular	0.60	0.14
sturdy	0.61	0.20
stout	0.61	0.16
musical	0.61	0.15
strict	0.61	0.68
close	0.61	0.15
enthusiastic	0.61	0.13
profound	0.61	0.15
curious	0.61	0.18
admiring	0.61	0.15
competent	0.61	0.14
lofty	0.61	0.11
dramatic	0.62	0.28
poetic	0.62	0.14
suitable	0.62	0.13
artistic	0.62	0.13
explicit	0.62	0.10
skilled	0.62	0.13
sloping	0.62	0.20
varied	0.63	0.11
truest	0.63	0.18
plain	0.63	0.10
innocent	0.63	0.51
brown	0.63	0.17
cloudy	0.63	0.50
cheap	0.64	0.17
proper	0.64	0.18
authentic	0.64	0.18
ample	0.64	0.13
careful	0.65	0.15
undisturbed	0.65	0.17
red	0.65	0.13
steady	0.65	0.11
stately	0.65	0.14
deserving	0.65	0.10
prominent	0.66	0.18
pastoral	0.66	0.11
curved	0.66	0.17
short	0.66	0.16
accessible	0.66	0.19
purer	0.66	0.22
shining	0.66	0.15
conical	0.66	0.18
liquid	0.66	0.19
leafy	0.66	0.22
majestic	0.67	0.11
impartial	0.67	0.09
striped	0.67	0.18
intimate	0.67	0.15
devout	0.67	0.10
funny	0.67	0.44
choicest	0.67	0.20
purest	0.67	0.18
acute	0.68	0.12
vast	0.68	0.20
energetic	0.68	0.09
wide	0.68	0.12
white	0.68	0.15
embroidered	0.69	0.11
heroic	0.69	0.13
gilded	0.69	0.10
dearer	0.69	0.25
mature	0.69	0.53
content	0.69	0.63
intelligible	0.70	0.12
shrewd	0.71	0.16
simple	0.71	0.05
sweeter	0.71	0.22
glad	0.71	0.59
dainty	0.71	0.17
greenish	0.72	0.19
admirable	0.72	0.89
desirable	0.72	0.16
sincere	0.72	0.08
queer	0.72	0.36
valuable	0.72	0.23
wonderful	0.72	0.19
pro	0.72	0.48
inward	0.73	0.65
shaded	0.73	0.17
sheltered	0.74	0.25
forcible	0.74	0.14
broad	0.74	0.09
erect	0.74	0.15
copious	0.75	0.15
spacious	0.75	0.10
noblest	0.75	0.18
animated	0.75	0.12
nobler	0.75	0.17
yellow	0.76	0.16
scarlet	0.76	0.13
cautious	0.76	0.11
tall	0.76	0.19
native	0.76	0.17
wisest	0.76	0.18
purple	0.77	0.16
judicious	0.77	0.12
distinguished	0.77	0.18
adjoining	0.77	0.13
holy	0.77	0.12
eternal	0.79	0.55
richest	0.79	0.18
expedient	0.79	0.61
rounded	0.80	0.14
gallant	0.80	0.23
wondrous	0.80	0.51
vigorous	0.80	0.11
extensive	0.80	0.11
eloquent	0.80	0.10
yellowish	0.80	0.18
faithful	0.81	0.10
useful	0.81	0.20
sagacious	0.81	0.16
happier	0.81	0.61
rustic	0.82	0.20
candid	0.82	0.12
russet	0.82	0.20
safe	0.82	0.56
brightest	0.82	0.21
desirous	0.83	0.49
ingenious	0.83	0.12
celebrated	0.83	0.49
tiny	0.83	0.15
finest	0.83	0.54
steadfast	0.83	0.09
possible	0.84	0.47
wedded	0.84	0.53
slender	0.84	0.16
enlightened	0.84	0.14
joyful	0.84	0.52
truthful	0.85	0.08
double	0.85	0.09
honest	0.85	0.14
industrious	0.85	0.11
miniature	0.85	0.07
grassy	0.85	0.21
hearty	0.86	0.20
liberal	0.86	0.14
shallow	0.87	0.19
manly	0.87	0.13
indulgent	0.87	0.37
glowing	0.87	0.18
costly	0.87	0.09
heavenly	0.87	0.18
patriotic	0.88	0.16
benevolent	0.88	0.15
inspiring	0.88	0.41
evergreen	0.88	0.16
pensive	0.89	0.55
blue	0.89	0.15
sober	0.89	0.11
skillful	0.90	0.19
enchanted	0.90	0.52
apparent	0.90	0.69
luxuriant	0.90	0.18
large	0.90	0.13
honorable	0.91	0.18
appropriate	0.91	0.15
disinterested	0.92	0.17
firm	0.94	0.13
playful	0.94	0.43
dusky	0.94	0.58
superb	0.94	0.11
merry	0.95	0.53
skilful	0.95	0.52
remarkable	0.95	0.23
elastic	0.95	0.14
intelligent	0.95	0.16
magnificent	0.96	0.13
general	0.96	0.58
prudent	0.96	0.14
green	0.96	0.16
warmest	0.96	0.09
soothing	0.96	0.19
annual	0.97	0.09
equal	0.97	0.67
sensible	0.97	0.17
clerical	0.98	0.43
confident	0.98	0.61
relative	0.98	0.54
full	0.98	0.56
hallowed	0.99	0.43
respectful	0.99	0.14
womanly	1.00	0.10
pink	1.00	0.14
triumphant	1.01	0.52
golden	1.01	0.19
dearest	1.02	0.45
whole	1.02	0.65
gifted	1.02	0.17
true	1.03	0.50
thorough	1.03	0.65
original	1.04	0.58
temperate	1.04	0.08
eminent	1.04	0.51
brilliant	1.04	0.15
exact	1.05	0.69
following	1.05	0.51
requisite	1.06	0.61
perennial	1.06	0.12
bridal	1.06	0.42
suggestive	1.06	0.72
tough	1.06	0.52
gay	1.06	0.47
ornamental	1.06	0.11
pious	1.07	0.50
illustrious	1.07	0.46
sparkling	1.08	0.15
hardy	1.08	0.11
clear	1.09	0.10
fruitful	1.09	0.43
witty	1.09	0.17
youthful	1.10	0.50
universal	1.10	0.65
delicate	1.10	0.17
novel	1.10	0.55
ideal	1.11	0.50
beauteous	1.12	0.56
familiar	1.12	0.48
affectionate	1.12	0.14
tender	1.12	0.19
peaceable	1.13	0.40
picturesque	1.13	0.28
orderly	1.13	0.04
gorgeous	1.13	0.11
genteel	1.14	0.38
virtuous	1.14	0.17
neat	1.14	0.12
entire	1.14	0.77
clever	1.14	0.33
rich	1.15	0.20
romantic	1.15	0.51
safer	1.15	0.52
prosperous	1.15	0.48
finer	1.15	0.46
friendly	1.16	0.41
secluded	1.16	0.47
fairest	1.17	0.52
airy	1.17	0.37
showy	1.17	0.10
rare	1.18	0.46
feminine	1.18	0.36
brave	1.18	0.49
blest	1.18	0.44
flowering	1.18	0.14
radiant	1.18	0.57
healthful	1.18	0.34
impressive	1.19	0.46
singular	1.19	0.46
fairer	1.20	0.52
charitable	1.20	0.49
dignified	1.20	0.18
open	1.21	0.44
rosy	1.21	0.51
usual	1.21	0.49
warm	1.21	0.45
buoyant	1.23	0.49
ripe	1.25	0.43
splendid	1.25	0.11
considerate	1.26	0.15
sweetest	1.26	0.40
calm	1.27	0.16
polite	1.27	0.13
comparative	1.28	0.52
refined	1.28	0.12
early	1.29	0.41
generous	1.29	0.12
convenient	1.29	0.37
complete	1.31	0.68
entertaining	1.31	0.41
wise	1.31	0.48
beloved	1.31	0.46
handsome	1.31	0.18
valiant	1.32	0.48
best	1.32	0.52
characteristic	1.32	0.47
glorious	1.32	0.41
brisk	1.34	0.41
amusing	1.34	0.46
hopeful	1.34	0.44
gracious	1.35	0.34
modest	1.36	0.42
humane	1.38	0.47
meek	1.38	0.39
wholesome	1.38	0.42
respectable	1.39	0.37
easy	1.39	0.27
flowery	1.39	0.42
commanding	1.39	0.46
interesting	1.39	0.52
bright	1.40	0.37
nice	1.40	0.38
worthy	1.41	0.42
jolly	1.41	0.29
fragrant	1.42	0.16
loving	1.42	0.35
elegant	1.43	0.11
cordial	1.45	0.34
welcome	1.46	0.39
productive	1.46	0.43
tolerable	1.46	0.51
blooming	1.46	0.49
dewy	1.47	0.44
grand	1.49	0.35
placid	1.50	0.35
courteous	1.51	0.13
pure	1.51	0.40
striking	1.51	0.45
joyous	1.52	0.47
harmonious	1.53	0.35
blessed	1.55	0.32
noble	1.55	0.38
sunny	1.56	0.40
serene	1.58	0.32
exquisite	1.60	0.31
comfortable	1.60	0.35
snug	1.60	0.34
soft	1.62	0.36
pretty	1.65	0.32
amiable	1.65	0.31
fair	1.66	0.46
graceful	1.69	0.33
late	1.69	0.32
gentlemanly	1.71	0.27
cool	1.71	0.40
congenial	1.72	0.38
genial	1.72	0.34
lively	1.72	0.37
hospitable	1.72	0.24
gentle	1.75	0.36
instructive	1.77	0.43
shady	1.77	0.45
juicy	1.79	0.41
mild	1.80	0.29
obliging	1.82	0.32
sweet	1.84	0.36
delicious	1.85	0.31
cheerful	1.85	0.37
quiet	1.85	0.28
peaceful	1.88	0.29
fresh	1.90	0.32
fascinating	1.90	0.31
tranquil	1.91	0.21
refreshing	1.92	0.33
pleasing	1.96	0.37
rural	1.96	0.31
fine	2.02	0.25
attractive	2.02	0.33
beautiful	2.03	0.29
grateful	2.05	0.25
agreeable	2.12	0.31
charming	2.27	0.17
