wretched	-3.26	0.43
ill	-2.98	0.37
wicked	-2.91	0.55
sick	-2.86	0.45
lame	-2.65	0.50
sinful	-2.61	0.54
miserable	-2.59	0.61
lonely	-2.53	0.57
ungrateful	-2.51	0.38
shameful	-2.45	0.72
weak	-2.44	0.55
ignorant	-2.43	0.42
awful	-2.41	0.73
helpless	-2.41	0.65
infamous	-2.41	0.60
fearful	-2.38	0.76
wrong	-2.38	0.67
stupid	-2.37	0.46
worst	-2.37	0.65
forlorn	-2.36	0.66
blind	-2.36	0.58
hideous	-2.35	0.76
foul	-2.34	0.79
hateful	-2.34	0.66
crippled	-2.33	0.61
cruel	-2.32	0.64
senseless	-2.31	0.60
vicious	-2.30	0.55
drunken	-2.29	0.41
hopeless	-2.28	0.58
heartless	-2.27	0.18
corrupt	-2.27	0.70
monstrous	-2.26	0.81
desolate	-2.26	0.59
limp	-2.24	0.57
starving	-2.22	0.70
feeble	-2.19	0.63
brutal	-2.18	0.25
cowardly	-2.16	0.20
worthless	-2.16	0.52
aged	-2.16	0.75
alarming	-2.15	0.75
barbarous	-2.15	0.72
appalling	-2.14	0.94
dangerous	-2.13	0.67
terrible	-2.13	0.84
hungry	-2.12	0.61
pitiful	-2.12	0.44
stale	-2.11	0.57
dying	-2.10	0.68
murderous	-2.10	0.80
dead	-2.08	0.66
contemptible	-2.08	0.18
vile	-2.07	0.37
shocking	-2.07	0.79
bloody	-2.07	0.73
dire	-2.06	0.57
sorry	-2.06	0.48
accidental	-2.03	0.71
stricken	-2.02	0.73
frightful	-2.01	0.82
lazy	-2.00	0.54
mad	-2.00	0.58
toiling	-1.99	0.69
disabled	-1.98	0.64
false	-1.98	0.76
outrageous	-1.96	0.27
insane	-1.96	0.70
frightened	-1.96	0.53
unlucky	-1.95	0.55
lawless	-1.95	0.70
dependent	-1.93	0.68
ragged	-1.92	0.70
scared	-1.91	0.66
fraudulent	-1.91	0.73
disgraceful	-1.90	0.23
terrific	-1.89	0.93
fatal	-1.87	0.71
dumb	-1.87	0.72
disturbing	-1.86	0.69
depressed	-1.85	0.73
dishonest	-1.85	0.19
desperate	-1.84	0.67
dismal	-1.83	0.62
restless	-1.81	0.77
guilty	-1.80	0.36
worse	-1.80	0.90
sickly	-1.80	0.71
barren	-1.79	0.71
unnatural	-1.78	0.27
ghastly	-1.75	0.78
gross	-1.73	0.83
dissatisfied	-1.73	0.84
betrothed	-1.72	0.78
deadly	-1.72	0.30
indifferent	-1.71	0.58
gigantic	-1.70	0.92
sore	-1.69	0.18
unkind	-1.68	0.18
savage	-1.67	0.31
harsh	-1.65	0.67
subsequent	-1.64	0.82
moody	-1.64	0.82
vulgar	-1.64	0.13
discontented	-1.62	0.73
afraid	-1.62	0.68
profane	-1.62	0.55
ghostly	-1.60	0.87
mischievous	-1.59	0.64
young	-1.58	0.85
silly	-1.55	0.17
drunk	-1.55	0.71
dreadful	-1.55	0.96
ridiculous	-1.53	0.16
selfish	-1.51	0.19
destructive	-1.51	0.82
jealous	-1.51	0.70
thoughtless	-1.50	0.60
unjust	-1.49	0.20
grotesque	-1.48	0.80
unequal	-1.48	0.82
old	-1.47	0.75
nervous	-1.47	0.26
timid	-1.46	0.68
bleeding	-1.46	0.31
awkward	-1.46	0.82
adverse	-1.45	0.80
prostrate	-1.45	0.32
painful	-1.44	0.98
erroneous	-1.44	0.90
ugly	-1.44	0.23
phantom	-1.43	0.95
odious	-1.42	0.26
sour	-1.42	0.64
crude	-1.41	0.11
uncomfortable	-1.39	0.72
tired	-1.37	0.32
destitute	-1.37	0.39
sensitive	-1.37	0.69
dreary	-1.37	0.30
unworthy	-1.36	0.17
embarrassing	-1.36	1.02
crazy	-1.36	0.26
perilous	-1.35	1.00
sordid	-1.35	0.20
big	-1.33	0.81
similar	-1.33	0.96
weary	-1.32	0.29
gloomy	-1.32	0.22
dirty	-1.31	0.28
worried	-1.31	0.39
absurd	-1.30	0.20
eldest	-1.29	0.78
horrid	-1.29	0.91
impending	-1.29	0.38
distressing	-1.28	0.88
immoral	-1.26	0.23
wee	-1.26	0.74
insensible	-1.24	0.28
bewildered	-1.24	0.29
wearisome	-1.23	0.94
ole	-1.23	0.80
coarse	-1.23	0.16
temporary	-1.21	0.87
little	-1.21	0.79
dull	-1.21	0.21
obstinate	-1.20	0.15
insolent	-1.20	0.20
untrue	-1.20	0.20
feverish	-1.19	0.26
tiresome	-1.19	0.90
ruinous	-1.18	0.17
puzzled	-1.18	0.35
greedy	-1.18	0.13
haggard	-1.17	0.34
inevitable	-1.16	0.76
unfair	-1.16	0.21
embarrassed	-1.16	0.35
foolish	-1.16	0.24
hereditary	-1.15	0.99
recent	-1.15	0.85
injurious	-1.15	0.91
raging	-1.15	0.28
surprising	-1.14	0.94
pained	-1.14	0.37
damned	-1.14	0.25
dazed	-1.14	0.34
disappointed	-1.13	0.36
indirect	-1.13	0.99
startling	-1.13	0.94
unfavorable	-1.13	0.85
insulting	-1.12	0.20
lonesome	-1.12	0.33
uneasy	-1.11	0.32
tremendous	-1.11	0.51
blackened	-1.11	0.32
annoyed	-1.10	0.38
unconscious	-1.10	0.33
shattered	-1.10	0.23
uncommon	-1.09	0.97
hysterical	-1.09	0.26
elder	-1.09	0.32
existing	-1.09	1.00
wildest	-1.08	0.87
harmless	-1.07	0.81
obnoxious	-1.06	0.86
potent	-1.06	0.98
gaunt	-1.04	0.36
angry	-1.04	0.31
nameless	-1.04	0.27
petty	-1.03	0.10
disgusted	-1.03	0.31
unknown	-1.03	0.13
aware	-1.03	0.75
disastrous	-1.03	0.38
violent	-1.02	0.21
married	-1.02	0.71
fitful	-1.02	0.23
audacious	-1.01	0.11
unreasonable	-1.01	0.19
anxious	-1.00	0.38
naked	-1.00	0.38
bitter	-1.00	0.20
confused	-1.00	0.29
terrified	-1.00	0.22
uncertain	-0.99	0.18
frivolous	-0.99	0.15
rude	-0.99	0.12
incapable	-0.98	0.17
poisonous	-0.98	0.81
howling	-0.97	0.18
criminal	-0.96	0.26
useless	-0.96	0.13
solitary	-0.95	0.31
furious	-0.95	0.22
troublesome	-0.94	0.85
ashamed	-0.94	0.35
pitiless	-0.94	0.26
grim	-0.92	0.30
awake	-0.92	0.22
malicious	-0.92	0.25
magic	-0.92	0.91
piteous	-0.92	0.29
mortal	-0.91	0.24
incomprehensible	-0.91	0.21
impatient	-0.90	0.27
severe	-0.89	0.30
extravagant	-0.89	0.11
frantic	-0.89	0.16
curious	-0.89	1.11
vague	-0.87	0.22
fierce	-0.87	0.24
lifeless	-0.87	0.26
speechless	-0.87	0.37
excited	-0.87	0.31
tame	-0.87	0.19
empty	-0.87	0.31
imminent	-0.86	0.22
sleepy	-0.86	0.33
trivial	-0.86	0.12
unscrupulous	-0.85	0.19
amazed	-0.85	0.29
irresponsible	-0.85	0.22
motionless	-0.84	0.28
despairing	-0.84	0.25
mighty	-0.84	1.00
intolerable	-0.84	0.14
liable	-0.83	0.22
raw	-0.83	0.80
repulsive	-0.82	1.01
lone	-0.82	0.37
oppressive	-0.82	0.36
malignant	-0.82	0.20
wan	-0.82	0.44
deaf	-0.82	0.34
grievous	-0.82	0.17
sudden	-0.81	0.29
morbid	-0.81	0.12
fantastic	-0.81	0.28
blank	-0.81	0.34
lowly	-0.80	0.79
unfit	-0.79	0.14
preposterous	-0.79	0.13
odd	-0.78	0.22
rash	-0.78	0.16
idle	-0.78	0.17
indignant	-0.77	0.22
treacherous	-0.77	0.22
ominous	-0.77	0.27
queer	-0.77	0.70
astonished	-0.76	0.31
strange	-0.76	0.31
dusty	-0.76	0.18
bleak	-0.75	0.31
hardened	-0.75	0.18
wild	-0.74	0.21
untouched	-0.74	0.22
clumsy	-0.72	0.13
turbulent	-0.72	0.12
naughty	-0.72	0.75
shabby	-0.71	0.31
surprised	-0.71	0.38
reckless	-0.71	0.17
younger	-0.70	0.39
hollow	-0.69	0.29
weird	-0.69	0.30
improper	-0.69	0.25
sullen	-0.67	0.17
exciting	-0.67	0.97
handy	-0.66	0.76
revised	-0.66	0.81
huge	-0.66	0.35
sad	-0.66	0.25
hard	-0.65	0.35
prone	-0.65	0.19
wistful	-0.65	0.23
serious	-0.65	0.21
unwise	-0.65	0.22
stormy	-0.65	0.21
powerless	-0.64	0.19
futile	-0.64	0.14
superfluous	-0.63	0.15
monotonous	-0.63	0.26
fanciful	-0.62	0.11
aching	-0.62	0.24
prevalent	-0.61	0.23
responsible	-0.60	0.79
withered	-0.60	0.38
subtle	-0.60	0.97
disagreeable	-0.60	1.11
dim	-0.59	0.26
bare	-0.59	0.29
outraged	-0.59	0.22
languid	-0.59	0.34
frail	-0.59	0.47
thirsty	-0.59	0.26
eccentric	-0.58	0.16
deceased	-0.58	0.39
cunning	-0.58	0.24
amused	-0.57	0.35
careless	-0.56	0.30
sly	-0.56	0.24
unexpected	-0.56	0.25
pretty	-0.55	0.78
unimportant	-0.55	0.16
powerful	-0.55	0.36
correct	-0.55	0.31
fruitless	-0.55	0.22
abrupt	-0.54	0.20
shadowy	-0.54	0.26
impracticable	-0.53	0.15
effectual	-0.53	0.94
official	-0.53	0.29
contemptuous	-0.52	0.17
formidable	-0.52	0.24
pallid	-0.52	0.34
hasty	-0.51	0.09
wintry	-0.51	0.26
arbitrary	-0.51	0.21
kinder	-0.51	0.31
unnecessary	-0.50	0.19
conscious	-0.49	0.15
male	-0.49	0.22
mute	-0.49	0.30
extinct	-0.48	0.11
melancholy	-0.48	0.25
older	-0.48	0.29
drowsy	-0.48	0.23
bigger	-0.47	0.36
knowest	-0.47	0.20
asleep	-0.47	0.24
stubborn	-0.47	0.15
conflicting	-0.47	0.33
notorious	-0.46	0.15
momentous	-0.46	0.24
weaker	-0.46	0.34
alleged	-0.46	0.22
singular	-0.45	0.46
breathless	-0.45	0.16
inconsistent	-0.45	0.09
blinding	-0.44	0.20
mysterious	-0.44	0.23
offensive	-0.44	0.25
neutral	-0.44	0.23
unwilling	-0.44	0.14
rough	-0.44	0.22
superstitious	-0.43	0.09
harder	-0.43	0.33
bitterest	-0.43	0.16
needless	-0.43	0.16
volcanic	-0.42	0.12
primitive	-0.42	0.10
extraordinary	-0.42	0.45
frozen	-0.42	0.24
tragic	-0.42	0.29
exceptional	-0.42	0.31
overwhelming	-0.42	0.24
opposing	-0.42	0.24
partisan	-0.42	0.16
muddy	-0.42	0.19
rusty	-0.42	0.30
colorless	-0.41	0.27
electrical	-0.41	0.17
worldly	-0.41	0.12
hostile	-0.41	0.19
prevailing	-0.40	0.24
rigid	-0.40	0.14
alien	-0.40	0.13
improbable	-0.39	0.29
electoral	-0.39	0.22
mere	-0.39	0.12
commonplace	-0.39	0.14
pale	-0.39	0.45
innocent	-0.39	0.85
crooked	-0.38	0.22
insignificant	-0.38	0.13
drooping	-0.38	0.37
rugged	-0.37	0.31
turkish	-0.37	0.11
irresistible	-0.37	0.15
happier	-0.37	1.18
muffled	-0.37	0.23
rebellious	-0.37	0.24
presbyterian	-0.37	0.18
hind	-0.37	0.20
unaccountable	-0.37	0.34
incidental	-0.36	0.18
succeeding	-0.36	0.16
brooding	-0.36	0.17
corny	-0.34	0.12
noisy	-0.34	0.22
hardest	-0.33	0.41
interested	-0.33	0.31
unchanged	-0.33	0.21
quaint	-0.33	0.21
impetuous	-0.33	0.18
elective	-0.32	0.21
dingy	-0.32	0.23
avowed	-0.32	0.08
unusual	-0.32	0.35
ludicrous	-0.32	0.37
aggressive	-0.31	0.16
external	-0.31	0.20
revolutionary	-0.31	0.17
isolated	-0.31	0.19
dominant	-0.31	0.17
enormous	-0.31	0.27
different	-0.31	0.18
funny	-0.31	0.31
doubtful	-0.30	0.34
sharp	-0.30	0.18
swollen	-0.30	0.16
damp	-0.30	0.27
icy	-0.30	0.20
poorer	-0.30	0.32
piercing	-0.30	0.18
heavy	-0.29	0.15
scant	-0.29	0.23
remote	-0.29	0.08
silent	-0.29	0.27
objectionable	-0.28	0.38
unsatisfactory	-0.28	0.20
forbidding	-0.28	0.20
incredible	-0.28	0.18
clerical	-0.28	0.12
rubber	-0.28	0.08
wooden	-0.28	0.13
favorable	-0.28	1.12
inadequate	-0.27	0.22
uppermost	-0.27	0.14
defiant	-0.27	0.11
obscure	-0.27	0.13
consequent	-0.26	0.20
richer	-0.26	0.40
irregular	-0.25	0.06
defective	-0.25	0.21
sorrowful	-0.25	0.27
shorter	-0.25	0.21
smart	-0.25	0.97
deliberate	-0.25	0.08
absent	-0.25	0.12
imaginary	-0.25	0.17
vacant	-0.25	0.15
inferior	-0.25	0.20
fraught	-0.25	0.17
presidential	-0.25	0.25
tangled	-0.24	0.33
divers	-0.24	0.12
wilder	-0.24	0.26
assistant	-0.24	0.13
wrinkled	-0.23	0.36
feudal	-0.23	0.20
protective	-0.23	0.26
involuntary	-0.23	0.12
significant	-0.23	1.08
louder	-0.23	0.31
exclusive	-0.22	0.15
fore	-0.22	0.24
stimulating	-0.22	0.98
preceding	-0.22	0.23
sheer	-0.22	0.30
wiser	-0.22	0.40
african	-0.22	0.12
slow	-0.21	0.16
vivid	-0.21	0.85
geographical	-0.21	0.24
manifold	-0.21	0.27
youngest	-0.20	0.43
colossal	-0.20	0.26
excessive	-0.20	0.20
stern	-0.20	0.16
evident	-0.20	0.22
tearful	-0.20	0.23
deepening	-0.20	0.32
aryan	-0.20	0.12
stiff	-0.20	0.22
rickety	-0.20	0.16
cheaper	-0.20	0.34
unfinished	-0.19	0.19
purer	-0.19	0.41
distant	-0.19	0.29
loose	-0.19	0.16
solemn	-0.19	0.18
deserving	-0.19	0.12
peculiar	-0.19	0.33
incessant	-0.19	0.16
identical	-0.19	0.13
pending	-0.18	0.28
fuller	-0.18	0.36
tremulous	-0.18	0.30
suggestive	-0.18	1.03
sombre	-0.18	0.20
astonishing	-0.18	0.45
premature	-0.17	0.12
decayed	-0.17	0.18
unwonted	-0.17	0.21
heavier	-0.17	0.35
marvelous	-0.17	0.27
faint	-0.17	0.45
artificial	-0.17	0.13
lighter	-0.17	0.28
solar	-0.17	0.13
tory	-0.16	0.08
corporate	-0.16	0.27
due	-0.16	0.22
throbbing	-0.16	0.14
innumerable	-0.16	0.17
missing	-0.16	0.20
clearer	-0.16	0.39
honorary	-0.15	0.21
akin	-0.15	0.21
reluctant	-0.15	0.21
dearer	-0.15	0.33
outstretched	-0.15	0.29
prehistoric	-0.15	0.13
retreating	-0.14	0.09
democratic	-0.14	0.16
miraculous	-0.14	0.20
sane	-0.14	0.19
slight	-0.14	0.09
geological	-0.14	0.13
indian	-0.14	0.18
literal	-0.14	0.22
transient	-0.13	0.16
steep	-0.13	0.24
hoarse	-0.13	0.19
acute	-0.13	0.16
small	-0.12	0.14
aloof	-0.12	0.16
pecuniary	-0.12	0.11
ingenious	-0.12	0.16
keen	-0.12	0.13
trifling	-0.12	0.18
darker	-0.11	0.23
afloat	-0.11	0.16
prodigious	-0.11	0.27
stony	-0.11	0.20
rocky	-0.11	0.30
dry	-0.11	0.23
flickering	-0.11	0.30
urgent	-0.11	0.22
warmer	-0.11	0.35
devoid	-0.11	0.13
deeper	-0.10	0.28
magical	-0.10	0.23
long	-0.10	0.18
inclined	-0.10	0.25
applicable	-0.10	0.21
particular	-0.09	0.26
mature	-0.09	0.16
homeward	-0.09	0.17
great	-0.09	0.28
earlier	-0.09	0.22
glaring	-0.09	0.32
occasional	-0.09	0.21
late	-0.09	0.19
general	-0.08	0.16
tough	-0.08	0.24
exalted	-0.08	0.20
malay	-0.08	0.11
internal	-0.08	0.19
austrian	-0.08	0.10
inward	-0.07	0.05
current	-0.07	0.16
lurid	-0.07	0.41
previous	-0.07	0.25
yearly	-0.07	0.16
larger	-0.07	0.24
joint	-0.06	0.14
audible	-0.06	0.14
likely	-0.06	0.28
flat	-0.06	0.18
congressional	-0.06	0.14
indefinite	-0.06	0.15
bewildering	-0.06	0.23
mock	-0.06	0.21
righteous	-0.06	0.23
especial	-0.06	0.22
imperious	-0.06	0.14
neighboring	-0.05	0.15
fictitious	-0.05	0.17
special	-0.05	0.22
finer	-0.05	0.34
instinctive	-0.05	0.15
broader	-0.04	0.35
continual	-0.04	0.11
manifest	-0.04	0.16
aztec	-0.04	0.22
ceaseless	-0.04	0.22
respective	-0.04	0.11
common	-0.04	0.22
immediate	-0.04	0.16
convinced	-0.03	0.23
stronger	-0.03	0.35
underlying	-0.03	0.12
obvious	-0.03	0.26
successive	-0.03	0.14
shallow	-0.03	0.17
neolithic	-0.03	0.08
speedy	-0.03	0.23
flaming	-0.03	0.23
preliminary	-0.03	0.18
final	-0.03	0.23
creole	-0.03	0.19
ancestral	-0.03	0.10
burning	-0.02	0.22
corresponding	-0.02	0.19
insufficient	-0.02	0.21
smaller	-0.02	0.19
tall	-0.02	0.42
varying	-0.02	0.23
imperial	-0.02	0.14
numerous	-0.02	0.35
local	-0.02	0.13
presiding	-0.02	0.11
slippery	-0.02	0.12
municipal	-0.02	0.19
subordinate	-0.02	0.16
female	-0.02	0.18
bodily	-0.02	0.13
governing	-0.02	0.20
emotional	-0.01	0.12
civilized	-0.01	0.15
incomplete	-0.01	0.28
simpler	-0.01	0.28
extra	-0.01	0.20
ambitious	-0.01	0.12
cheap	-0.01	0.14
federal	-0.01	0.16
deficient	-0.01	0.21
protracted	-0.00	0.22
dried	-0.00	0.20
supernatural	-0.00	0.18
minor	-0.00	0.13
exacting	0.00	0.30
flattering	0.00	0.36
lesser	0.00	0.11
national	0.00	0.18
shrill	0.00	0.20
increasing	0.00	0.24
public	0.01	0.15
shifting	0.01	0.15
apparent	0.01	0.20
various	0.01	0.20
faintest	0.01	0.13
quaker	0.01	0.14
remarkable	0.01	0.55
prolonged	0.01	0.18
jewish	0.01	0.08
inter	0.01	0.18
decisive	0.01	0.27
parliamentary	0.02	0.16
swift	0.02	0.10
warlike	0.02	0.09
scottish	0.02	0.15
annual	0.02	0.18
wealthy	0.02	0.30
primeval	0.02	0.19
fiscal	0.02	0.20
complex	0.02	0.17
invisible	0.02	0.27
fiery	0.02	0.15
certain	0.02	0.21
whole	0.02	0.25
mournful	0.03	0.26
precise	0.03	0.16
popular	0.03	0.13
indescribable	0.03	0.20
bald	0.03	0.25
complicated	0.03	0.22
maritime	0.03	0.08
gratifying	0.03	1.09
western	0.03	0.10
sweeter	0.03	0.38
metropolitan	0.03	0.10
homely	0.03	0.13
masculine	0.04	0.15
meagre	0.04	0.20
unseen	0.04	0.26
nominal	0.04	0.19
sublime	0.04	0.17
circular	0.04	0.08
truer	0.04	0.34
additional	0.04	0.27
glacial	0.04	0.11
wholesale	0.04	0.15
traditional	0.04	0.19
canadian	0.04	0.14
comic	0.04	0.24
radical	0.04	0.17
electric	0.05	0.13
metallic	0.05	0.09
inherent	0.05	0.23
continental	0.05	0.08
gradual	0.05	0.18
unlikely	0.05	0.31
baptist	0.05	0.13
intense	0.06	0.19
conceivable	0.06	0.14
administrative	0.06	0.17
immense	0.06	0.29
defensive	0.06	0.08
underground	0.06	0.12
passionate	0.06	0.16
flourishing	0.07	0.14
desirous	0.07	0.28
junior	0.07	0.11
wet	0.07	0.28
quick	0.07	0.11
undue	0.07	0.19
wont	0.07	0.12
nobler	0.07	0.33
gilded	0.07	0.20
thin	0.07	0.40
personal	0.08	0.15
cold	0.08	0.25
foreign	0.08	0.06
lower	0.08	0.08
organic	0.08	0.14
chinese	0.08	0.09
international	0.08	0.16
laborious	0.08	0.30
civil	0.08	0.13
relative	0.08	0.21
projecting	0.08	0.12
large	0.09	0.17
episcopal	0.09	0.10
weekly	0.09	0.10
perceptible	0.09	0.17
heated	0.09	0.20
physical	0.09	0.09
following	0.09	0.36
social	0.09	0.16
provincial	0.09	0.08
freezing	0.10	0.24
scornful	0.10	0.21
eager	0.10	0.21
stout	0.10	0.33
maternal	0.10	0.19
irish	0.10	0.06
ruling	0.10	0.14
specific	0.10	0.16
industrial	0.10	0.17
slightest	0.10	0.15
eligible	0.10	0.20
mental	0.10	0.14
daily	0.11	0.22
rapid	0.11	0.14
pathetic	0.11	0.22
rainy	0.11	0.25
lingering	0.11	0.20
monthly	0.11	0.09
senior	0.11	0.13
private	0.12	0.12
inner	0.12	0.11
alternate	0.12	0.13
opposite	0.12	0.11
higher	0.12	0.18
real	0.12	0.13
miniature	0.12	0.22
average	0.12	0.17
colonial	0.12	0.08
dense	0.12	0.20
gray	0.12	0.37
venerable	0.12	0.23
editorial	0.12	0.11
oldest	0.13	0.29
sentimental	0.13	0.14
intervening	0.13	0.17
watchful	0.13	0.18
natural	0.13	0.14
sole	0.13	0.27
mexican	0.13	0.06
commercial	0.13	0.11
pleased	0.13	0.72
rightful	0.13	0.17
hebrew	0.13	0.04
beneficial	0.14	0.46
european	0.14	0.05
creditable	0.14	0.53
wider	0.14	0.25
unmistakable	0.14	0.19
marvellous	0.14	0.21
mocking	0.14	0.32
impossible	0.14	0.20
slim	0.14	0.40
whig	0.14	0.10
daring	0.14	0.09
financial	0.14	0.15
valid	0.14	0.21
nearest	0.14	0.13
direct	0.14	0.15
scanty	0.14	0.24
congregational	0.14	0.08
primary	0.15	0.17
ecclesiastical	0.15	0.10
double	0.15	0.14
total	0.15	0.28
suspicious	0.15	0.63
equivalent	0.15	0.16
thick	0.15	0.24
easier	0.15	0.28
cynical	0.15	0.17
remaining	0.16	0.08
swelling	0.16	0.15
territorial	0.16	0.11
shaggy	0.16	0.26
susceptible	0.16	0.25
frequent	0.16	0.13
quivering	0.16	0.25
circulating	0.16	0.10
distinct	0.16	0.11
unique	0.16	0.24
actual	0.16	0.18
fairer	0.16	0.39
original	0.16	0.09
marine	0.16	0.07
utter	0.16	0.98
prime	0.16	0.15
french	0.17	0.03
wondrous	0.17	0.20
indispensable	0.17	0.20
eventful	0.17	0.39
foregoing	0.17	0.19
british	0.17	0.03
political	0.17	0.13
protestant	0.17	0.07
passive	0.18	0.13
governmental	0.18	0.20
chief	0.18	0.16
visible	0.18	0.09
amateur	0.18	0.15
negative	0.18	0.25
greater	0.18	0.24
mediterranean	0.18	0.09
humorous	0.18	0.21
arctic	0.18	0.16
rustic	0.18	0.16
infernal	0.18	1.17
dusky	0.18	0.32
outer	0.18	0.19
native	0.19	0.05
considerable	0.19	0.25
eastern	0.19	0.09
prompt	0.19	0.19
present	0.19	0.23
russian	0.19	0.08
narrow	0.19	0.16
safer	0.20	0.27
orthodox	0.20	0.07
principal	0.20	0.10
new	0.20	0.11
northern	0.20	0.14
military	0.20	0.11
judicial	0.20	0.17
chemical	0.20	0.17
catholic	0.20	0.07
tangible	0.21	0.14
upper	0.21	0.06
single	0.21	0.11
adjacent	0.21	0.13
imperative	0.21	0.06
constitutional	0.21	0.22
smallest	0.21	0.11
strenuous	0.21	0.13
dutch	0.21	0.05
net	0.21	0.18
absorbing	0.21	0.31
domestic	0.21	0.08
other	0.21	0.20
lowest	0.21	0.11
impulsive	0.21	0.17
main	0.21	0.09
cupful	0.21	0.22
distinctive	0.21	0.16
dark	0.21	0.27
massive	0.22	0.20
english	0.22	0.04
stable	0.22	0.18
normal	0.22	0.15
stalwart	0.22	0.36
ancient	0.22	0.08
theoretical	0.22	0.09
ordinary	0.22	0.18
sweeping	0.22	0.13
misty	0.23	0.24
voluntary	0.23	0.05
straggling	0.23	0.24
critical	0.23	0.20
maximum	0.23	0.19
conclusive	0.23	0.20
roman	0.24	0.04
muscular	0.24	0.21
conventional	0.24	0.10
loud	0.24	0.21
moderate	0.24	0.15
separate	0.24	0.09
economic	0.24	0.14
individual	0.24	0.15
intellectual	0.25	0.15
german	0.25	0.04
greek	0.25	0.05
indebted	0.25	0.24
stray	0.25	0.19
arid	0.25	0.18
mercantile	0.25	0.11
shy	0.25	0.22
biggest	0.25	0.16
spanish	0.25	0.10
moral	0.25	0.14
modern	0.25	0.12
leading	0.25	0.03
american	0.26	0.05
legislative	0.26	0.14
mystic	0.26	0.20
foremost	0.26	0.20
important	0.26	0.34
decorative	0.26	0.14
chopped	0.26	0.22
prospective	0.26	0.13
olden	0.26	0.19
unanimous	0.26	0.20
effective	0.26	0.20
largest	0.27	0.16
central	0.27	0.09
constant	0.27	0.22
swiss	0.27	0.06
ready	0.28	0.22
legal	0.28	0.15
permanent	0.28	0.17
detailed	0.28	0.20
scotch	0.28	0.06
vast	0.28	0.27
enchanted	0.29	0.18
emphatic	0.29	0.16
forcible	0.29	0.10
acceptable	0.29	0.41
chilly	0.29	0.70
boiling	0.29	0.13
human	0.29	0.17
vedic	0.29	0.14
pensive	0.29	0.26
equal	0.29	0.26
countless	0.29	0.14
arched	0.29	0.20
adjoining	0.29	0.10
theological	0.30	0.09
royal	0.30	0.11
historic	0.30	0.13
grand	0.30	0.20
momentary	0.30	0.16
lawful	0.30	0.18
farthest	0.30	0.13
latent	0.30	0.09
egyptian	0.30	0.09
gothic	0.30	0.13
admiring	0.31	0.13
earliest	0.31	0.19
plaintive	0.31	0.25
eminent	0.31	0.12
positive	0.31	0.15
technical	0.31	0.15
curved	0.31	0.30
kindred	0.31	0.10
plausible	0.31	0.22
secondary	0.31	0.15
erect	0.31	0.22
unwelcome	0.31	0.63
penetrating	0.31	0.11
mechanical	0.31	0.14
habitual	0.32	0.13
black	0.32	0.29
unsuccessful	0.32	0.70
imaginative	0.32	0.24
secular	0.32	0.13
colored	0.32	0.17
oriental	0.32	0.04
clever	0.32	0.19
elementary	0.33	0.15
persian	0.33	0.07
ultimate	0.33	0.28
regular	0.33	0.10
prominent	0.33	0.14
elevated	0.33	0.10
spiritual	0.33	0.19
persistent	0.33	0.09
lavish	0.33	0.13
definite	0.34	0.12
ornamental	0.34	0.19
naval	0.34	0.12
aristocratic	0.34	0.12
short	0.34	0.10
tiny	0.34	0.32
sturdy	0.34	0.31
alert	0.34	0.14
enterprising	0.34	0.24
academic	0.34	0.16
practicable	0.35	0.24
convincing	0.35	0.16
limited	0.35	0.24
shrewd	0.35	0.26
abstract	0.35	0.14
realistic	0.35	0.32
enduring	0.35	0.15
italian	0.35	0.04
airy	0.35	0.27
lasting	0.36	0.16
literary	0.36	0.12
fundamental	0.36	0.19
miscellaneous	0.36	0.15
conservative	0.36	0.19
capable	0.36	0.20
tedious	0.37	0.73
independent	0.37	0.18
philosophical	0.37	0.18
high	0.37	0.09
strict	0.37	0.12
theatrical	0.37	0.14
difficult	0.37	0.70
notable	0.37	0.50
willing	0.37	0.22
professional	0.37	0.13
famous	0.37	0.07
historical	0.37	0.26
methodist	0.37	0.11
celebrated	0.37	0.05
ethical	0.38	0.10
imposing	0.38	0.21
illustrious	0.38	0.11
endless	0.38	0.21
vocal	0.38	0.10
southern	0.39	0.06
conspicuous	0.39	0.36
slender	0.39	0.41
speculative	0.39	0.20
transparent	0.39	0.17
phoenician	0.39	0.14
continuous	0.40	0.16
brighter	0.40	0.36
profound	0.40	0.20
comforting	0.40	0.81
favorite	0.40	0.18
advancing	0.41	0.77
mid	0.41	0.29
diplomatic	0.41	0.14
boundless	0.41	0.33
ascending	0.41	0.14
religious	0.42	0.11
hot	0.42	0.21
influential	0.42	0.11
dear	0.42	0.74
memorable	0.42	0.46
needful	0.42	0.20
easiest	0.42	0.20
consistent	0.42	0.18
adequate	0.43	0.29
expressive	0.43	0.18
practical	0.43	0.15
low	0.43	0.22
bold	0.43	0.13
japanese	0.43	0.09
creative	0.43	0.13
trim	0.44	0.38
reasonable	0.44	0.21
distinguished	0.44	0.15
triumphant	0.44	0.19
earthly	0.44	0.18
neat	0.45	0.28
legitimate	0.45	0.17
brown	0.45	0.32
victorious	0.45	0.11
elderly	0.46	0.69
casual	0.46	0.18
brief	0.46	0.14
liberal	0.46	0.14
haughty	0.46	0.13
logical	0.46	0.13
highest	0.47	0.17
satisfactory	0.47	0.34
boyish	0.47	0.23
lithe	0.47	0.40
blessed	0.47	0.99
aesthetic	0.47	0.13
humble	0.47	0.15
latest	0.47	0.18
scientific	0.47	0.15
supreme	0.48	0.28
rare	0.48	0.24
sacred	0.48	0.10
wide	0.48	0.13
close	0.48	0.14
varied	0.48	0.27
commanding	0.48	0.11
motherly	0.48	0.91
shasta	0.48	0.62
beneficent	0.48	1.12
impassioned	0.48	0.09
sufficient	0.49	0.25
saxon	0.49	0.11
classic	0.49	0.14
elastic	0.49	0.13
efficient	0.49	0.27
polished	0.49	0.16
orange	0.49	0.31
lofty	0.49	0.12
intelligible	0.49	0.15
concerned	0.50	0.68
deep	0.50	0.21
striking	0.50	0.56
gallant	0.50	0.21
plain	0.50	0.26
successful	0.50	0.14
classical	0.50	0.11
outward	0.50	0.17
vital	0.50	0.17
manual	0.51	0.19
characteristic	0.51	0.38
silvery	0.51	0.34
proper	0.51	0.20
paternal	0.52	0.19
prophetic	0.52	0.10
impartial	0.52	0.21
philosophic	0.52	0.08
preparatory	0.52	0.12
dramatic	0.52	0.29
fitting	0.52	0.15
illegal	0.53	0.55
unlimited	0.53	0.33
unbounded	0.53	0.36
strongest	0.53	0.22
possible	0.53	0.18
educational	0.53	0.21
necessary	0.54	0.20
dreamy	0.54	0.20
systematic	0.54	0.18
trailing	0.54	0.21
mediaeval	0.54	0.10
discreet	0.54	0.21
active	0.55	0.12
childish	0.55	0.62
shaded	0.55	0.31
gifted	0.55	0.16
red	0.55	0.33
skilled	0.55	0.14
sober	0.55	0.25
proud	0.56	0.62
fashionable	0.56	0.19
apt	0.56	0.54
progressive	0.56	0.14
contemporary	0.56	0.13
skillful	0.56	0.13
heroic	0.56	0.14
skilful	0.56	0.15
ripe	0.56	0.21
majestic	0.56	0.18
liquid	0.57	0.15
christian	0.57	0.13
eloquent	0.57	0.12
available	0.57	0.25
fit	0.58	0.23
yellow	0.58	0.35
simple	0.58	0.08
leafy	0.59	0.26
impressive	0.59	0.40
robust	0.59	0.26
ideal	0.60	0.18
intimate	0.60	0.29
decent	0.60	0.18
deepest	0.60	0.16
soothing	0.60	0.27
promising	0.61	0.36
worthy	0.61	0.13
fluttering	0.61	0.23
silken	0.61	0.33
elaborate	0.61	0.10
glittering	0.62	0.26
extensive	0.62	0.26
greatest	0.62	0.25
accessible	0.62	0.22
comprehensive	0.63	0.14
true	0.63	0.21
wedded	0.63	0.58
fearless	0.64	0.15
open	0.64	0.16
fastidious	0.64	0.32
convenient	0.64	0.23
confident	0.65	0.65
cautious	0.65	0.13
surrounding	0.65	0.16
apache	0.65	0.58
spontaneous	0.65	0.11
sloping	0.65	0.25
broad	0.66	0.20
alive	0.66	0.63
poetical	0.66	0.14
customary	0.66	0.10
simplest	0.67	0.14
productive	0.67	0.24
formal	0.67	0.19
secluded	0.67	0.28
coveted	0.68	0.64
holy	0.68	0.19
zealous	0.68	0.11
martial	0.68	0.13
firm	0.68	0.13
ruddy	0.68	0.38
expensive	0.69	0.62
luminous	0.69	0.24
solid	0.69	0.10
cultivated	0.69	0.18
rural	0.69	0.11
artistic	0.70	0.13
handsome	0.70	0.35
vigorous	0.70	0.14
fried	0.70	0.22
steady	0.70	0.13
economical	0.70	0.22
superior	0.71	0.79
sagacious	0.71	0.22
devoted	0.71	0.22
graphic	0.72	0.31
genuine	0.72	0.18
ethereal	0.72	0.27
partial	0.72	0.76
competent	0.72	0.27
white	0.73	0.36
ablest	0.73	0.17
smooth	0.73	0.23
crimson	0.73	0.35
luxurious	0.73	0.55
animated	0.73	0.20
rational	0.73	0.16
trustworthy	0.74	0.24
charitable	0.74	0.13
tropical	0.74	0.11
inland	0.74	0.66
inspiring	0.75	0.21
moist	0.75	0.29
medical	0.75	0.75
winding	0.75	0.24
feminine	0.75	0.11
stately	0.75	0.14
tempting	0.75	0.58
almighty	0.76	0.26
noticeable	0.76	0.72
inmost	0.77	0.16
youthful	0.77	0.27
immortal	0.77	0.28
judicious	0.77	0.24
ardent	0.77	0.15
scarlet	0.77	0.26
unspeakable	0.78	0.84
probable	0.78	0.72
gleaming	0.78	0.27
usual	0.78	0.16
lucky	0.79	0.43
darkest	0.79	0.15
typical	0.79	0.71
architectural	0.80	0.67
snowy	0.80	0.31
careful	0.80	0.17
encouraging	0.80	0.55
agricultural	0.80	0.16
wonderful	0.81	0.56
appropriate	0.82	0.66
subdued	0.82	0.23
interesting	0.82	1.00
winged	0.82	0.61
clean	0.82	0.25
fervent	0.82	0.08
healthy	0.83	0.21
superficial	0.83	0.65
sanguine	0.83	0.51
thrilling	0.83	0.59
energetic	0.83	0.20
glistening	0.83	0.25
orderly	0.84	0.15
joyful	0.84	0.61
reverent	0.84	0.15
extreme	0.84	0.80
sundry	0.84	0.58
nice	0.84	0.67
magnificent	0.85	0.12
resolute	0.85	0.20
substantial	0.85	0.08
hopeful	0.85	0.56
blue	0.86	0.33
accurate	0.86	0.18
purple	0.86	0.34
familiar	0.87	0.63
undisturbed	0.88	0.16
prettiest	0.89	0.56
green	0.89	0.35
ample	0.90	0.75
respectable	0.91	0.13
requisite	0.91	0.76
staid	0.91	0.54
musical	0.92	0.13
rippling	0.92	0.22
delighted	0.92	0.47
enthusiastic	0.92	0.17
grassy	0.93	0.29
hardy	0.93	0.22
sympathetic	0.94	0.22
shining	0.94	0.30
gorgeous	0.95	0.17
candid	0.95	0.21
earnest	0.95	0.15
exact	0.95	0.76
wisest	0.96	0.23
spacious	0.97	0.12
thoughtful	0.97	0.19
inexhaustible	0.97	0.74
truest	0.97	0.13
manly	0.98	0.24
boiled	0.98	0.51
clear	0.98	0.17
amusing	0.98	0.53
refined	0.98	0.17
costly	0.98	0.16
honorable	0.99	0.21
venetian	0.99	0.17
devout	0.99	0.13
rich	1.00	0.23
happiest	1.00	0.73
strong	1.00	0.60
dearest	1.00	0.54
mellow	1.00	0.24
industrious	1.01	0.22
antique	1.01	0.69
noblest	1.01	0.15
fertile	1.02	0.15
steadfast	1.02	0.15
early	1.02	0.58
fond	1.03	0.46
thrifty	1.03	0.18
imperfect	1.03	0.80
intelligent	1.04	0.26
essential	1.05	0.74
utmost	1.05	0.83
splendid	1.05	0.14
prudent	1.06	0.29
absolute	1.06	0.97
warm	1.06	0.27
blest	1.06	0.59
comparative	1.06	0.79
mutual	1.07	0.67
virtuous	1.07	0.22
beloved	1.07	0.53
celestial	1.08	0.29
suitable	1.08	0.63
respectful	1.08	0.18
finest	1.08	0.20
favourite	1.08	0.50
straightforward	1.09	0.15
plump	1.09	0.66
everlasting	1.10	0.67
noble	1.10	0.17
brightest	1.10	0.22
agreeable	1.10	0.91
meek	1.10	0.17
conscientious	1.11	0.26
pleasing	1.11	0.82
blonde	1.11	0.69
universal	1.11	0.82
loyal	1.12	0.21
confidential	1.12	0.56
rounded	1.12	0.60
purest	1.12	0.15
pious	1.13	0.21
guiding	1.13	0.61
crisp	1.14	0.21
romantic	1.14	0.48
disinterested	1.14	0.22
poetic	1.14	0.52
spirited	1.14	0.16
elegant	1.14	0.19
perpetual	1.14	0.51
sure	1.14	0.56
wooded	1.15	0.62
desirable	1.15	0.61
fruitful	1.15	0.41
tenderest	1.15	0.20
precious	1.16	0.46
truthful	1.16	0.19
free	1.17	0.51
courageous	1.17	0.28
infinite	1.17	0.82
patriotic	1.17	0.31
attentive	1.18	0.30
faithful	1.18	0.22
unbroken	1.18	0.64
humane	1.18	0.30
richest	1.18	0.21
entire	1.19	0.88
goodly	1.20	0.60
unselfish	1.20	0.23
sincere	1.22	0.18
fullest	1.22	0.75
golden	1.23	0.33
useful	1.23	0.57
sweetest	1.23	0.22
bridal	1.24	0.49
tolerable	1.24	0.69
easy	1.25	0.41
instructive	1.26	0.68
brilliant	1.28	0.20
divine	1.28	0.72
thorough	1.29	0.67
superb	1.29	0.49
complete	1.31	0.79
dignified	1.31	0.17
modest	1.31	0.14
pink	1.31	0.69
eternal	1.32	0.76
safe	1.32	0.42
content	1.33	0.53
delicate	1.33	0.60
longest	1.33	0.41
temperate	1.33	0.17
dazzling	1.34	0.57
considerate	1.35	0.17
blissful	1.35	0.55
obedient	1.35	0.53
picturesque	1.36	0.48
harmonious	1.37	0.53
amiable	1.38	0.22
full	1.38	0.58
calm	1.39	0.20
brave	1.40	0.66
roast	1.40	0.53
affectionate	1.41	0.20
dainty	1.41	0.56
tender	1.41	0.46
sensible	1.41	0.71
profitable	1.43	0.52
soft	1.43	0.64
fragrant	1.43	0.64
womanly	1.45	0.46
prosperous	1.46	0.50
girlish	1.47	0.51
fairest	1.47	0.41
lively	1.48	0.44
fair	1.48	0.61
wise	1.48	0.71
graceful	1.49	0.55
mild	1.50	0.46
generous	1.51	0.19
valuable	1.51	0.52
rosy	1.52	0.65
glorious	1.52	0.40
merry	1.52	0.50
grateful	1.52	0.42
placid	1.53	0.44
sheltered	1.53	0.50
glad	1.54	0.43
buoyant	1.54	0.48
courteous	1.55	0.22
blooming	1.57	0.63
loveliest	1.57	0.48
enlightened	1.58	0.67
glowing	1.58	0.50
merciful	1.58	0.44
abundant	1.59	0.65
plentiful	1.59	0.54
loving	1.61	0.38
best	1.63	0.60
gracious	1.64	0.18
shady	1.65	0.55
fine	1.65	0.54
comfortable	1.66	0.39
congenial	1.67	0.55
honest	1.68	0.63
reliable	1.68	0.68
healthful	1.69	0.35
polite	1.69	0.42
pure	1.70	0.45
tranquil	1.71	0.44
benevolent	1.71	0.57
fascinating	1.72	0.51
brisk	1.72	0.49
refreshing	1.74	0.50
quiet	1.74	0.38
heavenly	1.76	0.52
friendly	1.77	0.49
busy	1.78	0.41
gentle	1.79	0.40
cool	1.79	0.45
bright	1.82	0.40
radiant	1.83	0.51
gay	1.85	0.44
wholesome	1.86	0.43
serene	1.87	0.36
cordial	1.87	0.45
dewy	1.88	0.52
peaceful	1.89	0.41
jolly	1.90	0.37
sparkling	1.94	0.41
entertaining	1.97	0.50
beaming	1.97	0.35
admirable	1.98	0.47
delicious	1.98	0.40
cheery	1.99	0.44
genial	2.00	0.39
enchanting	2.02	0.37
fresh	2.05	0.40
helpful	2.05	0.32
joyous	2.08	0.43
exquisite	2.08	0.42
beautiful	2.08	0.33
attractive	2.10	0.45
thankful	2.11	0.33
cheerful	2.12	0.40
hospitable	2.14	0.38
hearty	2.20	0.33
charming	2.21	0.26
sweet	2.23	0.31
sunny	2.39	0.27
