miserable	-3.06	0.31
sick	-2.79	0.44
awful	-2.77	0.29
pitiful	-2.71	0.40
uncomfortable	-2.69	0.64
wretched	-2.66	0.53
stricken	-2.60	0.47
homesick	-2.59	0.51
hideous	-2.59	0.76
helpless	-2.53	0.62
hateful	-2.50	0.42
forlorn	-2.49	0.51
cruel	-2.48	0.77
lonely	-2.47	0.55
cowardly	-2.39	0.36
ugly	-2.39	0.80
nasty	-2.36	0.54
crippled	-2.33	0.62
deadly	-2.32	0.94
shameful	-2.30	0.54
blind	-2.28	0.60
terrible	-2.28	0.79
tired	-2.28	0.52
horrid	-2.24	0.70
ghastly	-2.21	0.79
dreadful	-2.19	0.77
drunk	-2.19	0.59
monstrous	-2.19	0.91
mortal	-2.18	0.87
weak	-2.18	0.64
frightful	-2.17	0.73
thirsty	-2.17	0.59
sore	-2.16	0.53
dishonest	-2.12	0.47
wicked	-2.11	0.72
heartless	-2.11	0.50
fearful	-2.08	0.73
worried	-2.07	0.61
hungry	-2.04	0.57
dismal	-2.04	0.68
afraid	-2.03	0.55
sinister	-2.02	0.77
filthy	-2.01	0.47
uncommon	-2.01	0.79
unspeakable	-2.00	0.72
precarious	-1.99	0.66
stupid	-1.99	0.51
unfavorable	-1.98	0.61
disappointed	-1.96	0.67
deplorable	-1.95	0.77
feeble	-1.95	0.67
selfish	-1.95	0.63
relentless	-1.95	0.70
lame	-1.94	0.68
uneasy	-1.93	0.65
ignorant	-1.93	0.65
fatal	-1.93	0.54
crazy	-1.92	0.62
eskimo	-1.92	0.74
angry	-1.91	0.72
sickening	-1.90	0.78
frightened	-1.90	0.53
sordid	-1.89	0.65
deaf	-1.89	0.53
tragic	-1.88	0.57
malicious	-1.88	0.78
rebellious	-1.88	0.63
poisonous	-1.87	0.84
worrying	-1.87	0.43
dumb	-1.86	0.58
guilty	-1.84	0.59
vicious	-1.84	0.80
inefficient	-1.83	0.56
harmful	-1.82	0.70
dangerous	-1.82	0.50
shocking	-1.82	0.67
dizzy	-1.81	0.62
greedy	-1.80	0.48
dead	-1.79	0.67
appalling	-1.79	0.71
ridiculous	-1.77	0.46
outrageous	-1.77	0.75
dire	-1.77	0.65
chronic	-1.76	0.64
disturbing	-1.76	0.65
undesirable	-1.76	0.64
cunning	-1.76	0.88
false	-1.76	0.63
defective	-1.75	0.65
starving	-1.75	0.69
injurious	-1.75	0.52
indignant	-1.74	0.66
dependent	-1.73	0.75
treacherous	-1.73	0.85
painful	-1.73	0.61
unnatural	-1.72	0.76
terrifying	-1.72	0.89
unkind	-1.70	0.75
weary	-1.70	0.37
vile	-1.68	0.82
restless	-1.68	0.76
savage	-1.66	0.38
hopeless	-1.66	0.18
ill	-1.64	0.83
worst	-1.63	0.91
silly	-1.63	0.52
bruised	-1.62	0.27
sorry	-1.62	0.73
illiterate	-1.61	0.75
unexpected	-1.60	0.76
brutal	-1.60	0.27
inevitable	-1.60	0.81
jealous	-1.60	0.59
alien	-1.59	0.79
grotesque	-1.59	0.86
severe	-1.58	0.62
ashamed	-1.57	0.67
lonesome	-1.57	0.35
sad	-1.55	0.70
aching	-1.55	0.26
immoral	-1.54	0.35
serious	-1.53	0.68
bloody	-1.51	0.45
mad	-1.50	0.17
weird	-1.49	0.90
bleeding	-1.49	0.18
dazed	-1.47	0.29
incompetent	-1.47	0.20
scared	-1.46	0.36
corrupt	-1.46	0.16
uncanny	-1.45	0.77
destructive	-1.43	0.84
desolate	-1.42	0.32
insane	-1.41	0.23
vulgar	-1.41	0.18
wounded	-1.41	0.27
sleepy	-1.41	0.35
unscrupulous	-1.40	0.28
overwhelming	-1.39	0.85
innocent	-1.39	1.04
unfair	-1.38	0.25
limp	-1.38	0.32
fierce	-1.38	0.32
disagreeable	-1.37	0.75
despairing	-1.37	0.18
unjust	-1.36	0.21
insolent	-1.36	0.24
impotent	-1.33	0.14
uncertain	-1.31	0.75
foxy	-1.31	0.66
bewildered	-1.30	0.30
brooding	-1.30	0.75
disgusted	-1.30	0.40
spotted	-1.29	0.75
damned	-1.29	0.92
exceptional	-1.29	0.87
vindictive	-1.28	0.40
ole	-1.27	0.59
abnormal	-1.27	0.82
needless	-1.27	0.19
terrific	-1.26	0.34
ruthless	-1.26	0.27
useless	-1.26	0.13
ferocious	-1.25	0.49
dirty	-1.24	0.25
nervous	-1.23	0.30
foolish	-1.23	0.18
rude	-1.23	0.66
momentary	-1.23	0.78
embarrassed	-1.22	0.41
inexplicable	-1.22	0.78
worse	-1.21	1.00
sudden	-1.20	0.26
furious	-1.19	0.11
foul	-1.19	0.75
lifeless	-1.19	0.27
indifferent	-1.18	0.26
wrong	-1.18	0.96
terrified	-1.17	0.25
annoyed	-1.16	0.44
unwise	-1.15	0.18
common	-1.15	0.92
lesser	-1.14	0.96
howling	-1.14	0.20
naughty	-1.14	0.75
confused	-1.14	0.30
peculiar	-1.14	0.92
adverse	-1.14	0.81
disastrous	-1.13	1.11
objectionable	-1.12	0.55
poignant	-1.12	0.79
absurd	-1.11	0.18
mute	-1.11	0.25
intolerable	-1.10	0.15
depressed	-1.10	0.34
worthless	-1.08	0.18
desirable	-1.06	0.84
singular	-1.06	0.73
bored	-1.05	0.34
drunken	-1.05	0.19
unreasonable	-1.05	0.20
languid	-1.04	0.26
bitter	-1.03	0.31
futile	-1.03	0.15
unnecessary	-1.03	0.16
insignificant	-1.02	0.20
grim	-1.02	0.35
miraculous	-1.02	0.72
criminal	-1.02	0.30
inadequate	-1.02	0.22
spectacular	-1.01	0.89
surprised	-1.00	0.40
swollen	-0.99	0.20
typhoid	-0.99	0.30
oppressive	-0.99	0.26
battered	-0.99	0.22
slippery	-0.98	0.78
absent	-0.98	0.13
irresponsible	-0.98	0.19
untrue	-0.97	0.23
preoccupied	-0.97	0.32
impatient	-0.97	0.33
trivial	-0.97	0.14
premature	-0.95	0.33
harmless	-0.95	0.25
haggard	-0.95	0.26
rightful	-0.95	0.91
speechless	-0.95	0.19
unreal	-0.95	0.30
cramped	-0.95	0.23
dreary	-0.94	0.24
shocked	-0.94	0.41
secret	-0.94	0.98
petty	-0.93	0.16
prostrate	-0.92	0.29
alarming	-0.91	0.23
amazed	-0.91	0.30
incomprehensible	-0.91	0.23
humiliating	-0.91	0.85
impending	-0.91	0.25
arbitrary	-0.90	0.18
unworthy	-0.89	0.11
suspicious	-0.89	0.26
discouraging	-0.89	0.87
violent	-0.89	0.19
unconscious	-0.88	0.28
gross	-0.87	0.36
dingy	-0.86	0.21
morbid	-0.85	0.19
breathless	-0.85	0.16
inert	-0.85	0.14
illegal	-0.84	0.15
devoid	-0.84	0.21
arid	-0.84	0.09
depressing	-0.83	0.19
dissatisfied	-0.83	0.34
rash	-0.82	0.17
unequal	-0.82	0.20
puzzled	-0.82	0.34
alleged	-0.82	0.26
sombre	-0.81	0.17
menacing	-0.81	0.21
misleading	-0.81	0.17
superfluous	-0.81	0.11
frivolous	-0.80	0.17
unsatisfactory	-0.79	0.35
excited	-0.79	0.39
obsolete	-0.78	0.13
astonished	-0.78	0.35
outraged	-0.77	0.22
preposterous	-0.77	0.22
old	-0.76	0.81
sullen	-0.76	0.20
incredible	-0.76	0.38
tremendous	-0.76	0.40
defiant	-0.75	0.20
wholesale	-0.75	0.20
empty	-0.75	0.21
sickly	-0.75	0.37
cocky	-0.75	0.19
inconceivable	-0.75	0.22
motionless	-0.74	0.25
blank	-0.74	0.20
wild	-0.74	0.22
cheap	-0.74	0.19
pathetic	-0.74	0.30
wise	-0.74	0.80
prussian	-0.73	0.11
ghostly	-0.73	0.48
unimportant	-0.73	0.19
supernatural	-0.73	1.05
aware	-0.73	0.21
conscious	-0.72	0.15
unlikely	-0.72	0.21
incapable	-0.72	0.19
earthly	-0.71	0.98
hysterical	-0.71	0.18
doubtful	-0.71	0.22
unavoidable	-0.71	1.08
frantic	-0.71	0.07
awake	-0.70	0.26
timid	-0.69	0.32
winged	-0.69	0.95
trifling	-0.69	0.09
desperate	-0.69	0.12
unsuccessful	-0.68	0.10
pallid	-0.68	0.29
irritating	-0.68	0.35
awed	-0.67	0.28
beneficial	-0.67	0.30
dubious	-0.67	0.32
plain	-0.67	0.81
unused	-0.66	0.17
crooked	-0.66	0.17
passionate	-0.66	0.14
prickly	-0.66	0.25
stiff	-0.65	0.20
obstinate	-0.65	0.17
colossal	-0.65	0.38
beneficent	-0.64	1.01
reckless	-0.64	0.18
irrelevant	-0.64	0.24
rotten	-0.64	1.01
unaccustomed	-0.64	0.13
stationary	-0.63	0.21
exaggerated	-0.63	0.13
funny	-0.63	0.80
prevalent	-0.63	0.22
aged	-0.63	0.45
holy	-0.63	1.18
negligible	-0.63	0.10
scornful	-0.63	0.16
poorer	-0.63	0.31
furtive	-0.60	0.26
gigantic	-0.60	0.43
meaningless	-0.60	0.28
asleep	-0.60	0.33
sentimental	-0.60	0.26
heathen	-0.59	0.17
dull	-0.58	0.28
gloomy	-0.58	0.24
insistent	-0.58	0.17
anxious	-0.58	0.30
lone	-0.58	0.28
unfit	-0.57	0.21
oblivious	-0.57	0.20
powerless	-0.56	0.18
clumsy	-0.56	0.17
melancholy	-0.55	0.25
perilous	-0.55	0.22
monotonous	-0.54	0.15
prone	-0.54	0.16
crowning	-0.54	0.21
hereditary	-0.53	0.15
sly	-0.53	0.27
rusty	-0.53	0.20
present	-0.53	0.26
undue	-0.53	0.16
speculative	-0.53	0.11
naked	-0.53	0.27
outstanding	-0.53	0.31
countless	-0.53	0.29
queer	-0.52	0.70
crushing	-0.52	0.25
ceaseless	-0.51	0.20
accidental	-0.51	0.20
cynical	-0.51	0.22
awkward	-0.51	0.25
acute	-0.50	0.15
solitary	-0.50	0.21
imminent	-0.50	0.22
commonplace	-0.50	0.20
incidental	-0.50	0.19
mournful	-0.50	0.37
astounding	-0.50	0.29
significant	-0.50	0.91
astonishing	-0.49	0.34
noticeable	-0.48	0.32
indefinite	-0.48	0.15
supposed	-0.47	0.31
wan	-0.47	0.27
fleeting	-0.47	0.17
extravagant	-0.47	0.15
involuntary	-0.47	0.08
impossible	-0.47	0.22
improbable	-0.46	1.06
mysterious	-0.46	0.30
extraordinary	-0.46	0.37
ominous	-0.46	0.41
feasible	-0.46	0.24
raw	-0.46	0.11
unprecedented	-0.46	0.25
unskilled	-0.46	0.29
blinding	-0.45	0.29
remote	-0.45	0.12
unnoticed	-0.45	0.17
contemptuous	-0.45	0.16
haughty	-0.45	0.18
untouched	-0.45	0.19
embarrassing	-0.45	0.32
intense	-0.44	0.09
inferior	-0.44	0.18
surprising	-0.44	0.37
retail	-0.44	0.11
cerebellar	-0.44	0.21
stupendous	-0.44	0.36
insufficient	-0.43	0.15
impulsive	-0.43	0.18
bleak	-0.43	0.28
mere	-0.43	0.14
manifest	-0.42	0.14
swift	-0.42	0.14
unaware	-0.41	0.21
partisan	-0.41	0.13
silent	-0.41	0.26
interminable	-0.41	0.16
hired	-0.41	0.30
revolving	-0.41	0.22
indian	-0.40	0.15
financial	-0.40	0.18
native	-0.40	0.20
unknown	-0.40	0.16
feverish	-0.39	0.18
greasy	-0.39	0.28
underground	-0.39	0.11
harsh	-0.39	0.29
sensitive	-0.39	0.92
fantastic	-0.38	0.33
questionable	-0.38	0.28
obscure	-0.38	0.11
passive	-0.38	0.22
probable	-0.38	0.42
watchful	-0.37	0.21
dusty	-0.37	0.20
isolated	-0.37	0.17
irregular	-0.36	0.15
shabby	-0.36	0.31
bewildering	-0.36	0.30
vague	-0.36	0.18
polar	-0.35	0.15
forbidding	-0.35	0.15
quivering	-0.35	0.26
advisable	-0.35	0.24
imaginary	-0.35	0.25
abrupt	-0.34	0.19
amused	-0.34	0.34
kinder	-0.34	0.39
notorious	-0.33	0.22
young	-0.33	0.90
obvious	-0.33	0.21
formidable	-0.33	0.26
inclined	-0.33	0.15
slight	-0.33	0.10
invisible	-0.32	0.15
sled	-0.32	0.14
unmarried	-0.32	0.42
indirect	-0.32	0.13
stray	-0.32	0.18
unmoved	-0.32	0.22
bare	-0.32	0.23
incessant	-0.31	0.20
sheer	-0.30	0.17
aggressive	-0.30	0.06
worldly	-0.30	0.24
sour	-0.30	0.22
distressing	-0.30	0.99
giant	-0.29	0.31
warring	-0.29	0.22
identical	-0.29	0.15
prodigious	-0.29	0.29
unseen	-0.29	0.17
unusual	-0.29	0.35
competitive	-0.29	0.11
visual	-0.29	0.12
artificial	-0.29	0.14
quick	-0.29	0.13
rigid	-0.29	0.11
mystic	-0.28	0.23
differential	-0.28	0.12
perceptible	-0.28	0.08
unwilling	-0.28	0.12
monastic	-0.28	0.08
armed	-0.28	0.15
irresistible	-0.27	0.13
presbyterian	-0.27	0.13
widespread	-0.27	0.16
filipino	-0.27	0.13
potent	-0.27	0.22
avowed	-0.27	0.15
crude	-0.27	0.10
coarse	-0.27	0.21
tame	-0.27	0.26
elevated	-0.27	0.18
grimy	-0.26	0.23
corporate	-0.26	0.15
oblong	-0.26	0.18
strict	-0.25	0.13
stubborn	-0.25	0.10
hostile	-0.25	0.14
negative	-0.25	0.17
advancing	-0.25	0.15
rough	-0.25	0.20
conflicting	-0.24	0.14
exacting	-0.24	0.11
similar	-0.23	0.26
huge	-0.23	0.27
relative	-0.23	0.18
darned	-0.23	1.05
wee	-0.23	0.40
cautious	-0.23	0.22
unlimited	-0.22	0.21
internal	-0.22	0.14
physical	-0.22	0.13
hind	-0.22	0.13
barren	-0.22	0.28
double	-0.22	0.15
troublesome	-0.21	0.24
extreme	-0.21	0.19
naval	-0.21	0.12
elementary	-0.21	0.16
rubber	-0.21	0.08
conspicuous	-0.21	0.24
applicable	-0.21	0.16
loose	-0.21	0.16
susceptible	-0.21	0.19
certain	-0.20	0.22
forthcoming	-0.20	0.19
slightest	-0.20	0.12
slack	-0.20	0.21
voluntary	-0.20	0.11
careless	-0.20	0.23
automatic	-0.20	0.08
tangled	-0.19	0.17
muddy	-0.19	0.24
inward	-0.19	0.13
partial	-0.19	0.20
puzzling	-0.19	0.37
secondary	-0.19	0.10
little	-0.19	1.08
mischievous	-0.19	1.22
triple	-0.18	0.18
excessive	-0.18	0.11
minor	-0.18	0.15
everyday	-0.18	0.24
structural	-0.18	0.18
retreating	-0.18	0.14
immediate	-0.18	0.22
advantageous	-0.17	0.39
other	-0.17	0.15
humble	-0.17	0.28
commercial	-0.17	0.14
enormous	-0.17	0.19
plausible	-0.17	0.22
surrounding	-0.16	0.13
immense	-0.16	0.24
unfriendly	-0.16	0.28
private	-0.16	0.16
rumanian	-0.16	0.16
likely	-0.16	0.81
general	-0.15	0.19
increasing	-0.15	0.14
equivalent	-0.15	0.07
compulsory	-0.15	0.08
defensive	-0.15	0.10
postal	-0.15	0.08
consequent	-0.15	0.19
perpetual	-0.15	0.16
sweeping	-0.15	0.25
vocal	-0.15	0.23
male	-0.15	0.13
specific	-0.15	0.18
drastic	-0.15	0.16
prolonged	-0.14	0.13
especial	-0.14	0.26
apparent	-0.14	0.22
belligerent	-0.14	0.11
imperative	-0.14	0.10
darn	-0.14	0.80
instinctive	-0.14	0.19
fiscal	-0.14	0.11
female	-0.14	0.13
distinct	-0.13	0.19
practicable	-0.13	0.26
mighty	-0.13	1.07
afloat	-0.13	0.09
judicial	-0.13	0.14
impenetrable	-0.13	0.19
kayan	-0.13	0.13
wooden	-0.13	0.15
urgent	-0.12	0.13
renewed	-0.12	0.08
wistful	-0.12	1.04
concerned	-0.12	0.21
anonymous	-0.12	0.20
inherent	-0.12	0.18
scotch	-0.12	0.12
longest	-0.12	0.19
innumerable	-0.12	0.11
different	-0.12	0.24
total	-0.11	0.22
muscular	-0.11	0.07
startling	-0.11	0.42
endless	-0.11	0.14
difficult	-0.11	0.19
sensational	-0.11	0.39
boundless	-0.11	0.14
elder	-0.11	0.33
respective	-0.11	0.09
fore	-0.11	0.12
mental	-0.11	0.18
individual	-0.11	0.23
dusky	-0.10	0.26
federal	-0.10	0.09
arctic	-0.10	0.10
exclusive	-0.10	0.15
imperial	-0.10	0.12
persistent	-0.10	0.13
rapid	-0.10	0.19
actual	-0.10	0.21
comic	-0.10	0.12
emphatic	-0.10	0.17
eccentric	-0.10	0.13
dim	-0.10	0.19
unmistakable	-0.10	0.16
soiled	-0.10	0.29
tropical	-0.10	0.15
local	-0.10	0.09
mock	-0.10	0.15
collective	-0.09	0.13
outstretched	-0.09	0.23
reluctant	-0.09	0.17
gradual	-0.09	0.14
specialized	-0.09	0.12
existing	-0.09	0.11
imposing	-0.09	0.21
clever	-0.09	0.23
hard	-0.09	0.22
consolidated	-0.09	0.10
apt	-0.08	0.17
valid	-0.08	0.19
eldest	-0.08	0.27
small	-0.08	0.19
public	-0.08	0.15
physiological	-0.08	0.10
theoretical	-0.08	0.09
intervening	-0.08	0.09
condensed	-0.08	0.16
ingenious	-0.08	0.14
chemical	-0.08	0.11
sovereign	-0.08	0.29
equal	-0.08	0.13
traditional	-0.07	0.10
potential	-0.07	0.09
unprepared	-0.07	0.82
slow	-0.07	0.19
foreign	-0.07	0.14
interested	-0.07	0.34
hasty	-0.07	0.07
domestic	-0.06	0.15
freezing	-0.06	0.11
tense	-0.06	0.15
constant	-0.06	0.11
blackened	-0.06	0.25
visible	-0.06	0.09
african	-0.06	0.07
territorial	-0.06	0.10
approximate	-0.06	0.11
great	-0.06	0.27
administrative	-0.06	0.09
impersonal	-0.05	0.20
civil	-0.05	0.11
temporary	-0.05	0.18
municipal	-0.05	0.09
superficial	-0.05	0.08
principal	-0.05	0.16
erect	-0.05	0.15
primitive	-0.05	0.12
audible	-0.05	0.21
piercing	-0.05	0.21
nice	-0.05	0.83
throbbing	-0.05	0.20
doctrinal	-0.04	0.09
external	-0.04	0.13
personal	-0.04	0.15
offensive	-0.04	0.12
plentiful	-0.04	0.16
musical	-0.04	0.16
correct	-0.04	0.25
long	-0.04	0.14
direct	-0.04	0.12
aloof	-0.04	0.19
independent	-0.04	0.13
typical	-0.04	0.22
auxiliary	-0.04	0.10
cooperative	-0.03	0.07
shrewd	-0.03	0.20
theological	-0.03	0.09
military	-0.03	0.09
belgian	-0.03	0.08
explosive	-0.03	0.21
diverse	-0.03	0.19
superior	-0.03	0.13
reformed	-0.03	0.08
danish	-0.03	0.15
ragged	-0.02	0.25
adventurous	-0.02	0.13
extra	-0.02	0.08
evangelical	-0.02	0.12
latent	-0.02	0.25
presidential	-0.02	0.13
conceivable	-0.02	0.26
dense	-0.02	0.24
prevailing	-0.02	0.09
strange	-0.02	0.86
strategic	-0.02	0.12
governmental	-0.01	0.10
lawful	-0.01	0.18
responsible	-0.01	0.22
legal	-0.01	0.12
precise	-0.01	0.10
steep	-0.01	0.17
considerable	-0.01	0.18
academic	-0.00	0.07
complicated	-0.00	0.17
winding	-0.00	0.18
austrian	-0.00	0.12
alert	-0.00	0.20
reserve	-0.00	0.09
persian	-0.00	0.10
soaring	-0.00	0.14
egyptian	-0.00	0.13
special	-0.00	0.27
characteristic	0.00	0.28
louder	0.00	0.20
ancient	0.00	0.15
detached	0.00	0.13
maternal	0.01	0.09
shallow	0.01	0.15
constitutional	0.01	0.19
lutheran	0.01	0.13
fundamental	0.01	0.13
necessary	0.01	0.21
subordinate	0.01	0.17
outward	0.01	0.17
smallest	0.01	0.06
wooded	0.01	0.22
worthy	0.01	0.20
vast	0.01	0.22
important	0.01	0.29
varying	0.01	0.20
powerful	0.02	0.20
previous	0.02	0.24
natural	0.02	0.24
hardened	0.02	0.17
alive	0.03	0.26
flattering	0.03	0.27
socialistic	0.03	0.18
stormy	0.03	0.18
skillful	0.03	0.13
hardest	0.03	0.32
turkish	0.03	0.07
comparable	0.03	0.13
urban	0.03	0.23
incomplete	0.03	0.22
electrical	0.03	0.07
protestant	0.04	0.14
allied	0.04	0.12
economic	0.04	0.13
strenuous	0.04	0.16
yearly	0.04	0.08
cubic	0.04	0.05
shadowy	0.04	0.22
blunt	0.04	0.18
eutectic	0.04	0.13
distinctive	0.04	0.21
primary	0.04	0.14
frozen	0.05	0.17
arab	0.05	0.08
kindred	0.05	0.19
particular	0.05	0.25
legitimate	0.05	0.14
flourishing	0.05	0.19
keenest	0.05	0.12
exact	0.05	0.22
swiss	0.05	0.15
logical	0.05	0.20
noteworthy	0.05	0.32
conventional	0.06	0.09
german	0.06	0.13
gaunt	0.06	0.29
bodily	0.06	0.21
rural	0.06	0.15
terminal	0.06	0.09
armored	0.06	0.04
mechanical	0.06	0.11
compelling	0.06	0.12
sticky	0.06	0.25
pagan	0.06	0.16
chief	0.06	0.20
slower	0.06	0.21
atomic	0.06	0.05
central	0.06	0.07
innate	0.07	0.14
critical	0.07	0.15
weaker	0.07	0.26
marine	0.07	0.06
teutonic	0.07	0.16
baptist	0.07	0.18
hoarse	0.07	0.29
homogeneous	0.07	0.04
flickering	0.07	0.30
lighter	0.07	0.30
willing	0.07	0.29
european	0.07	0.09
hebrew	0.08	0.15
catholic	0.08	0.16
japanese	0.08	0.08
childish	0.08	0.30
greater	0.08	0.17
scanty	0.08	0.13
muffled	0.08	0.30
deliberate	0.08	0.12
russian	0.08	0.13
various	0.08	0.14
daily	0.08	0.11
habitual	0.08	0.16
sacred	0.08	0.27
irish	0.08	0.08
orthodox	0.08	0.16
swedish	0.08	0.09
mediterranean	0.08	0.05
immortal	0.08	0.24
authentic	0.08	0.24
parliamentary	0.08	0.12
minimum	0.08	0.14
requisite	0.08	0.22
large	0.08	0.17
vital	0.09	0.12
preparatory	0.09	0.13
abstract	0.09	0.11
prospective	0.09	0.09
essential	0.09	0.28
technical	0.09	0.09
mathematical	0.09	0.12
british	0.09	0.07
abreast	0.09	0.07
norwegian	0.09	0.16
ecclesiastical	0.09	0.13
wont	0.09	0.16
evident	0.09	0.21
oriental	0.09	0.21
vocational	0.09	0.15
largest	0.09	0.19
surgical	0.09	0.11
towering	0.09	0.19
racial	0.09	0.10
smaller	0.09	0.15
political	0.09	0.11
latin	0.09	0.09
crumpled	0.10	0.24
unfinished	0.10	0.20
congressional	0.10	0.10
speedy	0.10	0.24
faithful	0.10	0.89
professional	0.10	0.09
basic	0.10	0.10
social	0.10	0.13
eastern	0.10	0.05
true	0.10	1.15
separate	0.10	0.10
horizontal	0.10	0.06
italian	0.10	0.09
civilized	0.11	0.14
marvelous	0.11	0.33
organic	0.11	0.17
vertical	0.11	0.06
corresponding	0.11	0.15
additional	0.11	0.16
utmost	0.11	0.24
spanish	0.11	0.09
practical	0.11	0.13
ordinary	0.11	0.16
amateur	0.11	0.13
educational	0.11	0.11
christian	0.11	0.18
legislative	0.12	0.16
syrian	0.12	0.19
odd	0.12	1.03
cheaper	0.12	0.21
roman	0.12	0.16
meagre	0.12	0.14
opposing	0.12	0.16
sexual	0.12	0.18
arabic	0.12	0.14
american	0.12	0.07
functional	0.13	0.21
official	0.13	0.12
dazzling	0.13	0.21
competing	0.13	0.24
french	0.13	0.08
theatrical	0.13	0.24
metallic	0.13	0.19
profound	0.13	0.22
hollow	0.13	0.19
dutch	0.13	0.09
geographical	0.13	0.14
democratic	0.13	0.09
husky	0.13	0.31
larger	0.13	0.17
flying	0.13	0.12
verbal	0.13	0.10
sure	0.13	1.04
accessible	0.13	0.14
cosmic	0.13	0.10
philosophical	0.13	0.10
bald	0.13	0.20
continuous	0.14	0.13
fiery	0.14	0.31
ascending	0.14	0.08
underlying	0.14	0.14
shiny	0.14	0.27
junior	0.14	0.10
governing	0.14	0.14
older	0.14	0.28
ruling	0.14	0.07
national	0.14	0.09
human	0.14	0.21
solar	0.15	0.11
radical	0.15	0.09
customary	0.15	0.28
canned	0.15	0.23
indispensable	0.15	0.25
intermediate	0.15	0.08
medical	0.15	0.09
tough	0.15	0.42
projecting	0.15	0.14
salient	0.15	0.26
current	0.15	0.05
inner	0.15	0.13
prime	0.15	0.11
fond	0.16	0.80
arabian	0.16	0.09
lowest	0.16	0.17
greek	0.16	0.18
limited	0.16	0.13
dearest	0.16	0.76
supreme	0.17	0.21
sharp	0.17	0.14
admiring	0.17	0.17
mocking	0.17	0.37
western	0.17	0.08
initial	0.17	0.07
biological	0.17	0.11
protective	0.17	0.06
harder	0.17	0.35
flat	0.17	0.18
sufficient	0.18	0.15
deepening	0.18	0.21
mediaeval	0.18	0.08
comforting	0.18	0.24
rustic	0.18	0.18
rocky	0.18	0.15
spontaneous	0.18	0.11
misty	0.18	0.20
plaintive	0.18	0.37
newer	0.18	0.14
continental	0.18	0.10
venetian	0.18	0.12
extinct	0.19	0.07
decisive	0.19	0.31
english	0.19	0.11
mexican	0.19	0.11
lingering	0.19	0.20
crackling	0.19	0.26
darker	0.19	0.25
weekly	0.19	0.09
heavier	0.19	0.30
heavy	0.19	0.22
antique	0.19	0.22
canadian	0.19	0.08
diplomatic	0.20	0.12
northern	0.20	0.07
unbroken	0.20	0.16
creative	0.20	0.17
wrinkled	0.20	0.36
successive	0.20	0.12
narrow	0.20	0.13
dominant	0.20	0.08
loud	0.20	0.24
fitting	0.20	0.25
lazy	0.20	0.74
influential	0.20	0.07
objective	0.20	0.23
polish	0.20	0.13
maximum	0.20	0.13
frequent	0.21	0.15
modern	0.21	0.09
adjoining	0.21	0.08
active	0.21	0.11
simplest	0.21	0.23
expensive	0.21	0.17
available	0.21	0.14
prophetic	0.21	0.18
khaki	0.21	0.23
venerable	0.21	0.16
editorial	0.21	0.08
heroic	0.21	0.23
psychological	0.22	0.16
younger	0.22	0.30
prudent	0.22	0.14
scant	0.22	0.11
numerous	0.22	0.11
skilful	0.22	0.09
ready	0.22	0.26
whole	0.22	0.20
final	0.22	0.24
int	0.22	0.19
possible	0.22	0.30
successful	0.22	0.21
keen	0.22	0.12
solemn	0.22	0.20
faintest	0.23	0.24
remaining	0.23	0.11
married	0.23	0.96
industrial	0.23	0.15
vacant	0.23	0.14
emotional	0.23	0.20
electric	0.23	0.21
skilled	0.23	0.10
veritable	0.23	0.16
deeper	0.23	0.26
subsequent	0.23	0.14
provisional	0.23	0.19
adequate	0.23	0.20
efficient	0.23	0.14
paternal	0.23	0.09
stronger	0.24	0.30
daring	0.24	0.14
annual	0.24	0.07
faint	0.24	0.32
outer	0.24	0.07
reasonable	0.24	0.20
perpendicular	0.24	0.10
pleased	0.24	0.73
careful	0.24	0.14
widening	0.24	0.12
sublime	0.25	0.21
experimental	0.25	0.10
distant	0.25	0.19
clearer	0.25	0.27
eternal	0.25	0.28
economical	0.25	0.22
moderate	0.25	0.07
broader	0.25	0.26
proper	0.25	0.30
stolid	0.25	0.21
cultural	0.25	0.10
convinced	0.25	0.27
conclusive	0.25	0.22
jewish	0.25	0.09
occasional	0.25	0.12
philosophic	0.25	0.13
scientific	0.26	0.09
australian	0.26	0.05
religious	0.26	0.19
athenian	0.26	0.15
valiant	0.26	0.28
youngest	0.26	0.33
humorous	0.26	0.21
moral	0.26	0.17
liable	0.26	0.84
manual	0.26	0.14
subtle	0.26	0.21
striking	0.26	0.46
tentative	0.27	0.11
high	0.27	0.10
eager	0.27	0.25
original	0.27	0.14
literary	0.27	0.11
chinese	0.27	0.10
icy	0.27	0.24
mature	0.27	0.15
competent	0.27	0.16
main	0.28	0.11
closest	0.28	0.15
balkan	0.28	0.17
brief	0.28	0.18
recent	0.28	0.25
lean	0.28	0.35
shrill	0.28	0.29
average	0.28	0.15
glad	0.28	0.85
farthest	0.28	0.11
stable	0.28	0.10
joint	0.28	0.08
tempting	0.28	0.17
fat	0.29	0.34
metropolitan	0.29	0.09
taller	0.29	0.29
wet	0.29	0.28
drooping	0.29	0.39
ethical	0.29	0.17
biggest	0.29	0.21
prominent	0.29	0.10
triumphant	0.29	0.30
stale	0.29	0.29
lower	0.30	0.11
simpler	0.30	0.20
ambitious	0.30	0.13
poetical	0.30	0.18
universal	0.30	0.29
ultimate	0.30	0.26
cupful	0.30	0.19
adjacent	0.30	0.11
civilian	0.30	0.09
definite	0.30	0.14
ornamental	0.30	0.21
boiling	0.30	0.20
coloured	0.30	0.36
classical	0.30	0.12
revolutionary	0.30	0.12
short	0.30	0.09
wiser	0.30	0.36
methodist	0.31	0.17
curved	0.31	0.25
spiritual	0.31	0.24
prompt	0.31	0.11
smart	0.31	0.36
historic	0.31	0.09
contemporary	0.31	0.08
sole	0.31	0.14
disinterested	0.32	0.10
intellectual	0.32	0.17
eminent	0.32	0.11
single	0.32	0.22
complex	0.32	0.16
swelling	0.32	0.17
wide	0.32	0.13
higher	0.32	0.16
wider	0.32	0.17
regular	0.32	0.14
solid	0.33	0.07
deepest	0.33	0.17
conservative	0.33	0.16
royal	0.33	0.15
easier	0.33	0.30
intact	0.33	0.17
favorite	0.33	0.14
medieval	0.33	0.15
divine	0.33	0.38
socialist	0.33	0.13
dramatic	0.33	0.42
ardent	0.34	0.14
memorable	0.34	0.25
aesthetic	0.34	0.17
welsh	0.34	0.19
liberal	0.34	0.11
magnetic	0.34	0.22
bold	0.34	0.20
thoughtful	0.35	0.24
polished	0.35	0.22
betsy	0.35	0.67
woolen	0.35	0.21
utter	0.35	0.99
attentive	0.35	0.22
quicker	0.35	0.34
bony	0.35	0.20
extensive	0.35	0.20
effective	0.35	0.17
foremost	0.36	0.07
genuine	0.36	0.14
circular	0.36	0.13
preliminary	0.36	0.13
everlasting	0.36	0.14
southern	0.37	0.09
finer	0.37	0.29
arched	0.37	0.26
monthly	0.37	0.12
deep	0.37	0.23
lasting	0.37	0.08
militant	0.37	0.11
agricultural	0.37	0.14
following	0.37	0.18
upper	0.37	0.09
provincial	0.38	0.06
pending	0.38	0.12
conscientious	0.38	0.10
greatest	0.38	0.27
cosmopolitan	0.38	0.27
gothic	0.38	0.10
easiest	0.38	0.25
steady	0.38	0.19
inland	0.38	0.13
wealthy	0.38	0.33
unique	0.38	0.34
shorter	0.38	0.31
new	0.39	0.13
square	0.39	0.15
systematic	0.39	0.08
popular	0.39	0.11
architectural	0.39	0.08
thick	0.40	0.27
low	0.40	0.26
chopped	0.40	0.20
sloping	0.40	0.18
stony	0.40	0.25
productive	0.40	0.14
nearest	0.40	0.14
bohemian	0.40	0.21
neighboring	0.40	0.16
capable	0.40	0.12
homeward	0.41	0.70
neutral	0.41	0.15
massive	0.41	0.22
earnest	0.41	0.11
silken	0.41	0.23
bigger	0.41	0.35
permanent	0.42	0.19
fuller	0.42	0.22
richer	0.42	0.35
dry	0.42	0.25
blond	0.42	0.33
nearby	0.42	0.13
intricate	0.42	0.16
abundant	0.42	0.10
foregoing	0.43	0.29
notable	0.43	0.27
colored	0.43	0.24
explicit	0.43	0.13
fertile	0.43	0.16
glittering	0.43	0.21
cloudy	0.43	0.17
varied	0.43	0.23
guiding	0.43	0.11
wisest	0.43	0.16
progressive	0.44	0.12
tangible	0.44	0.09
earlier	0.44	0.10
substantial	0.44	0.12
miscellaneous	0.44	0.10
rational	0.45	0.17
subdued	0.45	0.29
big	0.45	0.24
colonial	0.45	0.09
transparent	0.46	0.46
energetic	0.46	0.17
youthful	0.46	0.20
dark	0.46	0.34
thin	0.46	0.36
unfamiliar	0.46	0.79
authoritative	0.46	0.12
nobler	0.46	0.30
whimsical	0.47	0.24
striped	0.47	0.32
imaginative	0.47	0.15
gray	0.47	0.43
opposite	0.47	0.12
oldest	0.47	0.26
formal	0.48	0.13
distinguished	0.48	0.08
carved	0.48	0.24
imperfect	0.48	0.98
mercantile	0.49	0.16
civic	0.49	0.21
safer	0.49	0.27
benevolent	0.49	0.15
expressive	0.49	0.19
penetrating	0.49	0.14
plump	0.49	0.37
ripe	0.49	0.20
virtuous	0.49	0.23
preceding	0.49	0.12
shortest	0.49	0.12
positive	0.49	0.20
accurate	0.50	0.18
aghast	0.50	0.65
warlike	0.50	0.12
decorative	0.51	0.15
intelligent	0.51	0.12
hot	0.52	0.30
wondrous	0.52	0.27
highest	0.52	0.25
international	0.52	0.15
eloquent	0.52	0.12
undisturbed	0.53	0.23
reliable	0.53	0.13
akin	0.54	0.17
flexible	0.54	0.20
grassy	0.54	0.25
devout	0.54	0.17
latest	0.54	0.20
sober	0.54	0.24
casual	0.54	0.32
acceptable	0.55	0.23
luminous	0.55	0.24
artistic	0.56	0.17
patriotic	0.56	0.08
sane	0.56	0.16
favorable	0.56	0.82
thorough	0.56	0.10
earliest	0.57	0.12
idle	0.57	0.77
strongest	0.57	0.16
costly	0.57	0.19
elastic	0.57	0.21
celebrated	0.58	0.13
classic	0.58	0.20
aristocratic	0.58	0.16
impartial	0.58	0.07
silvery	0.58	0.37
devoted	0.58	0.10
grand	0.59	0.28
smooth	0.59	0.30
brave	0.59	0.22
enchanted	0.59	0.37
absorbing	0.59	0.50
scholarly	0.60	0.06
heated	0.61	0.18
noisy	0.62	0.29
sensible	0.62	0.19
unselfish	0.62	0.11
juvenile	0.62	0.21
cold	0.62	0.25
curly	0.63	0.31
detailed	0.64	0.19
brisk	0.64	0.23
curious	0.64	0.77
lofty	0.64	0.14
constructive	0.64	0.16
lucky	0.64	0.92
sanitary	0.64	0.19
roast	0.64	0.24
resolute	0.65	0.15
steaming	0.65	0.21
courageous	0.65	0.16
athletic	0.65	0.16
historical	0.65	0.28
informal	0.65	0.31
impressive	0.66	0.28
warmer	0.66	0.26
fearless	0.67	0.22
honorable	0.67	0.11
elusive	0.67	0.39
elderly	0.67	0.34
tall	0.67	0.34
enlightened	0.67	0.18
picturesque	0.67	0.42
proud	0.67	0.80
vigorous	0.67	0.17
discreet	0.67	0.12
grey	0.68	0.41
fullest	0.68	0.19
open	0.69	0.14
famous	0.69	0.11
full	0.69	0.17
charitable	0.70	0.14
assistant	0.70	0.89
enduring	0.70	0.11
fried	0.70	0.26
poetic	0.71	0.15
pious	0.71	0.15
animated	0.71	0.21
mutual	0.71	0.13
momentous	0.72	0.86
burning	0.72	0.23
comparative	0.72	0.29
soothing	0.73	0.30
rugged	0.73	0.13
infernal	0.73	0.79
convincing	0.73	0.31
appropriate	0.73	0.24
black	0.73	0.42
useful	0.74	0.32
naive	0.74	0.20
precious	0.74	0.19
handy	0.74	0.77
industrious	0.75	0.18
miniature	0.75	0.26
richest	0.76	0.17
early	0.76	0.13
valuable	0.76	0.34
loyal	0.76	0.15
noblest	0.77	0.22
quaint	0.77	0.23
favourable	0.77	0.83
tiny	0.77	0.48
comprehensive	0.77	0.20
dear	0.77	0.79
exciting	0.78	1.25
confidential	0.78	0.17
damp	0.78	0.29
spirited	0.79	0.19
engaging	0.79	0.32
swell	0.79	0.68
dual	0.80	0.96
close	0.80	0.22
fashionable	0.81	0.16
temperate	0.81	0.20
honest	0.81	0.19
suitable	0.82	0.22
broad	0.82	0.20
candid	0.82	0.07
thankful	0.83	0.69
priceless	0.83	0.11
favourite	0.84	0.64
victorious	0.84	0.88
frail	0.84	0.94
gallant	0.84	0.15
masculine	0.84	0.13
pale	0.84	0.49
simple	0.85	0.10
brown	0.85	0.41
profitable	0.85	0.44
sturdy	0.86	0.21
flaming	0.87	0.28
almighty	0.87	0.84
est	0.88	0.72
realistic	0.88	0.42
neat	0.88	0.34
obedient	0.89	0.17
majestic	0.89	0.22
belated	0.89	0.70
snowy	0.90	0.28
gratifying	0.90	0.82
enthusiastic	0.90	0.25
sincere	0.90	0.11
alluring	0.90	0.74
romantic	0.91	0.83
brighter	0.91	0.30
blue	0.92	0.49
purple	0.93	0.51
straightforward	0.94	0.13
gleaming	0.94	0.31
satisfying	0.94	0.26
fruitful	0.95	0.38
homely	0.95	0.17
white	0.95	0.49
remarkable	0.96	0.75
violet	0.96	0.49
shining	0.96	0.33
orderly	0.96	0.11
sheltered	0.96	0.22
lyric	0.96	0.85
cultured	0.97	0.19
inspiring	0.97	0.48
commanding	0.97	0.18
glistening	0.98	0.25
familiar	0.98	0.77
moist	0.98	0.32
vivid	0.99	0.28
fit	0.99	0.77
glorious	1.00	0.27
coveted	1.00	0.69
ample	1.01	0.91
noble	1.01	0.15
content	1.03	0.83
red	1.03	0.46
real	1.03	0.88
feminine	1.04	0.29
handsome	1.04	0.29
modest	1.05	0.15
respectable	1.06	0.22
green	1.07	0.43
pure	1.07	0.18
stout	1.08	0.73
desirous	1.08	0.64
continual	1.09	0.68
yellow	1.09	0.51
secluded	1.10	0.24
sparkling	1.10	0.26
busy	1.10	0.71
slender	1.10	0.51
pleasing	1.10	1.18
boiled	1.11	0.66
shy	1.12	0.84
manly	1.13	0.17
scarlet	1.13	0.49
merciful	1.14	0.74
spacious	1.15	0.12
entire	1.16	0.99
infinite	1.16	0.80
beloved	1.16	0.71
humane	1.17	0.14
late	1.17	0.65
generous	1.17	0.20
righteous	1.17	0.71
tremulous	1.18	0.83
clear	1.19	0.21
normal	1.19	0.89
robust	1.19	0.21
privileged	1.20	0.74
marvellous	1.20	0.78
lively	1.20	0.27
elemental	1.20	0.96
satisfactory	1.21	0.79
olive	1.21	0.36
easy	1.21	0.48
finest	1.21	0.37
happiest	1.22	0.76
senior	1.23	0.73
complete	1.23	1.09
encouraging	1.24	0.77
dignified	1.24	0.14
safe	1.24	0.75
brilliant	1.24	0.16
unanimous	1.24	0.70
virile	1.25	0.21
compact	1.26	0.82
motherly	1.26	0.52
mild	1.26	0.57
exalted	1.29	0.71
free	1.29	0.76
crisp	1.30	0.32
grateful	1.30	0.52
golden	1.30	0.40
glowing	1.31	0.34
ideal	1.31	0.99
instructive	1.32	0.65
refined	1.33	0.18
prettiest	1.33	0.71
confident	1.33	0.75
respectful	1.36	0.22
sweetest	1.36	0.67
lavish	1.36	0.67
absolute	1.37	1.06
elaborate	1.37	0.75
gorgeous	1.38	0.28
reassuring	1.38	0.68
clean	1.39	0.25
hopeful	1.40	0.65
wonderful	1.42	0.64
ruddy	1.43	0.20
snug	1.43	0.55
convenient	1.44	0.60
intimate	1.44	0.33
placid	1.45	0.64
succeeding	1.46	0.72
interesting	1.47	0.94
tender	1.48	0.85
outdoor	1.48	0.15
slim	1.50	0.68
bright	1.51	0.35
affectionate	1.52	0.21
strong	1.54	0.64
stately	1.55	0.72
delicious	1.55	0.52
gifted	1.56	0.64
fine	1.56	0.89
shady	1.56	0.61
blessed	1.56	0.62
rich	1.57	0.60
fresh	1.57	0.27
harmonious	1.59	0.93
delighted	1.59	0.57
loving	1.59	0.56
lovable	1.59	0.23
cordial	1.60	0.29
illuminating	1.61	0.86
sympathetic	1.61	0.21
agreeable	1.63	1.10
mellow	1.63	0.64
heavenly	1.64	0.57
elegant	1.65	0.10
magnificent	1.66	0.71
shaded	1.66	0.76
prosperous	1.67	0.77
trim	1.67	0.77
calm	1.67	0.69
boyish	1.68	0.55
serene	1.69	0.59
decent	1.70	0.56
usual	1.70	0.55
superb	1.71	0.88
adorable	1.74	0.67
delicate	1.74	0.84
crimson	1.74	0.90
refreshing	1.76	0.80
thrilling	1.76	0.92
hearty	1.77	0.27
lilac	1.77	0.86
soft	1.78	0.82
splendid	1.81	0.69
radiant	1.81	0.67
polite	1.82	0.55
girlish	1.82	0.79
amusing	1.86	0.83
congenial	1.87	0.81
promising	1.87	0.61
attractive	1.88	0.56
pink	1.94	0.96
rare	1.94	0.44
stimulating	1.94	0.80
rosy	1.95	0.72
cool	1.97	0.53
graceful	1.97	0.77
courteous	1.98	0.50
consistent	1.98	0.87
hospitable	2.00	0.56
rainy	2.01	0.41
dainty	2.04	0.82
warm	2.06	0.53
joyful	2.10	0.54
blooming	2.10	0.79
suggestive	2.11	0.84
gentle	2.12	0.48
friendly	2.13	0.57
fair	2.16	0.65
luxurious	2.17	0.44
best	2.17	0.75
peaceful	2.22	0.53
admirable	2.26	0.63
fascinating	2.26	0.76
healthy	2.27	0.59
genial	2.30	0.53
entertaining	2.30	0.74
joyous	2.30	0.51
merry	2.31	0.46
quiet	2.32	0.47
amiable	2.35	0.66
happier	2.35	0.70
helpful	2.35	0.38
gracious	2.36	0.49
jolly	2.38	0.43
sweet	2.39	0.58
exquisite	2.40	0.64
cheery	2.41	0.53
sunny	2.48	0.49
beautiful	2.50	0.52
cheerful	2.58	0.50
comfortable	2.62	0.44
charming	2.67	0.44
gay	2.68	0.29
fragrant	2.74	0.53
wholesome	2.80	0.42
