wretched	-3.28	0.40
ill	-3.27	0.43
wicked	-3.05	0.64
miserable	-3.00	0.48
worst	-2.99	0.63
sick	-2.92	0.55
tragic	-2.89	0.57
deplorable	-2.88	0.58
hideous	-2.84	0.85
jealous	-2.81	0.52
ugly	-2.77	0.57
sinister	-2.77	0.90
worrying	-2.69	0.47
horrid	-2.68	0.40
weak	-2.68	0.53
sorry	-2.65	0.52
lonely	-2.64	0.58
afraid	-2.60	0.60
hungry	-2.54	0.55
forlorn	-2.51	0.57
worried	-2.48	0.81
depressed	-2.48	0.82
brutal	-2.48	0.73
hopeless	-2.45	0.52
terrifying	-2.45	0.88
terrible	-2.45	0.72
vile	-2.45	0.81
ghastly	-2.43	0.63
helpless	-2.42	0.69
frightful	-2.39	0.72
queer	-2.39	0.54
cruel	-2.39	0.72
monstrous	-2.38	0.88
fearful	-2.37	0.59
dreadful	-2.35	0.72
angry	-2.35	0.79
perplexed	-2.34	0.89
tired	-2.30	0.79
blind	-2.30	0.68
supernatural	-2.30	1.11
uneasy	-2.30	0.91
sore	-2.28	0.68
wounded	-2.27	0.67
weary	-2.26	0.69
shocking	-2.26	0.59
sad	-2.26	0.59
bewildered	-2.26	0.89
ashamed	-2.25	0.82
weird	-2.25	0.81
silly	-2.22	0.61
absurd	-2.22	0.66
lonesome	-2.22	0.58
stricken	-2.22	0.47
fatal	-2.21	0.61
starving	-2.19	0.67
unkind	-2.19	0.55
stupid	-2.17	0.61
painful	-2.17	0.78
dissatisfied	-2.16	0.87
distressing	-2.16	0.78
murderous	-2.16	0.84
grotesque	-2.14	0.82
hateful	-2.14	0.74
crippled	-2.12	0.59
pitiful	-2.11	0.53
ferocious	-2.09	0.65
snarling	-2.09	0.81
insane	-2.08	0.75
ignorant	-2.08	0.67
anxious	-2.07	0.92
lame	-2.07	0.69
deadly	-2.06	0.85
appalling	-2.05	0.61
dumb	-2.05	0.67
melancholy	-2.04	0.48
harmful	-2.03	0.66
scared	-2.01	0.80
distorted	-1.97	0.84
crazy	-1.96	0.68
dead	-1.96	0.79
harsh	-1.94	0.58
restless	-1.93	0.55
disappointed	-1.91	0.65
unnecessary	-1.90	0.78
awful	-1.88	0.90
needless	-1.88	0.79
frightened	-1.87	0.56
unnatural	-1.82	0.84
puzzled	-1.81	0.69
preoccupied	-1.80	0.93
bruised	-1.78	0.37
trivial	-1.78	0.79
pathetic	-1.78	0.53
bored	-1.78	0.60
worse	-1.78	0.84
lawless	-1.78	0.71
limp	-1.77	0.80
wrong	-1.77	0.87
filthy	-1.76	0.22
cowardly	-1.76	0.36
uncomfortable	-1.75	0.73
strange	-1.75	0.75
dismayed	-1.74	0.67
vicious	-1.71	0.34
ghostly	-1.71	0.87
homesick	-1.71	0.88
solemn	-1.71	0.71
embarrassed	-1.70	0.65
surprised	-1.70	0.60
inconceivable	-1.70	0.71
disgusted	-1.70	0.64
annoyed	-1.70	0.68
intolerable	-1.69	0.18
bleeding	-1.69	0.28
shabby	-1.68	0.78
damned	-1.66	0.48
cramped	-1.63	0.29
dazed	-1.62	0.35
ruthless	-1.60	0.90
timid	-1.59	0.74
nervous	-1.59	0.40
ironic	-1.58	0.69
little	-1.56	0.72
fond	-1.56	0.61
malicious	-1.56	0.84
commonplace	-1.55	0.85
uncanny	-1.55	0.87
astonished	-1.53	0.64
desperate	-1.53	0.13
selfish	-1.52	0.33
oppressive	-1.52	0.27
dizzy	-1.52	0.38
damn	-1.51	0.81
aching	-1.50	0.37
tame	-1.49	0.68
suspicious	-1.49	0.53
irritating	-1.48	0.78
martial	-1.48	0.84
dangerous	-1.48	0.72
old	-1.47	0.91
ridiculous	-1.47	0.29
exacting	-1.47	0.70
impatient	-1.47	0.47
thirsty	-1.46	0.41
dearest	-1.44	0.70
superstitious	-1.44	0.11
dismal	-1.43	0.13
obvious	-1.43	0.86
unbearable	-1.43	0.38
unjust	-1.42	0.27
savage	-1.41	0.46
furious	-1.40	0.15
arduous	-1.39	0.84
tiresome	-1.38	0.74
foolish	-1.38	0.28
ominous	-1.38	0.35
hardest	-1.38	0.75
bloody	-1.36	0.19
moody	-1.35	0.39
excited	-1.35	0.58
accidental	-1.35	0.81
aghast	-1.33	0.42
resentful	-1.33	0.59
embarrassing	-1.31	1.01
rude	-1.31	0.17
naughty	-1.30	1.00
unfamiliar	-1.30	0.83
merciless	-1.30	0.42
hysterical	-1.29	0.16
sordid	-1.28	0.30
foul	-1.28	0.23
incredulous	-1.28	0.50
bitter	-1.27	0.19
swollen	-1.27	0.24
downright	-1.27	0.18
dire	-1.26	0.28
indignant	-1.26	0.48
precarious	-1.25	0.70
fierce	-1.24	0.29
speechless	-1.24	0.21
latent	-1.23	1.05
external	-1.22	1.19
amazed	-1.22	0.51
kinder	-1.21	0.39
sullen	-1.20	0.25
vulgar	-1.20	0.25
puzzling	-1.20	0.89
feeble	-1.20	0.23
latest	-1.19	0.91
stiff	-1.19	0.32
unspeakable	-1.19	0.35
relentless	-1.18	0.44
conspicuous	-1.17	0.73
momentous	-1.17	1.04
useless	-1.16	0.17
uncommon	-1.15	0.63
impotent	-1.15	0.14
severe	-1.14	0.13
petty	-1.14	0.19
vague	-1.14	0.24
foremost	-1.14	0.99
futile	-1.13	0.17
disastrous	-1.13	0.29
drunk	-1.12	0.27
stale	-1.12	0.72
dreary	-1.12	0.15
unfair	-1.11	0.21
worthless	-1.10	0.15
terrific	-1.10	0.28
impending	-1.09	0.30
improper	-1.09	0.20
howling	-1.08	0.19
mysterious	-1.07	0.40
false	-1.07	0.22
haggard	-1.06	0.45
infernal	-1.05	1.02
uncertain	-1.05	0.30
plentiful	-1.04	0.83
morbid	-1.04	0.24
unwise	-1.04	0.21
violent	-1.04	0.20
mad	-1.03	0.24
treacherous	-1.03	0.25
depressing	-1.03	0.96
gloomy	-1.02	0.18
curt	-1.01	0.22
chronic	-1.00	0.18
virgin	-1.00	0.82
thankful	-1.00	0.74
corrupt	-0.99	0.20
objectionable	-0.99	0.84
nasty	-0.99	0.96
rebellious	-0.98	0.34
battered	-0.98	0.31
discouraging	-0.98	0.78
mournful	-0.98	0.23
greedy	-0.98	0.32
fantastic	-0.97	0.41
mute	-0.97	0.27
somber	-0.97	0.20
meaningless	-0.97	0.25
incompetent	-0.97	0.17
passionate	-0.96	0.14
grim	-0.96	0.24
brooding	-0.96	0.21
irrelevant	-0.96	0.17
inevitable	-0.95	0.23
aware	-0.95	0.32
guilty	-0.94	0.23
mock	-0.94	0.20
ole	-0.94	0.40
inert	-0.94	0.32
forbidding	-0.94	0.16
darned	-0.94	1.07
drunken	-0.94	0.27
funny	-0.94	0.94
irresponsible	-0.94	0.23
senior	-0.93	0.84
unreal	-0.93	0.18
awed	-0.93	0.29
alarming	-0.93	0.45
unreasonable	-0.93	0.14
sure	-0.92	1.08
asleep	-0.92	0.35
bold	-0.91	0.86
likely	-0.91	0.75
cunning	-0.91	0.33
unbelievable	-0.91	0.41
startling	-0.90	0.82
incredible	-0.89	0.29
inexplicable	-0.88	0.33
serious	-0.88	0.22
clumsy	-0.88	0.25
blank	-0.88	0.21
destructive	-0.87	0.28
desolate	-0.87	0.22
mischievous	-0.87	0.23
unfit	-0.86	0.17
doubtful	-0.86	0.44
shy	-0.86	0.34
glad	-0.86	0.91
wasteful	-0.86	0.24
amused	-0.86	0.37
acute	-0.86	0.21
preposterous	-0.86	0.23
rotten	-0.85	1.15
careless	-0.85	0.23
frantic	-0.85	0.17
outraged	-0.84	0.42
disconcerting	-0.83	0.44
drab	-0.83	0.21
gross	-0.83	0.26
awkward	-0.82	0.96
crushing	-0.82	0.30
unconscious	-0.82	0.24
untrue	-0.82	0.25
imminent	-0.82	0.26
grimy	-0.81	0.19
tedious	-0.80	0.20
darn	-0.80	0.97
hostile	-0.79	0.24
superfluous	-0.79	0.21
stubborn	-0.78	0.18
sentimental	-0.78	0.22
conscious	-0.78	0.29
inarticulate	-0.78	0.22
earthly	-0.78	1.03
prostrate	-0.77	0.19
criminal	-0.76	0.21
dirty	-0.76	0.27
feverish	-0.76	0.27
wan	-0.76	0.33
disabled	-0.76	0.24
sleepy	-0.75	0.35
abnormal	-0.74	0.29
interested	-0.74	0.51
perilous	-0.74	0.18
sly	-0.74	0.21
reckless	-0.74	0.21
undesirable	-0.73	0.66
drastic	-0.73	0.20
oblivious	-0.73	0.19
menacing	-0.72	0.27
deliberate	-0.72	0.21
unwilling	-0.72	0.27
powerless	-0.72	0.21
monotonous	-0.72	0.27
outrageous	-0.72	0.19
unworthy	-0.71	0.13
unthinkable	-0.71	0.22
concerned	-0.71	0.22
incapable	-0.70	0.21
inconsistent	-0.70	0.20
alcoholic	-0.70	0.16
expectant	-0.69	0.38
gaping	-0.69	0.12
lifeless	-0.69	0.26
dear	-0.69	0.86
fake	-0.68	0.16
sweating	-0.68	0.28
responsible	-0.68	0.16
idle	-0.68	0.12
solitary	-0.68	0.23
lazy	-0.67	0.29
impossible	-0.67	0.16
rigid	-0.67	0.13
disagreeable	-0.67	0.99
utter	-0.66	0.21
immoral	-0.66	1.08
formidable	-0.66	0.24
unfriendly	-0.65	0.11
unsettled	-0.65	0.30
uninteresting	-0.65	0.24
skeptical	-0.65	0.35
reluctant	-0.65	0.19
childish	-0.65	0.28
ragged	-0.65	0.29
alleged	-0.65	0.12
interminable	-0.64	0.17
excessive	-0.64	0.23
breathless	-0.64	0.24
stray	-0.64	0.17
contemptuous	-0.63	0.19
lone	-0.63	0.28
odd	-0.63	0.28
contracting	-0.63	0.18
daring	-0.63	0.14
illegal	-0.63	0.15
unconstitutional	-0.62	0.15
unexpected	-0.62	1.14
scarce	-0.61	0.14
crucial	-0.60	0.32
stern	-0.60	0.18
heathen	-0.60	0.19
exempt	-0.60	0.11
blackened	-0.60	0.30
belated	-0.59	0.09
dependent	-0.59	0.10
brave	-0.59	0.81
annoying	-0.58	0.98
indifferent	-0.58	0.29
awake	-0.57	0.28
silent	-0.56	0.30
frozen	-0.56	0.21
swelling	-0.55	0.14
insulting	-0.55	0.24
negligible	-0.54	0.14
defective	-0.53	0.15
pleased	-0.53	0.88
medical	-0.53	0.21
bolshevist	-0.53	0.19
penal	-0.52	0.19
trifling	-0.52	0.21
convinced	-0.52	0.24
provincial	-0.51	0.15
turbulent	-0.51	0.14
barren	-0.51	0.18
premature	-0.51	0.15
dull	-0.51	0.25
blunt	-0.51	0.26
misleading	-0.51	0.20
dusty	-0.51	0.22
unseen	-0.50	0.34
competitive	-0.50	0.13
throbbing	-0.50	0.21
mortal	-0.50	0.26
veritable	-0.50	0.18
furtive	-0.50	0.22
squat	-0.50	0.28
poignant	-0.49	0.28
dingy	-0.49	0.26
innocent	-0.49	0.88
sudden	-0.49	0.22
bleak	-0.49	0.16
conceivable	-0.48	0.17
belligerent	-0.48	0.19
pallid	-0.47	0.27
righteous	-0.47	0.20
troublesome	-0.47	0.38
indefinite	-0.47	0.12
unimportant	-0.46	0.32
parliamentary	-0.46	0.14
everyday	-0.46	0.38
stark	-0.46	0.14
masked	-0.46	0.21
consequent	-0.45	0.18
curious	-0.45	0.41
drooping	-0.45	0.22
tough	-0.45	1.11
wee	-0.45	0.25
armed	-0.44	0.09
motionless	-0.44	0.23
unscrupulous	-0.44	0.24
difficult	-0.44	0.29
familiar	-0.44	0.99
watchful	-0.44	0.28
scornful	-0.44	0.20
mystical	-0.44	0.22
inadequate	-0.43	0.19
dubious	-0.43	0.14
endless	-0.43	0.12
colossal	-0.43	0.32
defiant	-0.42	0.21
undue	-0.42	0.16
hairy	-0.41	0.18
present	-0.41	0.25
empty	-0.41	0.25
naive	-0.41	0.19
halting	-0.41	0.20
singular	-0.41	0.44
uneven	-0.41	0.16
shrill	-0.40	0.20
extravagant	-0.40	0.16
unfinished	-0.40	0.28
crooked	-0.38	0.21
incidental	-0.38	0.24
tense	-0.38	0.22
correct	-0.37	0.20
domestic	-0.37	0.22
intense	-0.36	0.20
overwhelming	-0.36	0.23
obstinate	-0.36	0.13
prone	-0.36	0.21
married	-0.36	0.81
partisan	-0.35	0.05
explosive	-0.35	0.28
alive	-0.35	0.35
vanishing	-0.34	0.16
poisonous	-0.34	0.26
arbitrary	-0.34	0.18
slippery	-0.34	0.15
proud	-0.34	0.86
heroic	-0.33	0.17
artificial	-0.33	0.11
sombre	-0.33	0.19
tangled	-0.32	0.24
unnoticed	-0.32	0.09
lingering	-0.31	1.03
booming	-0.31	0.14
african	-0.31	0.23
continual	-0.31	0.13
existing	-0.30	0.18
superficial	-0.30	0.20
alien	-0.30	0.09
comic	-0.30	0.14
extreme	-0.29	0.11
sexual	-0.29	0.15
absent	-0.29	0.08
mere	-0.29	0.17
unpopular	-0.29	0.20
hasty	-0.29	0.10
unknown	-0.28	0.13
chilly	-0.28	0.32
shaggy	-0.28	0.26
theological	-0.28	0.14
secret	-0.28	0.17
greasy	-0.27	0.20
unsuccessful	-0.27	0.11
notorious	-0.27	0.10
roving	-0.26	0.20
huge	-0.26	0.25
hazardous	-0.26	0.26
meek	-0.26	0.30
crude	-0.26	0.12
hard	-0.26	1.04
late	-0.26	0.26
decisive	-0.25	0.18
rash	-0.25	0.12
purty	-0.25	0.93
victorious	-0.25	0.10
ready	-0.25	0.23
lucky	-0.25	0.84
invisible	-0.24	0.31
akin	-0.24	0.15
imaginary	-0.24	0.22
swell	-0.24	0.36
evident	-0.24	0.18
grateful	-0.24	0.86
unfavorable	-0.24	0.33
lawful	-0.24	0.13
rough	-0.23	0.19
piercing	-0.23	0.13
hoarse	-0.23	0.22
insignificant	-0.23	0.27
shadowy	-0.23	0.22
surprising	-0.22	0.44
prolonged	-0.22	0.16
unusual	-0.22	1.16
wet	-0.22	0.28
admiring	-0.22	0.30
sundry	-0.22	0.09
noticeable	-0.21	0.16
abrupt	-0.21	0.13
sour	-0.21	0.19
underground	-0.20	0.16
aged	-0.19	0.42
bankrupt	-0.19	0.16
wild	-0.19	0.23
cuban	-0.19	0.06
sensory	-0.18	0.15
marine	-0.18	0.12
eager	-0.18	0.25
sprawling	-0.18	0.21
deaf	-0.18	0.25
liable	-0.18	0.17
strenuous	-0.18	0.19
sensational	-0.18	0.40
mocking	-0.17	0.26
momentary	-0.17	0.21
frequent	-0.17	0.11
profound	-0.17	0.21
unsatisfactory	-0.17	0.23
devoid	-0.17	0.11
verbal	-0.16	0.10
stinging	-0.16	0.22
dreamy	-0.16	0.25
mammoth	-0.16	0.14
loose	-0.16	0.08
inter	-0.16	0.11
medium	-0.16	0.23
arrogant	-0.16	0.22
supposed	-0.15	0.12
gradual	-0.15	0.15
emotional	-0.15	0.08
withered	-0.15	0.29
continuous	-0.15	0.12
dim	-0.15	0.24
guiding	-0.15	0.15
outward	-0.14	0.13
cautious	-0.14	0.20
revolutionary	-0.14	0.09
stormy	-0.14	0.15
arctic	-0.14	0.13
indirect	-0.14	0.19
instinctive	-0.14	0.13
subordinate	-0.14	0.26
inclined	-0.13	0.20
distant	-0.13	0.16
subconscious	-0.13	0.15
yawning	-0.13	0.17
astral	-0.13	0.23
arid	-0.13	0.11
triple	-0.13	0.19
prevalent	-0.13	0.25
longest	-0.13	0.08
cheap	-0.12	0.30
polar	-0.12	0.11
offensive	-0.12	0.21
thoughtful	-0.12	0.37
stolid	-0.11	0.16
indomitable	-0.11	0.16
expensive	-0.11	0.15
conflicting	-0.11	0.20
subsequent	-0.11	0.23
muddy	-0.11	0.16
civil	-0.11	0.06
prevailing	-0.11	0.25
crumbling	-0.11	0.15
remaining	-0.10	0.13
coarse	-0.10	0.23
romantic	-0.10	0.29
defensive	-0.10	0.11
judicial	-0.10	0.08
horizontal	-0.10	0.09
dishonest	-0.10	0.21
vocal	-0.09	0.12
memorable	-0.09	0.21
federal	-0.09	0.09
charred	-0.09	0.18
habitual	-0.09	0.14
willing	-0.09	0.18
monthly	-0.09	0.07
widespread	-0.09	0.19
steep	-0.09	0.07
tremulous	-0.09	0.28
mexican	-0.08	0.05
apparent	-0.08	0.15
heaviest	-0.08	0.18
magnetic	-0.08	0.22
costly	-0.08	0.19
electoral	-0.08	0.10
isolated	-0.08	0.18
towering	-0.08	0.13
persistent	-0.07	0.12
enthusiastic	-0.07	0.27
long	-0.07	0.13
almighty	-0.07	0.20
lasting	-0.07	0.19
remote	-0.07	0.17
sublime	-0.07	0.20
strategic	-0.06	0.19
bodily	-0.06	0.08
dual	-0.06	0.19
prussian	-0.06	0.13
incessant	-0.06	0.10
papal	-0.06	0.14
succeeding	-0.06	0.10
disturbing	-0.05	0.43
ceaseless	-0.05	0.10
finishing	-0.05	0.14
vacant	-0.05	0.14
allied	-0.05	0.09
cold	-0.05	0.26
elusive	-0.05	0.25
rusty	-0.05	0.24
elder	-0.05	0.30
swift	-0.04	0.14
inferior	-0.04	0.18
nicaraguan	-0.04	0.10
weaker	-0.04	0.30
dian	-0.04	0.14
insufficient	-0.04	0.22
bare	-0.04	0.20
junior	-0.04	0.11
constitutional	-0.04	0.13
daily	-0.04	0.16
folding	-0.04	0.14
bald	-0.03	0.21
diverse	-0.03	0.23
intact	-0.03	0.11
inaugural	-0.03	0.14
rubber	-0.03	0.16
similar	-0.03	0.20
female	-0.03	0.19
delighted	-0.03	0.73
psychic	-0.03	0.19
louder	-0.03	0.16
primitive	-0.03	0.08
canadian	-0.03	0.11
prehistoric	-0.03	0.10
gigantic	-0.03	0.12
soiled	-0.03	0.30
intermittent	-0.03	0.09
secondary	-0.02	0.16
possible	-0.02	0.24
audible	-0.02	0.11
insistent	-0.02	0.22
traditional	-0.02	0.13
governmental	-0.02	0.15
homeward	-0.02	0.14
young	-0.01	0.88
ambitious	-0.01	0.23
incoming	-0.01	0.14
specific	-0.01	0.15
manifest	-0.01	0.16
minor	-0.01	0.15
bewildering	-0.01	0.37
stationary	-0.01	0.10
peculiar	-0.01	0.38
identical	-0.01	0.18
legislative	-0.01	0.09
widening	-0.01	0.14
puffing	-0.00	0.10
naked	-0.00	0.23
astounding	-0.00	0.31
innate	-0.00	0.20
personal	-0.00	0.12
concrete	-0.00	0.14
immediate	-0.00	0.19
northwestern	-0.00	0.13
urgent	-0.00	0.19
sticky	0.00	0.21
presidential	0.00	0.10
sheer	0.00	0.18
valiant	0.00	0.16
supreme	0.00	0.17
utmost	0.00	0.23
rocky	0.00	0.08
pending	0.01	0.10
hazy	0.01	0.17
fascist	0.01	0.05
wilder	0.01	0.14
anonymous	0.01	0.17
administrative	0.01	0.11
stupendous	0.01	0.14
applicable	0.01	0.16
beneficent	0.01	0.26
voluntary	0.01	0.13
academic	0.01	0.09
jagged	0.01	0.09
countless	0.02	0.13
approximate	0.02	0.15
slow	0.02	0.12
valid	0.02	0.14
dramatic	0.02	0.33
innumerable	0.02	0.10
enormous	0.02	0.20
legal	0.02	0.10
heavy	0.02	0.17
obscure	0.02	0.13
cynical	0.02	0.24
protective	0.02	0.20
provisional	0.03	0.07
detached	0.03	0.19
previous	0.03	0.18
capita	0.03	0.10
accompanying	0.03	0.14
alternating	0.03	0.17
impulsive	0.03	0.19
arab	0.03	0.06
miniature	0.03	0.13
tireless	0.03	0.07
significant	0.03	0.41
military	0.03	0.12
conventional	0.04	0.12
separate	0.04	0.08
dominant	0.04	0.09
faintest	0.04	0.15
adjacent	0.04	0.07
governing	0.04	0.08
loud	0.04	0.24
internal	0.04	0.17
diminishing	0.04	0.08
hereditary	0.04	0.10
afloat	0.04	0.06
critical	0.05	0.11
muffled	0.05	0.19
militant	0.05	0.11
northern	0.05	0.03
communist	0.05	0.06
beneficial	0.05	0.26
volcanic	0.05	0.08
big	0.05	0.30
outstretched	0.05	0.27
financial	0.05	0.11
indian	0.05	0.09
vertical	0.05	0.05
noisy	0.05	0.22
giant	0.06	0.22
continental	0.06	0.11
successive	0.06	0.08
wooden	0.06	0.13
precise	0.06	0.08
unlimited	0.06	0.22
obsolete	0.06	0.17
explicit	0.06	0.16
fiery	0.06	0.23
gaunt	0.06	0.24
reactionary	0.07	0.13
khaki	0.07	0.36
postal	0.07	0.11
aggressive	0.07	0.12
ancient	0.07	0.11
sovereign	0.07	0.17
alert	0.07	0.20
arabian	0.07	0.04
honorary	0.07	0.07
increasing	0.08	0.14
potential	0.08	0.12
anti	0.08	0.18
appreciative	0.08	0.25
especial	0.08	0.20
direct	0.08	0.16
quarterly	0.08	0.16
functional	0.08	0.10
prodigious	0.08	0.19
easiest	0.08	0.22
eligible	0.08	0.19
electrical	0.08	0.10
sober	0.08	0.15
mystic	0.08	0.15
sunken	0.08	0.22
democratic	0.08	0.05
elevated	0.08	0.04
scotch	0.09	0.19
infinite	0.09	0.14
strongest	0.09	0.25
positive	0.09	0.17
different	0.09	0.12
naval	0.09	0.08
undisturbed	0.09	0.19
satisfying	0.09	0.43
official	0.09	0.13
assistant	0.09	0.06
rainy	0.09	0.25
visible	0.09	0.08
tangible	0.09	0.14
metropolitan	0.09	0.18
wooded	0.10	0.11
municipal	0.10	0.05
intervening	0.10	0.05
mental	0.10	0.11
congressional	0.10	0.08
incalculable	0.10	0.18
hind	0.10	0.25
emphatic	0.10	0.16
negative	0.10	0.16
oldest	0.10	0.38
socialist	0.10	0.04
preparatory	0.10	0.18
sloping	0.10	0.09
reserve	0.10	0.08
dense	0.10	0.16
small	0.10	0.15
flickering	0.10	0.25
overhanging	0.10	0.14
important	0.10	0.35
perceptible	0.11	0.14
physical	0.11	0.10
older	0.11	0.38
vast	0.11	0.12
eccentric	0.11	0.21
pessimistic	0.11	0.24
disappointing	0.11	0.19
slower	0.11	0.14
territorial	0.11	0.16
blinding	0.11	0.17
geological	0.11	0.16
stony	0.11	0.17
fiscal	0.11	0.11
wont	0.11	0.09
soviet	0.11	0.07
editorial	0.11	0.11
shortest	0.11	0.12
humble	0.11	0.21
payable	0.12	0.11
specialized	0.12	0.11
representative	0.12	0.09
subjective	0.12	0.09
open	0.12	0.14
harmless	0.12	0.31
literal	0.12	0.16
everlasting	0.12	0.17
rapid	0.12	0.09
opposing	0.12	0.07
miraculous	0.12	0.31
current	0.12	0.19
sharp	0.13	0.14
political	0.13	0.10
wistful	0.13	0.70
tremendous	0.13	0.26
australian	0.13	0.04
youngest	0.13	0.39
local	0.13	0.11
wrinkled	0.13	0.29
raw	0.13	0.19
temporary	0.13	0.17
senatorial	0.13	0.11
male	0.13	0.12
austere	0.13	0.11
manual	0.14	0.14
bony	0.14	0.25
bolshevik	0.14	0.09
indispensable	0.14	0.17
unbroken	0.14	0.14
ordinary	0.14	0.27
actual	0.14	0.13
meager	0.14	0.29
boiling	0.14	0.22
primary	0.14	0.19
various	0.14	0.12
diplomatic	0.14	0.09
ponderous	0.14	0.21
moist	0.14	0.23
obtainable	0.14	0.26
elementary	0.15	0.11
maternal	0.15	0.27
imperative	0.15	0.20
other	0.15	0.10
foreign	0.15	0.06
regular	0.15	0.15
ancestral	0.15	0.12
mediterranean	0.15	0.03
psychological	0.15	0.12
baptist	0.15	0.04
operative	0.15	0.07
central	0.15	0.05
commanding	0.15	0.08
winged	0.16	0.29
american	0.16	0.11
rhythmic	0.16	0.06
unprecedented	0.16	0.36
extraordinary	0.16	0.43
general	0.16	0.12
philippine	0.16	0.07
bourgeois	0.16	0.12
cumulative	0.16	0.12
final	0.16	0.13
managing	0.16	0.09
narrow	0.16	0.10
dutch	0.16	0.15
total	0.16	0.12
industrial	0.16	0.12
disinterested	0.17	0.15
speedy	0.17	0.15
irregular	0.17	0.09
constant	0.17	0.08
brief	0.17	0.15
bearded	0.17	0.28
cosmic	0.17	0.15
strict	0.17	0.12
slight	0.17	0.12
gratifying	0.17	0.27
hungarian	0.17	0.06
lesser	0.17	0.11
flat	0.17	0.14
respective	0.17	0.07
revolving	0.17	0.10
western	0.17	0.04
attentive	0.18	0.24
productive	0.18	0.11
winding	0.18	0.11
corporate	0.18	0.12
fit	0.18	0.15
economic	0.18	0.16
semi	0.18	0.12
tribal	0.18	0.09
seasoned	0.18	0.13
eastern	0.18	0.03
whole	0.18	0.17
foregoing	0.18	0.17
special	0.18	0.23
dozier	0.18	0.67
prospective	0.18	0.16
transatlantic	0.18	0.07
experimental	0.18	0.13
physiological	0.18	0.11
quick	0.18	0.21
deceased	0.19	0.20
single	0.19	0.08
vice	0.19	0.06
slightest	0.19	0.10
auxiliary	0.19	0.07
compulsory	0.19	0.07
natural	0.19	0.18
immemorial	0.19	0.08
speculative	0.19	0.13
considerable	0.19	0.20
particular	0.19	0.16
biological	0.19	0.12
corresponding	0.19	0.12
regional	0.19	0.10
automatic	0.19	0.10
flattering	0.19	0.16
outer	0.19	0.06
surrounding	0.19	0.07
equivalent	0.19	0.11
public	0.19	0.10
asiatic	0.20	0.06
intensive	0.20	0.11
lofty	0.20	0.09
earlier	0.20	0.06
main	0.20	0.07
nominal	0.20	0.13
sensitive	0.20	0.25
projecting	0.20	0.08
onetime	0.20	0.13
paramount	0.20	0.14
outstanding	0.20	0.22
wary	0.20	0.59
vital	0.20	0.23
sociological	0.20	0.13
sanitary	0.20	0.14
joyful	0.20	0.18
dynamic	0.20	0.16
early	0.21	0.06
russian	0.21	0.07
seasonal	0.21	0.20
social	0.21	0.11
hindu	0.21	0.07
independent	0.21	0.12
entire	0.21	0.13
british	0.21	0.05
slack	0.21	0.10
legitimate	0.21	0.15
gray	0.21	0.36
freezing	0.21	0.21
net	0.21	0.18
temporal	0.21	0.33
advancing	0.21	0.15
egyptian	0.21	0.05
imposing	0.22	0.21
human	0.22	0.11
exalted	0.22	0.13
famed	0.22	0.14
philosophical	0.22	0.07
powerful	0.22	0.19
nimble	0.22	0.26
unmistakable	0.22	0.05
solar	0.22	0.12
chief	0.22	0.11
sacred	0.22	0.15
earnest	0.22	0.23
intermediate	0.22	0.14
principal	0.23	0.15
sleek	0.23	0.26
liberal	0.23	0.05
electric	0.23	0.07
argentine	0.23	0.07
adverse	0.23	1.18
shiny	0.23	0.27
probable	0.23	0.28
venerable	0.23	0.22
religious	0.23	0.08
european	0.23	0.06
organic	0.23	0.08
forthcoming	0.23	0.12
metallic	0.23	0.16
maximum	0.23	0.12
international	0.24	0.10
occasional	0.24	0.17
flaming	0.24	0.27
rousing	0.24	0.11
ginger	0.24	0.14
advisable	0.24	0.19
husky	0.24	0.23
yearly	0.24	0.14
national	0.24	0.09
ecclesiastical	0.24	0.08
thick	0.24	0.24
definite	0.24	0.18
improbable	0.24	0.36
weekly	0.24	0.10
customary	0.25	0.20
hopeful	0.25	0.35
ethical	0.25	0.10
holy	0.25	0.16
deep	0.25	0.09
private	0.25	0.14
olympic	0.25	0.10
greatest	0.25	0.23
japanese	0.25	0.05
moslem	0.25	0.04
spanish	0.25	0.06
advisory	0.25	0.12
dental	0.25	0.80
unanimous	0.26	0.23
appreciable	0.26	0.14
technical	0.26	0.09
aesthetic	0.26	0.09
tentative	0.26	0.14
joint	0.26	0.11
curved	0.26	0.10
astonishing	0.26	0.45
turkish	0.26	0.07
cultural	0.26	0.14
chemical	0.26	0.11
episcopal	0.26	0.08
filipino	0.26	0.10
lowest	0.26	0.10
fundamental	0.26	0.24
varying	0.26	0.10
large	0.26	0.13
educational	0.26	0.13
shorter	0.26	0.23
jewish	0.26	0.06
recent	0.26	0.24
sole	0.27	0.17
french	0.27	0.07
racial	0.27	0.08
smallest	0.27	0.11
literary	0.27	0.09
immense	0.27	0.20
imperial	0.27	0.05
variable	0.27	0.13
divine	0.27	0.34
initial	0.27	0.13
complicated	0.27	0.12
low	0.27	0.14
untouched	0.28	0.09
inner	0.28	0.15
commercial	0.28	0.11
limited	0.28	0.11
scientific	0.28	0.09
orthodox	0.28	0.06
average	0.28	0.10
linguistic	0.28	0.13
greater	0.28	0.14
individual	0.28	0.16
contemporary	0.28	0.17
necessary	0.28	0.19
abreast	0.28	0.11
easier	0.28	0.22
numerous	0.29	0.16
annual	0.29	0.12
wholesale	0.29	0.08
int	0.29	0.12
sufficient	0.29	0.23
mechanical	0.29	0.07
german	0.29	0.07
presbyterian	0.29	0.09
high	0.29	0.15
aloof	0.29	0.23
portable	0.29	0.10
fried	0.29	0.19
accessible	0.29	0.13
great	0.29	0.19
medieval	0.30	0.12
largest	0.30	0.12
elemental	0.30	0.12
catholic	0.30	0.07
dimensional	0.30	0.13
southern	0.30	0.10
latin	0.30	0.16
radical	0.30	0.08
lower	0.30	0.08
adventurous	0.30	0.19
royal	0.30	0.09
belgian	0.30	0.05
standardized	0.30	0.21
vocational	0.30	0.15
equal	0.31	0.14
celestial	0.31	0.25
protestant	0.31	0.08
intrinsic	0.31	0.22
powdered	0.31	0.20
collective	0.31	0.14
spectacular	0.31	0.27
available	0.31	0.31
grand	0.31	0.10
italian	0.31	0.07
closest	0.31	0.11
theoretical	0.31	0.10
woolen	0.32	0.15
impersonal	0.32	0.20
preceding	0.32	0.22
roman	0.32	0.12
malay	0.32	0.10
earliest	0.32	0.11
authoritative	0.32	0.14
immortal	0.32	0.22
sporting	0.32	0.18
inherent	0.32	0.27
colonial	0.32	0.14
darker	0.32	0.24
smaller	0.33	0.13
christian	0.33	0.12
vaudeville	0.33	0.19
complex	0.33	0.13
paternal	0.33	0.12
potent	0.33	0.21
classical	0.33	0.10
unaware	0.33	0.66
minimum	0.33	0.14
cooperative	0.33	0.15
devoted	0.33	0.17
civilian	0.33	0.06
skilled	0.33	0.16
greek	0.33	0.12
close	0.34	0.16
modern	0.34	0.17
certain	0.34	0.18
clearer	0.34	0.22
larger	0.34	0.14
austrian	0.34	0.08
simplest	0.34	0.25
gallant	0.34	0.23
plain	0.34	0.11
popular	0.34	0.21
hebrew	0.34	0.12
humorous	0.34	0.25
busy	0.34	0.81
geographical	0.34	0.12
following	0.34	0.16
civic	0.34	0.08
warmer	0.34	0.23
upper	0.35	0.07
penetrating	0.35	0.18
systematic	0.35	0.12
muscular	0.35	0.25
rumanian	0.35	0.19
impartial	0.35	0.08
spirited	0.35	0.19
younger	0.35	0.33
short	0.36	0.12
pagan	0.36	0.14
conclusive	0.36	0.25
cubic	0.36	0.11
whimsical	0.36	0.25
cheaper	0.36	0.13
methodist	0.37	0.06
crystalline	0.37	0.12
compelling	0.37	0.19
inc	0.37	0.15
abstract	0.37	0.12
stronger	0.37	0.27
masculine	0.37	0.14
bigger	0.37	0.25
mobile	0.37	0.06
higher	0.37	0.11
keen	0.37	0.14
adjoining	0.37	0.14
artistic	0.37	0.13
new	0.37	0.17
perpetual	0.37	0.14
delicious	0.38	0.82
preliminary	0.38	0.16
neighboring	0.38	0.11
intelligible	0.38	0.13
partial	0.38	0.17
neutral	0.38	0.11
nearest	0.38	0.12
safer	0.38	0.25
canned	0.38	0.21
renewed	0.38	0.13
professional	0.38	0.15
characteristic	0.38	0.31
icy	0.38	0.23
double	0.38	0.08
victorian	0.38	0.12
elastic	0.39	0.17
cooler	0.39	0.17
musical	0.39	0.11
wiser	0.39	0.26
basic	0.39	0.22
danish	0.39	0.10
circular	0.39	0.11
relative	0.39	0.13
expressive	0.39	0.21
extensive	0.39	0.17
massive	0.40	0.15
resolute	0.40	0.22
richest	0.40	0.15
mighty	0.40	0.79
philosophic	0.40	0.08
agricultural	0.40	0.15
irish	0.40	0.07
detailed	0.40	0.13
polish	0.41	0.11
fearless	0.41	0.25
creative	0.41	0.20
proper	0.41	0.23
shrewd	0.41	0.14
fat	0.41	0.25
opposite	0.41	0.11
ultimate	0.41	0.26
deeper	0.41	0.14
damp	0.41	0.25
authentic	0.41	0.21
english	0.41	0.16
spiritual	0.42	0.26
historic	0.42	0.19
urban	0.42	0.09
grey	0.42	0.31
biggest	0.42	0.18
moral	0.42	0.24
fruitful	0.42	0.17
wide	0.42	0.09
progressive	0.42	0.07
ardent	0.42	0.16
inland	0.42	0.11
eldest	0.43	0.31
exact	0.43	0.18
swedish	0.43	0.07
snug	0.43	0.33
additional	0.43	0.23
roast	0.43	0.19
solid	0.44	0.15
nearby	0.44	0.13
heavier	0.44	0.22
haughty	0.44	0.23
fullest	0.44	0.15
dry	0.44	0.24
distinct	0.44	0.22
eloquent	0.44	0.14
burning	0.44	0.19
unchanged	0.45	0.13
underlying	0.45	0.22
dusky	0.45	0.29
broader	0.45	0.16
chinese	0.45	0.14
eminent	0.45	0.15
broad	0.46	0.09
architectural	0.46	0.19
yere	0.46	0.21
careful	0.46	0.11
intellectual	0.46	0.18
oriental	0.46	0.15
tory	0.46	0.12
welsh	0.46	0.08
farthest	0.46	0.10
structural	0.46	0.13
persian	0.47	0.07
common	0.47	0.14
theatrical	0.47	0.17
gothic	0.47	0.08
dried	0.47	0.19
mature	0.47	0.14
worldly	0.47	0.16
nice	0.47	0.71
native	0.48	0.16
logical	0.48	0.14
taller	0.48	0.24
constructive	0.48	0.14
misty	0.48	0.28
miscellaneous	0.48	0.13
subtle	0.48	0.18
statistical	0.49	0.16
animated	0.49	0.12
unofficial	0.49	0.13
distinguished	0.49	0.12
thicker	0.49	0.23
equitable	0.49	0.13
poetic	0.49	0.12
retail	0.49	0.18
lusty	0.49	0.22
prompt	0.49	0.14
suburban	0.49	0.11
sleeping	0.50	0.30
newer	0.50	0.14
normal	0.50	0.14
rustic	0.50	0.17
desirable	0.50	0.29
formal	0.50	0.18
playful	0.50	0.24
chilean	0.50	0.07
temperate	0.51	0.09
portuguese	0.51	0.13
wider	0.51	0.19
ceremonial	0.51	0.13
prime	0.51	0.08
prudent	0.51	0.13
thin	0.51	0.32
confidential	0.51	0.17
lighter	0.51	0.23
extra	0.51	0.16
unified	0.51	0.15
feasible	0.52	0.20
fertile	0.52	0.14
conservative	0.52	0.11
candid	0.52	0.14
cloudy	0.52	0.21
flexible	0.52	0.10
best	0.52	1.19
gilded	0.52	0.20
quicker	0.53	0.21
striking	0.53	0.44
brown	0.53	0.40
charitable	0.53	0.16
imaginative	0.53	0.16
objective	0.53	0.23
shallow	0.53	0.18
exciting	0.54	1.09
full	0.54	0.14
fashionable	0.54	0.10
highest	0.54	0.20
orderly	0.55	0.11
mathematical	0.55	0.13
notable	0.55	0.31
stout	0.55	0.28
deepest	0.55	0.07
rugged	0.55	0.16
comparable	0.55	0.15
spontaneous	0.55	0.19
convincing	0.56	0.20
civilized	0.56	0.12
sled	0.56	0.65
elaborate	0.56	0.11
exclusive	0.57	0.16
usual	0.57	0.16
amateur	0.57	0.16
richer	0.57	0.29
prominent	0.57	0.15
remarkable	0.57	0.45
appropriate	0.57	0.13
faint	0.57	0.26
unmarried	0.57	0.99
hot	0.58	0.27
dark	0.58	0.29
reliable	0.58	0.16
scant	0.58	0.18
tiny	0.58	0.33
elderly	0.59	0.32
striped	0.59	0.32
realistic	0.59	0.18
tropical	0.59	0.10
enlightened	0.59	0.08
respectful	0.59	0.29
inspiring	0.60	0.23
historical	0.60	0.17
exotic	0.60	0.25
enduring	0.60	0.14
moderate	0.60	0.19
tall	0.61	0.39
practical	0.61	0.13
varied	0.61	0.28
skillful	0.61	0.14
amusing	0.61	0.96
pious	0.62	0.10
shaded	0.62	0.23
unlikely	0.62	0.57
aristocratic	0.62	0.15
mutual	0.62	0.11
curly	0.62	0.31
feathered	0.62	0.21
universal	0.63	0.20
swiss	0.64	0.08
precious	0.64	0.15
contrasting	0.64	0.17
astute	0.64	0.11
economical	0.64	0.17
black	0.64	0.33
unselfish	0.65	0.20
apt	0.65	0.60
thrilling	0.65	0.81
effective	0.65	0.18
sheltered	0.65	0.20
encouraging	0.66	0.23
lean	0.66	0.35
photographic	0.66	0.09
amorphous	0.66	0.11
thorough	0.66	0.13
courageous	0.66	0.22
beloved	0.67	0.24
stately	0.67	0.20
genuine	0.67	0.11
sweeter	0.67	0.24
blond	0.67	0.38
impressive	0.67	0.22
inward	0.67	0.10
reasonable	0.67	0.22
practicable	0.68	0.15
smooth	0.68	0.24
susceptible	0.68	0.15
responsive	0.68	0.20
armenian	0.69	0.14
welcoming	0.69	0.27
typical	0.69	0.18
loyal	0.69	0.22
irresistible	0.69	0.69
tolerant	0.70	0.17
imperfect	0.70	0.77
steaming	0.71	0.20
favourite	0.71	0.15
sophisticated	0.71	0.11
comprehensive	0.72	0.17
honorable	0.72	0.21
rational	0.72	0.09
finer	0.72	0.24
humane	0.72	0.16
scanty	0.72	0.85
illuminating	0.73	0.44
satisfactory	0.73	0.19
burly	0.73	0.27
intricate	0.73	0.22
drowsy	0.73	0.64
handy	0.73	0.68
accurate	0.74	0.13
elegant	0.75	0.12
graphic	0.75	0.14
colored	0.76	0.27
immaculate	0.76	0.23
veiled	0.76	0.23
invaluable	0.76	0.23
refined	0.76	0.11
simpler	0.77	0.14
trim	0.77	0.33
capable	0.77	0.18
ripe	0.77	0.25
transparent	0.77	0.25
competent	0.77	0.17
discreet	0.77	0.09
abundant	0.78	0.16
glistening	0.78	0.27
comforting	0.78	0.27
silvery	0.78	0.32
youthful	0.78	0.18
influential	0.79	0.16
suitable	0.79	0.16
benevolent	0.80	0.16
patriotic	0.80	0.18
subdued	0.81	0.68
consolidated	0.81	0.86
oval	0.82	0.23
noble	0.82	0.22
lively	0.83	0.26
sincere	0.83	0.19
loving	0.84	0.58
convenient	0.85	0.20
liquid	0.85	0.13
comparative	0.86	0.14
favorable	0.87	0.70
privileged	0.87	0.74
acceptable	0.87	0.64
olive	0.87	0.22
worthy	0.87	0.15
efficient	0.88	0.15
brighter	0.89	0.26
athletic	0.89	0.15
permanent	0.89	0.16
vigorous	0.89	0.16
triumphant	0.89	0.62
faithful	0.89	0.62
luminous	0.89	0.24
modest	0.90	0.17
homely	0.91	0.62
decorative	0.91	0.20
intimate	0.91	0.13
classic	0.91	0.75
snowy	0.92	0.31
sensible	0.92	0.16
energetic	0.92	0.17
priceless	0.93	0.23
intelligent	0.93	0.20
parisian	0.93	0.17
superior	0.94	0.71
plump	0.94	0.33
majestic	0.94	0.22
steady	0.94	0.18
distinctive	0.95	0.29
profitable	0.95	0.25
frail	0.95	0.73
sympathetic	0.95	0.27
silken	0.96	0.28
mellow	0.96	0.26
glittering	0.96	0.32
baked	0.96	0.54
red	0.97	0.36
sweeping	0.97	0.61
magnificent	0.97	0.32
conscientious	0.97	0.21
picturesque	0.97	0.74
quaint	0.98	0.48
polished	0.99	0.20
gleaming	0.99	0.35
slender	1.00	0.40
active	1.00	0.13
considerate	1.01	0.21
antique	1.02	0.21
desirous	1.02	0.55
famous	1.02	0.74
airy	1.03	0.15
luxurious	1.03	0.10
marvellous	1.04	0.52
reminiscent	1.04	0.57
sonic	1.04	0.64
agreeable	1.04	0.97
soft	1.05	0.27
generous	1.05	0.20
absorbing	1.05	0.74
passive	1.05	0.63
coloured	1.05	0.25
original	1.06	0.80
fleeting	1.06	0.52
crisp	1.07	0.22
glowing	1.07	0.27
helpful	1.08	0.23
white	1.08	0.40
favorite	1.08	0.61
cordial	1.09	0.31
sturdy	1.09	0.20
clean	1.09	0.25
free	1.10	0.63
brisk	1.10	0.21
yellow	1.10	0.34
useful	1.10	0.30
industrious	1.10	0.25
optimistic	1.11	0.60
safe	1.11	0.59
gentle	1.11	0.28
plausible	1.11	0.50
rural	1.11	0.67
handsome	1.12	0.26
blue	1.12	0.37
substantial	1.12	0.76
dignified	1.12	0.13
ample	1.12	0.82
violet	1.13	0.41
adequate	1.13	0.78
colorful	1.13	0.64
smart	1.14	0.61
dazzling	1.14	0.32
crimson	1.15	0.35
feminine	1.15	0.17
graceful	1.15	0.33
promising	1.16	0.54
gorgeous	1.16	0.25
purple	1.16	0.37
neat	1.16	0.22
boyish	1.17	0.40
rosy	1.17	0.27
respectable	1.17	0.22
shady	1.18	0.60
merciful	1.19	0.63
unemployed	1.19	0.74
fragrant	1.19	0.24
poorer	1.19	0.62
hearty	1.20	0.21
exceptional	1.20	0.69
affectionate	1.20	0.31
cultured	1.20	0.16
happiest	1.21	0.76
tender	1.21	0.56
sweetest	1.22	0.59
strong	1.22	0.59
ruddy	1.22	0.24
lavish	1.22	0.59
sane	1.23	0.18
businesslike	1.23	0.56
content	1.23	0.66
real	1.25	0.71
true	1.25	0.66
tempting	1.26	0.40
waxed	1.26	0.48
stimulating	1.27	0.49
prettiest	1.27	0.66
valuable	1.28	0.61
hospitable	1.28	0.30
lyric	1.28	0.53
gifted	1.28	0.62
fine	1.29	0.91
green	1.29	0.36
vivid	1.30	0.16
scarlet	1.30	0.33
pale	1.30	0.75
absolute	1.30	0.93
calm	1.31	0.23
fair	1.33	0.97
complete	1.34	0.87
brilliant	1.34	0.14
mild	1.35	0.45
jolly	1.35	0.51
glorious	1.35	0.55
suggestive	1.36	0.61
shimmering	1.37	0.34
lilac	1.37	0.70
wealthy	1.37	0.60
slim	1.39	0.68
successful	1.40	0.47
casual	1.40	0.67
eternal	1.44	0.72
simple	1.44	0.49
finest	1.44	0.65
easy	1.46	0.47
essential	1.46	0.80
ideal	1.47	0.72
lithe	1.47	0.71
stable	1.48	0.55
honest	1.49	0.61
manly	1.49	0.60
polite	1.49	0.55
witty	1.49	0.51
confident	1.53	0.52
robust	1.53	0.45
cheery	1.54	0.52
warm	1.55	0.54
spacious	1.56	0.39
rare	1.57	0.51
courteous	1.58	0.56
blonde	1.58	0.57
heavenly	1.59	0.63
secluded	1.60	0.50
friendly	1.60	0.55
fresh	1.60	0.44
virtuous	1.61	0.57
reassuring	1.62	0.54
clever	1.63	0.44
decent	1.64	0.63
merry	1.65	0.53
gracious	1.67	0.44
ingenious	1.67	0.49
soothing	1.68	0.59
marvelous	1.68	0.56
advantageous	1.69	0.50
suave	1.70	0.52
quiet	1.70	0.48
genial	1.71	0.53
sunny	1.71	0.51
rich	1.72	0.45
amiable	1.74	0.47
golden	1.76	0.67
pink	1.77	0.72
scented	1.78	0.60
cool	1.79	0.51
harmonious	1.81	0.54
superb	1.82	0.66
sparkling	1.82	0.58
shining	1.83	0.65
clear	1.83	0.33
refreshing	1.83	0.55
pure	1.84	0.52
informal	1.84	0.64
splendid	1.85	0.64
happier	1.87	0.66
placid	1.88	0.50
serene	1.88	0.52
wise	1.89	0.58
unique	1.89	0.69
interesting	1.90	0.66
bright	1.92	0.51
consistent	1.93	0.67
comfortable	1.93	0.44
fragile	1.94	0.69
dainty	1.95	0.58
wonderful	1.95	0.43
blessed	1.95	0.40
healthy	1.97	0.49
girlish	1.97	0.60
entertaining	1.98	0.44
fascinating	1.98	0.59
enchanted	1.99	0.42
outdoor	2.01	0.46
peaceful	2.06	0.43
pleasing	2.07	0.37
joyous	2.11	0.37
delicate	2.13	0.59
gay	2.15	0.36
admirable	2.16	0.52
engaging	2.19	0.45
sweet	2.20	0.31
prosperous	2.22	0.42
congenial	2.26	0.53
cheerful	2.27	0.45
exquisite	2.29	0.52
alluring	2.30	0.42
charming	2.36	0.31
radiant	2.37	0.47
tahitian	2.37	0.61
beautiful	2.39	0.44
attractive	2.53	0.29
tranquil	2.57	0.33
wholesome	2.61	0.27
