ill	-3.02	0.49
worst	-2.92	0.61
tragic	-2.91	0.68
starving	-2.91	0.53
fatal	-2.89	0.49
frightful	-2.88	0.68
miserable	-2.78	0.71
weak	-2.73	0.69
discouraging	-2.73	0.57
terrible	-2.70	0.79
wretched	-2.64	0.66
defective	-2.59	0.65
depressing	-2.59	0.68
lonely	-2.56	0.68
sick	-2.54	0.81
queer	-2.47	0.54
ugly	-2.44	0.60
dismal	-2.41	0.61
embarrassing	-2.40	0.81
deaf	-2.38	0.68
blind	-2.37	0.77
brutal	-2.37	0.97
sinister	-2.36	0.81
vicious	-2.34	0.92
helpless	-2.31	0.79
dreadful	-2.25	0.81
immigrant	-2.25	0.87
tired	-2.23	0.75
hideous	-2.22	0.94
hungry	-2.21	0.75
stricken	-2.17	0.77
moody	-2.16	0.76
devastating	-2.14	0.68
ghastly	-2.14	0.92
inevitable	-2.12	0.82
destitute	-2.07	0.90
foul	-2.05	0.91
grotesque	-2.03	1.02
bitter	-2.02	0.61
depressed	-2.01	0.81
crippled	-2.01	0.94
inexplicable	-1.99	0.60
mortal	-1.98	0.68
gloomy	-1.97	0.62
restless	-1.97	0.77
mute	-1.96	0.64
ignorant	-1.94	0.77
grim	-1.93	0.75
earliest	-1.93	1.02
homeless	-1.93	0.93
appalling	-1.92	0.93
monstrous	-1.92	1.03
bewildered	-1.91	0.76
weird	-1.90	1.01
distorted	-1.90	0.95
unworthy	-1.89	0.69
prevalent	-1.88	0.74
uneasy	-1.87	0.84
absurd	-1.84	0.78
pathetic	-1.84	0.60
resentful	-1.83	0.85
appropriate	-1.80	0.88
unknown	-1.80	0.88
needy	-1.78	0.98
unreal	-1.77	0.94
sore	-1.77	0.93
lonesome	-1.77	0.66
awful	-1.75	0.92
abnormal	-1.74	0.85
unemployed	-1.74	1.01
selfish	-1.73	0.92
alien	-1.73	0.67
imaginary	-1.72	0.89
improper	-1.71	0.93
ragged	-1.70	0.85
trifling	-1.68	0.79
sordid	-1.67	0.27
decisive	-1.67	1.02
peculiar	-1.67	0.83
sad	-1.66	0.83
worse	-1.66	0.95
crazy	-1.65	0.99
corrupt	-1.65	1.02
lame	-1.62	0.98
jobless	-1.62	1.01
conceivable	-1.62	0.91
unsatisfactory	-1.60	0.81
filthy	-1.60	0.96
dangerous	-1.60	0.70
destructive	-1.58	1.01
faulty	-1.58	0.74
hopeless	-1.57	0.19
rude	-1.57	0.75
unimportant	-1.57	0.96
dumb	-1.57	0.79
annoying	-1.56	0.61
dead	-1.54	0.93
alarming	-1.53	0.89
afraid	-1.53	0.84
poorer	-1.52	0.91
weary	-1.52	0.50
fleeting	-1.51	0.86
alleged	-1.48	0.76
chronic	-1.47	0.22
baptist	-1.46	0.94
forlorn	-1.46	0.33
futile	-1.46	0.14
dreary	-1.45	0.23
insane	-1.45	0.30
approximate	-1.42	1.06
curious	-1.42	0.74
embarrassed	-1.42	0.91
supernatural	-1.41	1.05
unusual	-1.39	0.89
fantastic	-1.39	1.00
heathen	-1.38	1.05
strange	-1.37	1.08
unexpected	-1.37	0.88
natural	-1.36	1.09
doubtful	-1.36	0.81
deadly	-1.36	0.30
indignant	-1.35	0.90
melancholy	-1.35	0.84
universal	-1.34	1.22
exceptional	-1.34	0.92
preoccupied	-1.34	0.90
vulgar	-1.33	0.27
strangest	-1.33	0.61
unseen	-1.32	1.08
cruel	-1.32	0.39
favorable	-1.32	0.73
ruthless	-1.31	1.07
frail	-1.31	0.89
stupid	-1.30	0.30
superficial	-1.30	0.73
intolerable	-1.29	0.34
unscrupulous	-1.27	1.10
damned	-1.26	1.25
inherent	-1.26	1.20
lousy	-1.25	1.25
remarkable	-1.25	0.97
dizzy	-1.25	0.36
desperate	-1.24	0.25
horrid	-1.23	0.79
mysterious	-1.22	0.52
murderous	-1.22	0.39
haggard	-1.22	0.37
frightened	-1.22	0.48
pitiful	-1.21	0.33
poisonous	-1.20	0.73
illuminating	-1.20	0.84
savage	-1.20	0.23
mad	-1.19	0.42
worried	-1.19	0.50
sleepy	-1.18	0.45
menacing	-1.18	0.36
criminal	-1.17	1.12
severe	-1.17	0.18
goddamn	-1.17	1.25
nasty	-1.15	1.22
unnatural	-1.15	0.34
senseless	-1.13	0.23
dependent	-1.13	0.43
angry	-1.13	0.42
damn	-1.12	1.30
crucial	-1.12	1.08
significant	-1.10	1.01
terrifying	-1.10	1.09
bruised	-1.10	0.41
dishonest	-1.09	0.31
immoral	-1.09	0.29
notorious	-1.08	0.71
desolate	-1.07	0.25
scared	-1.07	0.63
sharp	-1.07	0.88
divine	-1.06	1.23
sour	-1.06	0.65
clumsy	-1.05	0.23
disastrous	-1.05	1.12
painful	-1.05	1.00
burning	-1.04	0.89
serious	-1.04	0.21
useless	-1.03	0.16
inconsistent	-1.03	0.27
adverse	-1.03	0.28
drab	-1.02	0.25
fearful	-1.02	0.26
incompetent	-1.00	0.17
bleeding	-1.00	0.38
penetrating	-1.00	0.85
treacherous	-0.99	0.23
timid	-0.99	0.92
nervous	-0.99	0.38
jealous	-0.99	0.46
unsound	-0.99	0.30
terrific	-0.99	0.36
malicious	-0.98	1.11
bloody	-0.98	0.19
wicked	-0.98	1.33
uncomfortable	-0.98	0.43
ridiculous	-0.97	0.36
dissatisfied	-0.96	1.06
disgusted	-0.96	0.52
unjust	-0.96	0.37
sentimental	-0.96	0.19
dazed	-0.95	0.39
shadowy	-0.95	0.50
ashamed	-0.94	0.52
unbearable	-0.94	0.39
stern	-0.94	0.81
true	-0.94	0.94
annoyed	-0.94	0.52
remote	-0.94	0.29
imminent	-0.93	0.25
acute	-0.92	0.27
harmful	-0.92	0.34
unfair	-0.92	0.30
inferior	-0.92	0.27
feeble	-0.91	0.32
false	-0.91	0.23
sorry	-0.90	0.77
impatient	-0.90	0.39
unfamiliar	-0.90	0.37
unbelievable	-0.90	0.47
forbidding	-0.89	0.23
insignificant	-0.89	0.18
dirty	-0.88	0.66
brooding	-0.88	0.31
unwise	-0.87	0.21
somber	-0.87	0.38
puzzled	-0.87	0.50
gaping	-0.87	0.20
commonplace	-0.86	0.16
silly	-0.85	0.47
suspicious	-0.85	0.45
preposterous	-0.85	0.35
little	-0.85	0.86
defiant	-0.85	0.38
unreasonable	-0.84	0.27
unfit	-0.84	0.29
unfavorable	-0.83	0.30
harassed	-0.82	0.29
whole	-0.82	0.30
battered	-0.81	0.39
petty	-0.81	0.37
drunk	-0.81	1.29
eligible	-0.81	0.28
unstable	-0.81	0.70
simplest	-0.81	0.94
digestive	-0.80	0.21
worthless	-0.79	0.16
howling	-0.78	0.31
bored	-0.78	0.47
irrelevant	-0.78	0.21
humble	-0.77	0.82
arbitrary	-0.77	0.21
hysterical	-0.77	0.24
unlawful	-0.76	0.25
foolish	-0.76	0.24
limp	-0.75	0.37
cramped	-0.75	0.41
ominous	-0.74	0.37
trivial	-0.73	0.17
isolated	-0.73	0.24
excited	-0.73	0.44
rusty	-0.73	0.34
symbolic	-0.72	0.30
lifeless	-0.71	0.30
stubborn	-0.71	0.23
furious	-0.71	0.21
apparent	-0.70	0.20
violent	-0.69	0.15
psychic	-0.68	0.18
naked	-0.68	0.35
mormon	-0.68	0.19
stormy	-0.68	0.24
neighboring	-0.67	0.15
unaware	-0.67	0.14
fierce	-0.67	0.21
arrogant	-0.67	0.21
wounded	-0.66	0.32
aged	-0.65	1.09
aching	-0.65	0.31
wan	-0.65	0.41
unnecessary	-0.65	0.10
drunken	-0.64	0.37
colossal	-0.64	0.37
lone	-0.64	0.31
questionable	-0.63	0.20
soiled	-0.63	0.30
negligible	-0.63	0.16
frantic	-0.63	0.17
feverish	-0.63	0.27
outright	-0.62	0.20
momentary	-0.61	0.25
greedy	-0.61	0.28
hind	-0.61	0.28
exaggerated	-0.61	0.21
barren	-0.61	0.17
meaningless	-0.61	0.24
primitive	-0.61	0.26
soapy	-0.60	0.87
present	-0.60	0.25
monotonous	-0.60	0.27
excessive	-0.59	0.15
wont	-0.59	0.47
lazy	-0.59	0.38
crumpled	-0.58	0.29
needless	-0.58	0.10
bleak	-0.58	0.38
pertinent	-0.58	0.40
productive	-0.58	1.25
incredible	-0.57	0.54
mental	-0.57	0.13
sudden	-0.57	0.34
unfriendly	-0.57	1.02
disappointing	-0.56	1.08
shabby	-0.56	0.43
unconstitutional	-0.56	0.22
longest	-0.56	0.15
bulky	-0.56	0.14
unmistakable	-0.55	0.32
improbable	-0.55	0.21
wistful	-0.55	1.00
veritable	-0.55	0.16
unthinkable	-0.54	0.18
undesirable	-0.54	0.29
wrong	-0.54	1.14
characteristic	-0.54	0.31
disappointed	-0.54	0.55
worrying	-0.53	0.54
incapable	-0.53	0.19
frenzied	-0.52	0.11
vague	-0.52	0.39
declining	-0.52	0.18
ghostly	-0.51	0.50
harsh	-0.50	0.25
squat	-0.50	0.34
devoid	-0.50	0.22
rotten	-0.50	1.22
perpetual	-0.49	0.19
illegal	-0.49	0.16
widespread	-0.49	0.22
asiatic	-0.49	0.14
blackened	-0.49	0.24
overwhelming	-0.49	0.28
disorderly	-0.49	0.14
phenomenal	-0.48	0.26
jewish	-0.48	0.24
partisan	-0.48	0.26
distant	-0.48	0.25
jagged	-0.48	0.22
obscure	-0.48	0.15
nearest	-0.47	0.21
speechless	-0.47	0.31
surprised	-0.47	0.55
anxious	-0.47	0.41
guilty	-0.47	0.26
misleading	-0.46	0.13
tame	-0.46	0.20
awkward	-0.46	0.22
asleep	-0.46	0.40
surprising	-0.46	0.49
historical	-0.45	0.27
childish	-0.45	0.23
urgent	-0.45	0.16
familiar	-0.45	1.11
disagreeable	-0.44	1.12
morbid	-0.44	0.18
uncertain	-0.44	0.19
obvious	-0.44	0.22
historic	-0.44	0.29
particular	-0.44	0.29
astonished	-0.43	0.49
powerless	-0.43	0.17
lesser	-0.43	0.23
prevailing	-0.43	0.21
healing	-0.43	0.16
aware	-0.43	0.23
probable	-0.42	0.21
stark	-0.42	0.24
sullen	-0.42	0.46
minor	-0.41	0.25
cunning	-0.41	0.43
awed	-0.41	0.44
consequent	-0.41	0.24
manifest	-0.41	0.20
slight	-0.41	0.19
conscious	-0.41	0.27
crooked	-0.40	0.22
premature	-0.40	0.23
invisible	-0.40	0.23
biological	-0.40	0.29
unprecedented	-0.40	0.36
provincial	-0.40	0.18
meager	-0.40	0.20
exterior	-0.40	0.13
stray	-0.39	0.24
striking	-0.39	1.32
organic	-0.39	0.18
prodigious	-0.39	0.31
unique	-0.39	0.45
dull	-0.38	0.30
special	-0.38	0.31
cosmic	-0.38	0.26
sheer	-0.37	0.31
principal	-0.37	0.18
slower	-0.37	0.24
unfinished	-0.37	0.20
penal	-0.37	0.21
geographical	-0.37	0.24
supreme	-0.37	0.09
ironic	-0.36	0.92
indian	-0.36	0.18
unpaid	-0.36	0.12
decreasing	-0.36	0.15
moral	-0.36	0.24
defensive	-0.35	0.16
undue	-0.35	0.21
amazed	-0.35	0.43
dippy	-0.35	0.44
outrageous	-0.34	0.49
abrupt	-0.34	0.28
outraged	-0.34	0.24
dusty	-0.34	0.29
shrill	-0.34	0.26
irresponsible	-0.34	0.23
artificial	-0.34	0.21
clerical	-0.34	0.14
muddy	-0.34	0.27
sled	-0.33	0.18
maritime	-0.33	0.11
physical	-0.33	0.20
vacant	-0.33	0.28
unused	-0.33	0.22
urban	-0.33	0.24
suggestive	-0.33	0.30
seasonal	-0.33	0.36
fake	-0.33	0.14
reckless	-0.33	0.21
bodily	-0.32	0.12
confusing	-0.32	0.27
miscellaneous	-0.32	0.14
tremendous	-0.32	0.31
christian	-0.32	0.30
smoky	-0.32	0.20
impending	-0.32	0.31
romantic	-0.32	0.31
prolonged	-0.32	0.29
puzzling	-0.32	0.46
extreme	-0.31	0.31
shocking	-0.31	0.91
metaphysical	-0.31	0.29
explosive	-0.31	0.17
methodist	-0.31	0.28
akin	-0.31	0.17
notable	-0.31	0.47
belligerent	-0.31	0.13
mere	-0.31	0.24
astonishing	-0.30	0.49
certain	-0.30	0.26
inert	-0.30	0.36
instinctive	-0.30	0.29
residential	-0.29	0.14
victorious	-0.29	0.14
hoarse	-0.29	0.21
manual	-0.29	0.13
awake	-0.29	0.32
bolshevik	-0.29	0.14
sensational	-0.29	1.21
corporate	-0.29	0.27
undistributed	-0.29	0.22
proletarian	-0.29	0.09
indirect	-0.28	0.17
extra	-0.28	0.14
swollen	-0.28	0.28
stony	-0.28	0.16
stupendous	-0.28	0.28
chemical	-0.28	0.15
acceptable	-0.28	0.27
beneficial	-0.28	0.44
preparatory	-0.28	0.23
unpopular	-0.28	0.22
heroic	-0.28	0.21
throbbing	-0.28	0.24
gaunt	-0.27	0.39
harmless	-0.27	0.23
nominal	-0.27	0.14
pompous	-0.27	0.31
identical	-0.27	0.14
incidental	-0.27	0.26
unchanged	-0.27	0.18
funny	-0.27	1.08
functional	-0.27	0.13
greasy	-0.27	0.37
incoming	-0.27	0.10
darn	-0.26	1.34
inward	-0.26	0.18
noticeable	-0.26	0.21
norwegian	-0.26	0.19
valid	-0.26	0.15
physiological	-0.26	0.16
surviving	-0.26	0.17
innumerable	-0.26	0.15
incomplete	-0.26	0.31
mexican	-0.25	0.08
volcanic	-0.25	0.08
real	-0.25	0.20
thinner	-0.25	0.30
orthodox	-0.25	0.24
marvellous	-0.25	1.08
apt	-0.25	0.12
danish	-0.25	0.17
rash	-0.25	0.16
medical	-0.25	0.13
general	-0.25	0.14
solar	-0.25	0.10
macroscopic	-0.25	0.16
tedious	-0.25	0.42
sexual	-0.25	0.26
elastic	-0.24	0.12
fundamental	-0.24	0.30
cultural	-0.24	0.17
inland	-0.24	0.17
racial	-0.24	0.14
encouraging	-0.24	0.36
guiding	-0.23	0.14
imperative	-0.23	0.16
presidential	-0.23	0.25
major	-0.23	0.24
underground	-0.23	0.08
monthly	-0.23	0.10
naive	-0.23	0.15
vital	-0.23	0.41
unsuccessful	-0.23	0.25
skeptical	-0.23	0.33
belgian	-0.23	0.17
synthetic	-0.23	0.11
lowest	-0.22	0.13
dingy	-0.22	0.26
dim	-0.22	0.35
diminishing	-0.22	0.14
critical	-0.22	0.16
theological	-0.22	0.20
competitive	-0.22	0.18
rural	-0.22	0.20
statutory	-0.22	0.22
mystic	-0.22	0.18
junior	-0.21	0.06
vocal	-0.21	0.15
investing	-0.21	0.19
superior	-0.21	0.08
misty	-0.21	0.32
net	-0.21	0.20
compulsory	-0.21	0.13
louder	-0.21	0.21
gross	-0.21	0.16
temporary	-0.21	0.18
constitutional	-0.21	0.23
rightist	-0.21	0.12
miraculous	-0.20	0.31
immense	-0.20	0.30
arctic	-0.20	0.09
conflicting	-0.20	0.17
ole	-0.20	0.49
avowed	-0.20	0.22
extraordinary	-0.20	0.37
slow	-0.20	0.23
habitual	-0.20	0.11
faintest	-0.19	0.38
faint	-0.19	0.33
structural	-0.19	0.23
elementary	-0.19	0.17
untouched	-0.19	0.16
fabulous	-0.19	0.25
revolutionary	-0.19	0.16
uneven	-0.19	0.21
advisable	-0.19	0.18
impossible	-0.19	0.15
agricultural	-0.19	0.16
swift	-0.19	0.15
secondary	-0.19	0.14
similar	-0.19	0.27
outstanding	-0.19	0.38
adjacent	-0.19	0.08
nazi	-0.18	0.09
tribal	-0.18	0.09
basic	-0.18	0.24
aesthetic	-0.18	0.19
rough	-0.18	0.34
eskimo	-0.18	0.12
alcoholic	-0.18	0.18
passionate	-0.18	0.16
visible	-0.18	0.16
constant	-0.18	0.09
psychological	-0.18	0.17
positive	-0.18	0.32
supplementary	-0.18	0.24
deceased	-0.17	0.18
stale	-0.17	0.44
capitalist	-0.17	0.36
flickering	-0.17	0.35
liable	-0.17	0.24
corresponding	-0.17	0.19
evident	-0.17	0.14
mandatory	-0.17	0.10
austrian	-0.16	0.10
chief	-0.16	0.16
intense	-0.16	0.16
malay	-0.16	0.15
foregoing	-0.16	0.21
elevated	-0.16	0.15
coastal	-0.16	0.11
argentine	-0.16	0.08
sovereign	-0.16	0.21
sanitary	-0.16	0.15
spiritual	-0.16	0.27
obsolete	-0.16	0.13
conspicuous	-0.15	1.13
snowy	-0.15	0.23
vice	-0.15	0.13
slightest	-0.15	0.18
suburban	-0.15	0.18
gigantic	-0.15	0.34
primary	-0.15	0.18
quaker	-0.15	0.25
triumphant	-0.15	0.22
single	-0.15	0.21
creaking	-0.15	0.16
fascist	-0.15	0.17
unnoticed	-0.15	0.23
cute	-0.14	1.19
crude	-0.14	0.19
quarterly	-0.14	0.14
considerable	-0.14	0.26
distinctive	-0.14	0.26
juvenile	-0.14	0.17
startling	-0.14	0.42
enormous	-0.14	0.29
typical	-0.14	0.30
ecclesiastical	-0.14	0.20
succeeding	-0.14	0.25
anonymous	-0.13	0.16
parliamentary	-0.13	0.25
rocky	-0.13	0.14
formidable	-0.13	0.20
sunken	-0.13	0.24
comparable	-0.13	0.17
ceremonial	-0.13	0.26
revolving	-0.13	0.17
economic	-0.13	0.17
perilous	-0.13	0.41
married	-0.13	0.88
conclusive	-0.12	0.36
gradual	-0.12	0.24
winding	-0.12	0.14
important	-0.12	0.48
rhythmic	-0.12	0.17
alert	-0.12	0.29
widening	-0.12	0.12
armed	-0.12	0.05
inc	-0.12	0.11
protective	-0.12	0.12
legitimate	-0.11	0.20
potential	-0.11	0.22
federal	-0.11	0.18
troublesome	-0.11	0.33
absent	-0.11	0.20
interminable	-0.11	0.23
spectacular	-0.11	0.46
representative	-0.11	0.13
religious	-0.11	0.15
proportional	-0.11	0.17
mediterranean	-0.11	0.04
bourgeois	-0.11	0.15
smallest	-0.10	0.18
increasing	-0.10	0.19
african	-0.10	0.10
strategic	-0.10	0.15
reactionary	-0.10	0.11
abstract	-0.10	0.20
ponderous	-0.10	0.17
earlier	-0.10	0.20
swell	-0.10	1.29
mountainous	-0.10	0.08
eventual	-0.10	0.37
unbroken	-0.10	0.21
continuous	-0.10	0.13
civic	-0.09	0.14
subsequent	-0.09	0.27
eastern	-0.09	0.04
hairy	-0.09	0.38
baltic	-0.09	0.04
insurgent	-0.09	0.06
scandinavian	-0.09	0.17
turkish	-0.09	0.07
offensive	-0.08	0.10
roman	-0.08	0.19
final	-0.08	0.38
concerned	-0.08	0.24
social	-0.08	0.18
hostile	-0.08	0.26
aggressive	-0.08	0.26
portuguese	-0.08	0.06
external	-0.08	0.15
ancient	-0.08	0.21
central	-0.08	0.06
taxing	-0.08	0.12
audible	-0.08	0.30
indifferent	-0.08	0.28
hereditary	-0.08	0.10
renewed	-0.08	0.11
kincaid	-0.07	0.15
recent	-0.07	0.39
emphatic	-0.07	0.23
rare	-0.07	0.39
other	-0.07	0.14
charitable	-0.07	0.17
theoretical	-0.07	0.19
feudal	-0.07	0.17
existing	-0.07	0.14
political	-0.07	0.15
annual	-0.07	0.18
tough	-0.07	1.37
financial	-0.07	0.16
civilian	-0.07	0.12
dictatorial	-0.07	0.18
emotional	-0.07	0.14
fiscal	-0.07	0.14
caribbean	-0.06	0.05
loose	-0.06	0.33
previous	-0.06	0.16
civil	-0.06	0.16
socialist	-0.06	0.09
appellate	-0.06	0.14
preceding	-0.06	0.14
advisory	-0.06	0.07
australian	-0.06	0.08
protestant	-0.06	0.28
payable	-0.06	0.15
young	-0.06	0.95
unconscious	-0.06	0.22
logical	-0.06	0.18
sacred	-0.06	0.20
electoral	-0.05	0.26
odd	-0.05	1.08
dominant	-0.05	0.19
filipino	-0.05	0.07
visual	-0.05	0.14
hungarian	-0.05	0.07
common	-0.05	0.23
underlying	-0.05	0.23
spanish	-0.05	0.07
leftist	-0.05	0.06
endless	-0.05	0.24
secret	-0.05	0.21
olympic	-0.05	0.18
moslem	-0.05	0.11
current	-0.04	0.17
weaker	-0.04	0.28
western	-0.04	0.05
intermediate	-0.04	0.11
brittle	-0.04	0.21
essential	-0.04	0.29
sprawling	-0.04	0.21
militant	-0.04	0.15
specific	-0.04	0.27
brazilian	-0.04	0.06
circular	-0.04	0.14
communist	-0.04	0.08
disturbing	-0.04	1.05
swedish	-0.04	0.09
naval	-0.04	0.07
finnish	-0.03	0.05
polish	-0.03	0.07
northern	-0.03	0.05
exalted	-0.03	0.14
difficult	-0.03	0.27
hazy	-0.03	0.17
hindu	-0.03	0.19
wholesale	-0.03	0.19
philosophical	-0.03	0.15
distinct	-0.03	0.08
reminiscent	-0.03	1.16
imposing	-0.03	0.11
prime	-0.03	0.12
vast	-0.03	0.18
actual	-0.03	0.31
educational	-0.03	0.13
dramatic	-0.03	0.36
intellectual	-0.03	0.16
native	-0.03	0.15
prospective	-0.03	0.19
guaranty	-0.03	0.19
earnest	-0.03	0.15
int	-0.03	0.15
projecting	-0.02	0.17
frozen	-0.02	0.22
insistent	-0.02	0.13
canadian	-0.02	0.05
drastic	-0.02	0.19
vocational	-0.02	0.13
plausible	-0.02	0.21
russian	-0.02	0.05
verbal	-0.02	0.15
european	-0.02	0.07
military	-0.02	0.07
congressional	-0.02	0.15
inclusive	-0.02	0.23
towering	-0.02	0.20
german	-0.02	0.06
strongest	-0.02	0.22
public	-0.02	0.16
italian	-0.01	0.06
likely	-0.01	0.19
governing	-0.01	0.10
industrial	-0.01	0.21
unofficial	-0.01	0.09
senior	-0.01	0.12
opposing	-0.01	0.11
subordinate	-0.01	0.14
french	-0.01	0.06
correct	-0.01	0.28
arid	-0.01	0.12
human	-0.01	0.30
further	-0.01	0.18
assistant	-0.01	0.19
harder	-0.01	0.36
catholic	-0.01	0.24
domestic	-0.01	0.15
mammoth	-0.01	0.18
total	-0.01	0.23
egyptian	-0.01	0.09
incessant	-0.01	0.08
glacial	-0.01	0.05
great	-0.01	0.26
skilled	-0.00	0.22
aggregate	-0.00	0.20
irregular	-0.00	0.11
homeward	-0.00	0.17
additional	-0.00	0.16
biggest	-0.00	0.38
transatlantic	0.00	0.15
old	0.00	1.17
local	0.00	0.11
czech	0.00	0.06
yearly	0.00	0.14
heavier	0.00	0.26
comparative	0.01	0.20
chinese	0.01	0.06
commanding	0.01	0.23
muffled	0.01	0.21
weekly	0.01	0.09
atomic	0.01	0.17
vaudeville	0.01	0.21
main	0.01	0.15
static	0.01	0.23
operative	0.01	0.13
academic	0.01	0.08
lower	0.01	0.13
editorial	0.01	0.15
premier	0.01	0.07
entire	0.01	0.21
consolidated	0.01	0.10
resultant	0.01	0.22
higher	0.01	0.16
national	0.01	0.10
judicial	0.02	0.20
costly	0.02	0.20
wooden	0.02	0.21
absorbing	0.02	0.29
average	0.02	0.21
maximum	0.02	0.16
rainy	0.02	0.37
indispensable	0.02	0.09
linguistic	0.02	0.19
legislative	0.02	0.14
totalitarian	0.02	0.17
inclined	0.02	0.25
optimistic	0.03	0.30
rubber	0.03	0.07
easier	0.03	0.29
rational	0.03	0.31
various	0.03	0.21
controversial	0.03	0.31
southern	0.03	0.12
heaviest	0.03	0.12
inadequate	0.03	0.96
foreign	0.03	0.07
episcopal	0.03	0.25
dubious	0.03	0.18
managing	0.03	0.08
conventional	0.03	0.16
hard	0.03	1.21
smashing	0.03	0.18
equivalent	0.03	0.21
animated	0.03	0.19
capitalistic	0.03	0.31
tangible	0.04	0.29
sterile	0.04	0.15
holy	0.04	0.37
ethical	0.04	0.20
swelling	0.04	0.21
irish	0.04	0.18
governmental	0.04	0.13
metallic	0.04	0.18
portable	0.04	0.09
ultimate	0.04	0.31
medieval	0.04	0.20
cuban	0.04	0.06
youngest	0.04	0.36
auxiliary	0.04	0.16
sole	0.04	0.13
uniformed	0.04	0.17
hasty	0.04	0.14
outer	0.04	0.14
radical	0.04	0.11
reserve	0.04	0.18
silent	0.04	0.41
daily	0.04	0.15
administrative	0.04	0.16
democratic	0.04	0.12
phonetic	0.05	0.22
monetary	0.05	0.14
senatorial	0.05	0.14
exempt	0.05	0.14
diverse	0.05	0.24
outward	0.05	0.29
outstretched	0.05	0.23
virtual	0.05	0.27
dummy	0.06	0.13
initial	0.06	0.24
bold	0.06	0.25
crushing	0.06	0.14
shy	0.06	0.37
architectural	0.06	0.15
responsible	0.06	0.18
reciprocal	0.07	0.14
dutch	0.07	0.11
retreating	0.07	0.13
british	0.07	0.05
continental	0.07	0.08
bigger	0.07	0.35
arab	0.07	0.17
rigid	0.07	0.10
liberal	0.07	0.10
hourly	0.07	0.12
finite	0.07	0.31
individual	0.07	0.17
shorter	0.07	0.22
scornful	0.07	0.28
homely	0.07	1.12
personal	0.07	0.22
flexible	0.07	0.24
steep	0.07	0.11
american	0.08	0.07
integral	0.08	0.15
richer	0.08	0.26
dynamic	0.08	0.19
international	0.08	0.11
plural	0.08	0.20
systematic	0.08	0.12
bearded	0.08	0.41
piercing	0.08	0.18
different	0.08	0.29
clearer	0.08	0.27
latest	0.08	0.21
broader	0.08	0.20
smaller	0.08	0.25
tense	0.08	0.36
lighter	0.09	0.30
latin	0.09	0.17
ethiopian	0.09	0.12
khaki	0.09	0.31
neutral	0.09	0.08
nearby	0.09	0.17
amused	0.09	0.47
metropolitan	0.09	0.15
automatic	0.09	0.11
poetic	0.09	0.16
deepening	0.09	0.30
internal	0.10	0.15
fiery	0.10	0.19
creative	0.10	0.41
inflated	0.10	0.18
sticky	0.10	0.27
greek	0.10	0.11
specialized	0.10	0.21
dual	0.10	0.27
honorary	0.10	0.13
successive	0.10	0.14
shaggy	0.10	0.31
applicable	0.10	0.14
marine	0.10	0.13
centralized	0.10	0.20
prone	0.10	0.15
cheap	0.11	0.26
grand	0.11	0.16
numerous	0.11	0.16
marginal	0.11	0.07
larger	0.11	0.15
large	0.11	0.23
legal	0.11	0.24
new	0.11	0.11
wooded	0.11	0.12
eldest	0.11	0.34
technical	0.11	0.20
exact	0.11	0.32
wiser	0.11	0.28
mechanized	0.11	0.18
memorable	0.12	0.27
sluggish	0.12	0.18
simpler	0.12	0.26
municipal	0.12	0.16
separate	0.12	0.11
taut	0.12	0.20
grammatical	0.12	0.24
soviet	0.12	0.11
tory	0.12	0.08
competing	0.12	0.14
profound	0.12	0.22
rapid	0.12	0.22
outdoor	0.12	0.18
solitary	0.12	0.75
private	0.12	0.17
presbyterian	0.12	0.22
speculative	0.12	0.19
rugged	0.12	0.13
countless	0.12	0.14
relative	0.12	0.23
deeper	0.12	0.21
alternate	0.13	0.13
advancing	0.13	0.15
slippery	0.13	0.21
following	0.13	0.23
colonial	0.13	0.18
newer	0.13	0.13
accidental	0.13	0.20
highest	0.13	0.23
tentative	0.13	0.14
athletic	0.13	0.06
original	0.13	0.19
hebrew	0.13	0.25
damp	0.14	0.39
stronger	0.14	0.28
older	0.14	0.33
mathematical	0.14	0.24
darker	0.14	0.25
swiss	0.14	0.11
indefinite	0.14	0.25
valuable	0.14	1.30
strenuous	0.14	0.31
regular	0.14	0.11
muscular	0.14	0.19
supposed	0.14	0.39
flat	0.14	0.15
official	0.14	0.16
electric	0.14	0.14
vertical	0.14	0.09
small	0.14	0.24
everyday	0.15	0.14
unanimous	0.15	0.19
immediate	0.15	0.28
obtainable	0.15	0.21
favorite	0.15	0.14
greater	0.15	0.29
smart	0.15	1.30
regional	0.15	0.14
leading	0.15	0.08
authentic	0.15	0.32
wealthy	0.15	1.24
commercial	0.15	0.17
philippine	0.15	0.12
mighty	0.16	1.27
comic	0.16	0.72
japanese	0.16	0.11
watchful	0.16	0.36
worthy	0.16	0.20
traditional	0.16	0.21
retail	0.16	0.11
classical	0.16	0.10
passive	0.17	0.11
amateur	0.17	0.14
drooping	0.17	0.25
younger	0.17	0.38
transcontinental	0.17	0.13
high	0.17	0.09
skinny	0.17	0.51
lengthy	0.17	0.38
wrinkled	0.17	0.39
ordinary	0.17	0.18
challenging	0.17	0.15
unlikely	0.17	0.20
elder	0.17	0.30
motionless	0.18	0.36
earthly	0.18	0.37
concrete	0.18	0.18
maternal	0.18	0.13
intervening	0.19	0.13
impressive	0.19	0.42
paramount	0.19	0.16
unified	0.19	0.16
eccentric	0.19	0.36
grey	0.19	0.41
gothic	0.19	0.10
powerful	0.19	0.27
experimental	0.19	0.18
scientific	0.19	0.16
crystalline	0.19	0.11
frequent	0.19	0.25
pending	0.19	0.27
worldly	0.19	0.20
practical	0.19	0.25
pious	0.19	0.25
prussian	0.19	0.12
quick	0.19	0.12
contracting	0.20	0.17
husky	0.20	0.25
complicated	0.20	0.28
reluctant	0.20	0.18
wider	0.20	0.14
bare	0.20	0.28
martian	0.20	0.18
downward	0.20	0.08
big	0.20	1.32
sporting	0.20	0.23
unlimited	0.20	0.29
modern	0.20	0.21
allied	0.20	0.17
moderate	0.20	0.14
fullest	0.21	0.36
sloping	0.21	0.14
double	0.21	0.08
withered	0.21	0.37
victorian	0.21	0.20
understandable	0.21	0.18
negative	0.21	0.13
giant	0.22	0.27
hollow	0.22	0.20
english	0.22	0.16
greatest	0.22	0.32
interested	0.22	0.33
everlasting	0.22	0.16
involuntary	0.22	0.16
exotic	0.22	0.89
electrical	0.22	0.15
respective	0.22	0.20
concerted	0.22	0.10
trusty	0.23	0.14
dearest	0.23	0.41
scottish	0.23	0.16
horizontal	0.23	0.11
territorial	0.23	0.10
potent	0.23	0.21
martial	0.24	0.14
possible	0.24	0.21
varying	0.24	0.21
ablest	0.24	0.19
equal	0.24	0.28
photographic	0.24	0.16
largest	0.24	0.29
colorless	0.24	0.25
warmer	0.25	0.27
contemporary	0.25	0.09
exclusive	0.25	0.15
humane	0.25	0.22
cooler	0.25	0.27
colder	0.25	0.31
anterior	0.25	0.17
extravagant	0.25	0.22
extensive	0.25	0.28
majestic	0.25	0.19
ventral	0.25	0.12
posterior	0.25	0.16
long	0.25	0.17
tropical	0.25	0.19
celestial	0.25	0.29
statistical	0.25	0.23
voluntary	0.26	0.14
empty	0.26	0.31
narrow	0.26	0.14
variable	0.26	0.20
daring	0.26	0.21
permanent	0.26	0.18
privileged	0.26	0.26
spiral	0.26	0.16
fastest	0.26	0.31
hardy	0.26	0.20
northwestern	0.26	0.13
elaborate	0.26	0.27
cynical	0.27	0.43
cubic	0.27	0.13
influential	0.27	0.18
raw	0.27	0.17
oldest	0.27	0.29
stable	0.27	0.14
partial	0.27	0.20
veiled	0.27	0.35
literary	0.27	0.14
convincing	0.27	0.39
bony	0.27	0.34
mobile	0.28	0.19
definite	0.28	0.27
woolen	0.28	0.22
parallel	0.28	0.10
brief	0.28	0.33
practicable	0.28	0.15
admiring	0.28	0.26
adjoining	0.28	0.13
dense	0.28	0.15
independent	0.29	0.13
gallant	0.29	0.26
direct	0.29	0.14
wild	0.29	0.26
occasional	0.29	0.34
theatrical	0.29	0.25
tighter	0.29	0.19
intact	0.29	0.15
classic	0.29	0.12
tangled	0.30	0.17
diplomatic	0.30	0.16
remaining	0.30	0.13
professional	0.30	0.22
magnetic	0.30	0.17
freezing	0.30	0.18
imperfect	0.30	0.99
onetime	0.30	0.31
prominent	0.30	0.21
dreamy	0.30	0.43
complex	0.30	0.20
huge	0.30	0.31
astounding	0.31	0.80
almighty	0.31	0.28
foremost	0.31	0.24
artistic	0.31	0.20
cold	0.31	0.33
shallow	0.32	0.16
safer	0.32	0.33
popular	0.32	0.24
ingenious	0.32	0.25
strict	0.32	0.23
necessary	0.32	0.19
upper	0.32	0.09
musical	0.33	0.21
preliminary	0.33	0.23
boiling	0.33	0.18
male	0.33	0.21
eternal	0.33	0.29
vigorous	0.33	0.16
persistent	0.33	0.10
collective	0.33	0.23
blank	0.34	0.32
papal	0.34	0.19
sure	0.34	1.29
lingering	0.34	0.91
careless	0.34	0.25
loud	0.34	0.27
easiest	0.34	0.24
fertile	0.35	0.17
minimum	0.35	0.23
adequate	0.35	0.33
impulsive	0.35	0.24
oval	0.35	0.22
angular	0.36	0.17
icy	0.36	0.32
sophisticated	0.36	0.17
convinced	0.37	0.33
conservative	0.37	0.16
sweeping	0.38	0.19
famed	0.38	0.23
suitable	0.38	0.23
solemn	0.38	0.28
authoritative	0.38	0.18
lasting	0.38	0.21
compelling	0.38	0.19
forthcoming	0.38	0.31
grateful	0.39	0.96
joint	0.39	0.16
taller	0.39	0.26
armored	0.39	0.09
gilded	0.39	0.15
cheaper	0.39	0.33
brighter	0.39	0.29
low	0.40	0.15
customary	0.40	0.18
oily	0.40	0.26
substantial	0.40	0.13
lavish	0.40	0.15
desirable	0.40	0.30
continual	0.40	0.17
sardonic	0.41	0.43
olive	0.41	0.24
prompt	0.41	0.19
subtle	0.41	0.26
triple	0.41	0.13
shrewd	0.41	0.33
eager	0.41	0.32
ambitious	0.41	0.19
wary	0.42	0.24
eloquent	0.42	0.30
short	0.42	0.19
plain	0.42	0.16
lean	0.43	0.36
sufficient	0.44	0.38
heavy	0.44	0.35
effective	0.45	0.29
broad	0.45	0.17
convenient	0.45	0.28
cautious	0.45	0.15
patriotic	0.45	0.14
late	0.45	0.32
attentive	0.45	0.35
venerable	0.45	0.21
past	0.46	0.13
ready	0.46	0.16
deepest	0.47	0.14
abreast	0.47	0.21
massive	0.47	0.18
detailed	0.47	0.27
willing	0.47	0.26
cooperative	0.47	0.16
civilized	0.47	0.25
gray	0.48	0.38
inner	0.48	0.14
arched	0.48	0.25
spontaneous	0.48	0.20
windy	0.48	0.36
available	0.48	0.33
accurate	0.49	0.24
active	0.49	0.17
female	0.49	0.23
cloudy	0.49	0.31
sandy	0.49	0.17
newest	0.50	0.19
close	0.50	0.19
articulate	0.50	0.19
curved	0.50	0.23
intensive	0.51	0.17
inspiring	0.51	0.27
immortal	0.51	0.26
decorative	0.51	0.27
enduring	0.51	0.17
dependable	0.51	0.28
chilly	0.52	0.41
elderly	0.52	0.49
thorough	0.52	0.20
finer	0.52	0.32
constructive	0.53	0.20
masculine	0.53	0.16
hopeful	0.53	0.18
genuine	0.54	0.15
royal	0.54	0.12
imperial	0.54	0.22
deliberate	0.54	0.35
free	0.54	0.22
consistent	0.55	0.19
stiff	0.55	0.24
subdued	0.55	0.40
satisfactory	0.55	0.26
sly	0.56	0.30
progressive	0.56	0.21
alive	0.57	0.88
curving	0.57	0.19
gaudy	0.57	0.20
antique	0.57	0.20
eminent	0.57	0.24
formal	0.57	0.27
curt	0.57	0.20
benevolent	0.57	0.31
shaded	0.57	0.19
brave	0.58	0.23
sheltered	0.58	0.14
wide	0.58	0.19
youthful	0.58	0.82
solid	0.59	0.11
reassuring	0.59	0.34
equitable	0.59	0.14
coarse	0.59	0.25
picturesque	0.60	0.87
oriental	0.60	0.20
plentiful	0.60	0.28
childlike	0.60	0.24
early	0.61	0.29
mature	0.61	0.16
striped	0.61	0.38
shiny	0.61	0.28
pure	0.61	0.25
beloved	0.61	0.25
wet	0.62	0.30
realistic	0.62	0.34
informal	0.62	0.37
durable	0.63	0.17
deep	0.63	0.23
richest	0.63	0.28
helpful	0.64	0.37
stout	0.64	0.43
fat	0.64	0.43
smooth	0.65	0.26
reddish	0.65	0.31
bald	0.65	0.33
steady	0.65	0.23
reliable	0.65	0.23
transparent	0.66	0.22
stocky	0.66	0.37
hardest	0.66	0.76
keen	0.66	0.26
thick	0.67	0.27
boyish	0.67	0.73
polished	0.67	0.24
steaming	0.68	0.26
blinding	0.68	0.23
tiny	0.69	0.37
expensive	0.69	0.18
vulnerable	0.69	0.86
clever	0.69	0.26
famous	0.70	0.24
energetic	0.70	0.20
mocking	0.70	0.39
dear	0.71	0.90
robust	0.71	0.29
fashionable	0.71	0.17
precious	0.71	0.24
competent	0.71	0.16
contemptuous	0.72	0.47
opposite	0.72	0.98
lofty	0.72	0.13
silken	0.72	0.30
aristocratic	0.72	0.21
best	0.72	1.32
aloof	0.73	0.45
utter	0.73	1.03
irresistible	0.73	0.78
ardent	0.73	0.17
insufficient	0.74	1.10
powdered	0.74	0.23
efficient	0.75	0.25
dry	0.75	0.29
suave	0.76	0.33
noble	0.76	0.11
open	0.76	0.14
glittering	0.76	0.32
distinguished	0.77	0.14
bankrupt	0.77	0.97
sturdy	0.78	0.38
gleaming	0.78	0.28
precarious	0.78	0.76
economical	0.79	0.23
plump	0.79	0.49
reasonable	0.79	0.24
usual	0.80	0.31
refined	0.80	0.14
unwilling	0.81	0.76
dark	0.81	0.36
padded	0.81	0.18
mellow	0.81	0.27
luminous	0.81	0.24
honorable	0.82	0.25
neat	0.83	0.37
colorful	0.83	0.53
impartial	0.83	0.16
spirited	0.83	0.25
drowsy	0.84	0.43
amusing	0.84	1.07
imaginative	0.84	0.23
conscientious	0.85	0.17
trim	0.85	0.37
hot	0.85	0.30
intricate	0.85	0.20
satisfying	0.85	0.43
devoted	0.86	0.17
faithful	0.86	0.25
miniature	0.86	0.19
accessible	0.86	0.92
blond	0.87	0.47
happier	0.87	1.17
cultivated	0.87	0.21
mutual	0.88	0.23
fascinating	0.88	0.87
proud	0.88	0.79
leisurely	0.89	0.16
dazzling	0.89	0.21
thin	0.90	0.35
detached	0.91	0.32
sleek	0.91	0.35
clean	0.91	0.36
seasoned	0.92	0.85
promising	0.92	0.17
utmost	0.92	1.12
erect	0.93	0.34
interesting	0.93	1.10
courageous	0.94	0.20
respectable	0.94	0.24
careful	0.95	0.14
noisy	0.95	0.22
tan	0.95	0.40
singular	0.95	0.90
candid	0.96	0.17
idle	0.96	0.70
brown	0.96	0.42
shady	0.96	0.76
confidential	0.97	0.33
enthusiastic	0.97	0.24
black	0.97	0.41
glowing	0.97	0.25
abundant	0.99	1.03
full	0.99	0.16
thoughtful	1.00	0.24
nice	1.00	0.94
lucky	1.00	1.17
tall	1.00	0.45
greenish	1.00	0.35
healthy	1.00	0.23
blunt	1.01	0.86
moist	1.01	0.38
modest	1.01	0.29
ruddy	1.01	0.36
harmonious	1.02	0.20
ripe	1.03	0.28
glistening	1.03	0.32
flaming	1.04	0.20
sincere	1.04	0.18
disinterested	1.05	0.16
sober	1.05	0.24
loyal	1.05	0.17
violet	1.05	0.29
nude	1.05	0.82
capable	1.06	0.34
feminine	1.07	0.74
exciting	1.07	0.91
mechanical	1.08	1.01
intelligent	1.08	0.31
tender	1.09	0.75
admirable	1.09	0.91
magnificent	1.09	0.66
quaint	1.09	0.67
handy	1.10	0.75
slim	1.10	0.44
respectful	1.12	0.43
rich	1.12	1.04
postal	1.13	0.86
infinite	1.13	1.08
slick	1.13	0.81
pleased	1.14	0.87
spacious	1.16	0.30
clear	1.16	0.25
pale	1.16	0.43
speedy	1.16	1.08
white	1.16	0.42
red	1.16	0.43
fond	1.16	0.73
breathless	1.17	0.63
orange	1.17	0.36
discreet	1.18	0.86
shining	1.18	0.33
yellow	1.18	0.41
flowered	1.18	0.28
content	1.19	0.75
scarlet	1.20	0.38
stuffy	1.21	0.68
cultured	1.23	0.30
comprehensive	1.23	0.96
brilliant	1.24	0.31
blue	1.24	0.40
colored	1.25	0.34
fair	1.25	0.89
wonderful	1.26	0.87
thankful	1.27	0.75
crisp	1.27	0.25
fine	1.27	1.02
ample	1.29	1.05
mock	1.29	0.11
proper	1.29	1.01
thrilling	1.31	0.58
absolute	1.31	1.23
strong	1.31	0.73
simple	1.31	0.80
glad	1.32	0.87
soft	1.32	0.38
purple	1.33	0.40
roast	1.34	0.66
varied	1.36	0.93
rosy	1.36	0.33
marvelous	1.37	0.57
crimson	1.38	0.40
sympathetic	1.38	0.31
ideal	1.38	0.99
golden	1.39	0.38
enlightened	1.39	0.82
honest	1.40	0.87
generous	1.40	0.27
stimulating	1.41	0.93
prosperous	1.42	0.72
canned	1.42	0.72
complete	1.42	1.17
lively	1.42	0.70
precise	1.43	0.80
normal	1.46	0.94
scarce	1.46	0.63
easy	1.46	0.54
busy	1.48	0.81
green	1.48	0.40
elegant	1.48	0.24
heavenly	1.51	0.67
sensitive	1.53	0.73
profitable	1.55	0.79
bland	1.55	0.90
gifted	1.56	0.81
luxurious	1.58	0.16
closest	1.58	0.60
sensible	1.58	0.71
superb	1.59	0.63
silvery	1.60	0.86
decent	1.61	0.79
vivid	1.62	0.74
comforting	1.65	0.69
scotch	1.66	0.73
blonde	1.67	0.72
merry	1.69	0.61
handsome	1.73	0.65
fried	1.73	0.52
impersonal	1.75	0.52
innocent	1.76	0.69
fragile	1.76	0.81
stately	1.78	0.66
tolerant	1.78	0.61
brisk	1.79	0.65
calm	1.80	0.47
loving	1.80	0.52
blessed	1.81	0.85
amiable	1.82	0.73
delighted	1.82	0.68
agreeable	1.83	0.89
mild	1.83	0.81
sane	1.83	0.69
slender	1.84	0.85
pleasing	1.84	0.74
gorgeous	1.85	0.61
finest	1.86	0.87
enchanted	1.87	0.61
pink	1.87	0.94
radiant	1.87	0.73
useful	1.88	0.92
confident	1.89	0.73
humorous	1.91	0.76
wholesome	1.93	0.45
fruitful	1.94	0.69
scant	1.95	0.88
successful	1.95	0.78
sunny	1.95	0.80
warm	1.95	0.72
soothing	1.97	0.69
jolly	1.98	0.51
glorious	2.02	0.72
delicate	2.02	0.73
wise	2.03	0.75
safe	2.05	0.76
attractive	2.05	0.56
orderly	2.07	0.58
sweet	2.08	0.57
delicious	2.09	0.71
skillful	2.09	0.81
placid	2.10	0.75
sparkling	2.12	0.66
genial	2.13	0.63
cordial	2.13	0.68
dignified	2.17	0.72
affectionate	2.17	0.72
cool	2.20	0.77
fresh	2.20	0.45
splendid	2.23	0.63
entertaining	2.25	0.75
polite	2.26	0.75
courteous	2.26	0.74
intimate	2.27	0.83
bright	2.28	0.79
quiet	2.40	0.78
fragrant	2.43	0.58
happiest	2.44	0.61
gracious	2.45	0.47
gentle	2.45	0.65
exquisite	2.46	0.61
comfortable	2.47	0.51
flowering	2.51	0.62
graceful	2.54	0.64
tranquil	2.57	0.67
cheerful	2.58	0.68
casual	2.59	0.73
hearty	2.61	0.44
friendly	2.64	0.63
peaceful	2.65	0.63
charming	2.72	0.42
beautiful	2.77	0.48
serene	2.95	0.39
gay	2.96	0.36
