tragic	-3.20	0.53
ugly	-3.17	0.51
worse	-3.05	0.68
worst	-3.01	0.68
vulgar	-2.96	0.55
shameful	-2.95	0.47
silly	-2.80	0.70
terrible	-2.79	0.71
miserable	-2.70	0.58
fatal	-2.66	0.57
stupid	-2.63	0.67
dreadful	-2.57	0.77
queer	-2.55	0.54
damned	-2.53	0.80
frightful	-2.49	0.73
sick	-2.44	0.60
ignorant	-2.44	0.65
starving	-2.40	0.70
sinful	-2.39	0.62
depressed	-2.39	0.96
helpless	-2.35	0.64
lame	-2.35	0.60
unbearable	-2.33	0.66
filthy	-2.32	0.77
blind	-2.32	0.74
wicked	-2.32	0.70
painful	-2.32	0.61
ghastly	-2.27	0.76
monstrous	-2.27	0.95
ill	-2.23	0.72
insane	-2.22	0.52
forlorn	-2.19	0.61
hideous	-2.17	0.76
pathetic	-2.16	0.57
dumb	-2.15	0.74
shocking	-2.13	0.80
murderous	-2.12	0.73
selfish	-2.12	0.69
uncomfortable	-2.11	0.88
dangerous	-2.09	0.75
goddam	-2.07	0.74
dead	-2.05	0.70
uneasy	-2.01	0.94
weak	-1.98	0.67
awful	-1.98	0.89
hungry	-1.97	0.71
terrifying	-1.96	0.86
unreal	-1.94	0.69
feeble	-1.94	0.70
fearful	-1.93	0.72
appalling	-1.92	0.81
bewildered	-1.91	1.00
rude	-1.91	0.56
wretched	-1.91	0.56
sentimental	-1.91	0.71
sinister	-1.90	0.77
inevitable	-1.90	0.90
lazy	-1.89	0.76
frightened	-1.87	0.86
frustrated	-1.86	0.80
unimportant	-1.86	0.70
homeless	-1.85	0.73
uncertain	-1.83	1.02
worried	-1.82	0.94
corrupt	-1.82	0.80
crazy	-1.81	0.76
horrid	-1.81	0.69
ragged	-1.81	0.80
bloody	-1.80	0.38
restless	-1.78	0.94
vague	-1.78	0.66
needless	-1.76	0.82
brutal	-1.75	0.31
supernatural	-1.73	1.10
cramped	-1.72	0.59
little	-1.72	0.64
nasty	-1.70	0.76
foolish	-1.70	0.20
serious	-1.69	0.72
irrelevant	-1.68	0.93
anxious	-1.68	1.06
puzzled	-1.64	0.99
damn	-1.64	0.96
poorer	-1.63	0.93
arbitrary	-1.61	0.94
grotesque	-1.61	0.83
unfamiliar	-1.60	0.80
alleged	-1.58	0.95
sore	-1.56	0.71
vicious	-1.54	0.67
inadequate	-1.53	0.82
dire	-1.52	0.30
useless	-1.51	0.19
cruel	-1.51	0.24
inconsistent	-1.51	0.86
innumerable	-1.51	0.92
disturbing	-1.50	0.86
meaningless	-1.50	0.22
stricken	-1.50	0.85
inferior	-1.50	0.83
embarrassing	-1.50	0.97
awkward	-1.49	0.36
mortal	-1.47	1.00
imaginary	-1.45	0.76
external	-1.45	1.22
undesirable	-1.44	0.82
secondary	-1.44	1.02
troublesome	-1.43	0.90
intolerable	-1.42	0.30
unnatural	-1.41	0.26
foul	-1.41	0.71
guilty	-1.40	0.64
annoying	-1.40	0.88
dreary	-1.39	0.20
mystical	-1.36	1.12
reckless	-1.36	0.27
conspicuous	-1.35	0.94
preoccupied	-1.35	1.02
superstitious	-1.35	0.20
malicious	-1.34	0.21
absurd	-1.33	0.23
mad	-1.33	0.42
tired	-1.33	0.49
manifest	-1.32	0.99
desolate	-1.31	0.22
sonic	-1.31	0.72
gloomy	-1.31	0.87
surprising	-1.30	0.76
burning	-1.29	0.68
deaf	-1.29	0.33
exclusive	-1.29	1.05
resentful	-1.28	0.60
unsatisfactory	-1.28	0.86
vice	-1.27	0.90
clumsy	-1.27	0.23
rebellious	-1.26	0.92
mystic	-1.26	0.80
irresponsible	-1.26	0.28
probable	-1.25	1.04
outrageous	-1.25	0.27
magical	-1.25	1.13
greedy	-1.25	0.30
elastic	-1.24	0.88
pitiful	-1.23	0.28
smug	-1.23	0.62
immortal	-1.23	1.18
crude	-1.22	0.86
unworthy	-1.22	0.13
utter	-1.21	0.75
nervous	-1.21	0.40
false	-1.21	0.21
frightening	-1.20	0.77
lonesome	-1.20	0.71
unexpected	-1.20	0.89
fake	-1.18	0.29
dizzy	-1.18	0.28
childish	-1.17	0.20
partial	-1.16	0.98
impatient	-1.16	0.63
competitive	-1.16	1.11
dissatisfied	-1.16	0.72
imposing	-1.16	0.82
disgusted	-1.15	0.45
moody	-1.15	0.73
funny	-1.15	0.89
bitter	-1.15	0.23
weary	-1.14	0.40
dirty	-1.14	0.50
ridiculous	-1.12	0.24
terrific	-1.12	0.43
dull	-1.12	0.21
senseless	-1.12	0.18
embarrassed	-1.11	0.65
everlasting	-1.11	1.05
lonely	-1.11	0.90
pertinent	-1.10	1.08
hopeless	-1.10	0.18
impending	-1.09	0.32
varied	-1.09	1.01
weird	-1.08	0.34
disastrous	-1.08	0.26
indignant	-1.08	0.56
shaky	-1.08	0.35
oppressed	-1.08	0.13
phony	-1.07	0.29
deadly	-1.07	0.27
bored	-1.06	0.64
outraged	-1.06	0.56
worthless	-1.06	0.28
wounded	-1.06	0.27
desperate	-1.04	0.22
savage	-1.04	0.22
supposed	-1.03	0.77
arrogant	-1.03	0.20
endless	-1.03	0.12
rotten	-1.02	0.96
unmarried	-1.01	0.94
easiest	-1.01	0.94
scared	-1.01	0.47
preposterous	-1.00	0.27
adverse	-1.00	0.61
dazed	-1.00	0.49
dependent	-1.00	0.31
angry	-0.99	0.56
jealous	-0.99	0.36
grim	-0.98	0.29
shabby	-0.98	0.29
ashamed	-0.98	1.03
fantastic	-0.97	0.31
millicent	-0.95	0.58
sullen	-0.95	0.51
incredible	-0.95	0.38
colored	-0.94	0.99
unfair	-0.92	0.23
worrying	-0.92	0.37
afraid	-0.92	0.83
unreasonable	-0.92	0.18
outer	-0.91	1.16
petty	-0.91	0.20
apprehensive	-0.91	0.48
confusing	-0.90	0.32
tense	-0.90	0.53
colossal	-0.90	0.37
mere	-0.90	0.17
incredulous	-0.89	0.44
accidental	-0.89	0.26
spectacular	-0.89	0.87
commonplace	-0.88	0.22
comic	-0.88	0.81
shocked	-0.87	0.70
extravagant	-0.87	0.18
precious	-0.86	1.07
wrong	-0.86	0.89
drab	-0.85	0.19
unknown	-0.85	0.19
unnecessary	-0.85	0.23
alien	-0.85	0.26
aching	-0.85	0.19
agitated	-0.83	0.50
poisonous	-0.82	0.21
ruthless	-0.82	0.28
trivial	-0.82	0.30
annoyed	-0.82	0.57
marital	-0.82	0.89
lone	-0.82	0.22
explosive	-0.82	0.23
illegal	-0.82	0.21
acute	-0.82	0.23
hysterical	-0.81	0.28
precarious	-0.81	0.91
furious	-0.80	0.29
juvenile	-0.80	0.12
neurotic	-0.80	0.21
blessed	-0.79	1.37
weaker	-0.79	0.29
frantic	-0.79	0.13
disappointed	-0.79	1.10
lousy	-0.78	1.03
battered	-0.78	0.22
insignificant	-0.78	0.15
muddy	-0.76	0.23
criminal	-0.76	0.18
astonished	-0.76	0.63
stimulating	-0.76	0.95
plain	-0.76	0.85
ominous	-0.76	0.21
unaware	-0.75	0.15
bleak	-0.75	0.23
solitary	-0.75	0.26
hardest	-0.75	0.29
excited	-0.75	0.61
bleeding	-0.74	0.21
drunken	-0.73	0.29
misleading	-0.73	0.23
theatrical	-0.72	0.24
stiff	-0.72	0.28
belligerent	-0.72	0.22
severe	-0.71	0.29
devastating	-0.71	0.98
blackened	-0.71	0.16
cunning	-0.70	0.26
exaggerated	-0.70	0.23
sharper	-0.70	0.21
amazed	-0.69	0.61
obscure	-0.69	0.18
richer	-0.69	0.28
violent	-0.69	0.19
monotonous	-0.69	0.22
inefficient	-0.69	0.22
fleeting	-0.68	0.29
futile	-0.68	0.13
defective	-0.68	0.89
geographical	-0.68	0.21
dubious	-0.68	0.24
sudden	-0.68	0.29
stubborn	-0.68	0.22
throbbing	-0.67	0.20
crushing	-0.67	0.20
sioux	-0.67	0.26
fat	-0.67	0.87
curious	-0.67	0.34
raging	-0.67	0.13
surviving	-0.66	0.20
distorted	-0.66	0.27
sheer	-0.65	0.19
odd	-0.65	0.32
imminent	-0.65	0.25
unconscious	-0.65	0.17
relentless	-0.64	0.16
perpetual	-0.64	0.18
harmful	-0.63	0.29
surprised	-0.63	0.58
brooding	-0.63	0.42
concerned	-0.63	0.37
gaping	-0.63	0.15
sorry	-0.62	0.79
limp	-0.62	0.25
smaller	-0.62	0.28
fierce	-0.62	0.17
mysterious	-0.62	0.32
mocking	-0.62	0.30
displaced	-0.62	0.18
premature	-0.60	0.17
quaint	-0.60	0.97
indifferent	-0.59	0.29
subversive	-0.59	0.14
disagreeable	-0.58	0.79
cute	-0.58	0.90
int	-0.58	0.18
partisan	-0.58	0.14
inward	-0.58	0.24
formidable	-0.58	0.23
hasty	-0.56	0.18
stronger	-0.56	0.30
strange	-0.56	0.38
destructive	-0.56	0.16
darker	-0.56	0.28
harder	-0.55	0.27
incapable	-0.55	0.13
feverish	-0.55	0.16
relevant	-0.55	0.36
eternal	-0.54	1.15
indefinite	-0.54	0.21
inflationary	-0.54	0.13
happier	-0.53	0.95
tattered	-0.53	0.35
reactionary	-0.53	0.23
unseen	-0.52	0.30
prodigious	-0.52	0.17
aged	-0.52	0.33
rival	-0.52	0.16
flexible	-0.52	0.89
suspicious	-0.52	0.45
delinquent	-0.52	0.18
worldly	-0.51	0.09
swollen	-0.51	0.20
bigger	-0.51	0.27
pagan	-0.51	0.35
incomplete	-0.51	1.24
grimy	-0.51	0.27
naive	-0.50	0.24
emotional	-0.50	0.20
tedious	-0.50	0.34
stinking	-0.50	0.42
crooked	-0.49	0.26
harsh	-0.49	0.22
ole	-0.49	0.31
liable	-0.49	0.16
stormy	-0.48	0.21
homesick	-0.48	0.75
rich	-0.48	0.84
ironic	-0.48	0.72
aware	-0.48	0.23
shorter	-0.47	0.26
capitalist	-0.47	0.17
successive	-0.47	0.11
inner	-0.47	0.22
tribal	-0.46	0.14
cheap	-0.46	0.32
sickly	-0.45	0.26
growing	-0.45	0.21
brighter	-0.45	0.30
bare	-0.45	0.30
wild	-0.44	0.21
instinctive	-0.44	0.17
hopeful	-0.44	0.80
conflicting	-0.44	0.21
romantic	-0.43	0.19
chronic	-0.43	0.14
underground	-0.43	0.12
taut	-0.43	0.24
adolescent	-0.43	0.24
breathless	-0.42	0.27
contracting	-0.42	0.11
numb	-0.42	0.25
unfinished	-0.42	0.12
blinding	-0.42	0.32
insistent	-0.41	0.20
tangible	-0.41	0.20
skinny	-0.41	0.42
sly	-0.41	0.23
ethical	-0.41	0.24
barren	-0.40	0.17
compelling	-0.40	0.12
haggard	-0.40	0.36
indian	-0.40	0.18
subtle	-0.40	1.02
abstract	-0.40	0.28
philippine	-0.40	0.10
nazi	-0.40	0.16
astonishing	-0.40	0.28
negative	-0.39	0.21
alarming	-0.39	0.32
fancy	-0.39	0.23
postwar	-0.39	0.15
staggering	-0.38	0.18
depressing	-0.38	1.07
inherent	-0.38	0.21
psychic	-0.38	0.11
isolated	-0.38	0.13
dim	-0.37	0.25
continuous	-0.37	0.13
psychiatric	-0.37	0.19
undue	-0.37	0.22
momentary	-0.37	0.15
idle	-0.37	0.23
different	-0.37	0.16
simpler	-0.37	0.17
provincial	-0.37	0.17
tighter	-0.37	0.17
capita	-0.37	0.14
older	-0.36	0.37
heavier	-0.36	0.25
startling	-0.36	0.42
dusty	-0.36	0.25
past	-0.35	0.15
due	-0.35	0.10
old	-0.35	1.00
heaviest	-0.35	0.20
defensive	-0.35	0.11
initial	-0.35	0.23
apparent	-0.35	0.14
lucky	-0.34	0.91
hazardous	-0.34	0.25
crumbling	-0.34	0.16
latin	-0.34	0.12
minor	-0.34	0.18
lighter	-0.33	0.26
prolonged	-0.33	0.11
hind	-0.33	0.19
dingy	-0.33	0.25
finer	-0.32	0.30
opposing	-0.32	0.11
momentous	-0.32	0.19
familiar	-0.32	1.02
continental	-0.32	0.12
antique	-0.32	0.16
prevalent	-0.32	0.96
temporary	-0.32	0.20
countless	-0.31	0.16
akin	-0.31	0.12
speculative	-0.31	0.23
competing	-0.31	0.12
mental	-0.31	0.12
boring	-0.30	0.25
physiological	-0.30	0.15
conscious	-0.30	0.23
cold	-0.30	0.77
responsible	-0.30	0.16
northwestern	-0.30	0.09
widespread	-0.29	0.16
physical	-0.29	0.15
arid	-0.29	0.14
coarse	-0.29	0.23
dismal	-0.29	0.35
khaki	-0.29	0.30
bankrupt	-0.28	0.13
almighty	-0.28	0.36
other	-0.28	0.18
menacing	-0.28	0.19
divine	-0.28	0.43
quaker	-0.28	0.16
soiled	-0.28	0.36
mute	-0.28	0.24
excessive	-0.28	0.22
overwhelming	-0.28	0.22
linguistic	-0.28	0.14
gigantic	-0.28	0.23
geographic	-0.27	0.12
cosmic	-0.27	0.29
irresistible	-0.27	0.18
various	-0.27	0.18
philosophical	-0.27	0.27
monetary	-0.26	0.19
thrilling	-0.26	0.32
global	-0.26	0.13
hereditary	-0.26	0.20
outright	-0.26	0.15
infinite	-0.26	0.20
surgical	-0.26	0.10
clearer	-0.26	0.25
hindu	-0.25	0.29
elevated	-0.25	0.16
primitive	-0.25	0.31
ghostly	-0.25	0.27
immense	-0.25	0.19
tremendous	-0.25	0.19
meager	-0.25	0.31
likely	-0.24	0.27
cheaper	-0.24	0.20
beneficial	-0.24	0.22
wooden	-0.24	0.16
shadowy	-0.24	0.29
sour	-0.24	0.86
wary	-0.24	0.40
abnormal	-0.24	0.20
larger	-0.24	0.18
legal	-0.24	0.21
cynical	-0.24	0.24
controversial	-0.24	0.44
varying	-0.24	0.22
drastic	-0.24	0.16
financial	-0.23	0.12
symbolic	-0.23	0.22
ceremonial	-0.23	0.19
elementary	-0.23	0.20
doubtful	-0.23	0.32
frozen	-0.23	0.26
martial	-0.23	0.14
religious	-0.23	0.31
multiple	-0.23	0.19
female	-0.23	0.30
scandinavian	-0.23	0.04
racial	-0.23	0.09
spiral	-0.22	0.15
asiatic	-0.22	0.05
commercial	-0.22	0.20
underlying	-0.22	0.16
habitual	-0.22	0.21
dual	-0.22	0.14
pregnant	-0.22	0.23
asleep	-0.21	0.30
bodily	-0.21	0.17
chinese	-0.21	0.12
prevailing	-0.21	0.15
internal	-0.21	0.15
independent	-0.21	0.19
sheltered	-0.21	1.12
newer	-0.21	0.13
separate	-0.21	0.12
inclined	-0.21	0.17
artificial	-0.21	0.14
goddamn	-0.21	0.79
vast	-0.21	0.18
wrinkled	-0.21	0.36
assistant	-0.20	0.11
lower	-0.20	0.20
diverse	-0.20	0.14
broader	-0.20	0.12
cherished	-0.20	0.17
existing	-0.20	0.18
operational	-0.20	0.13
southeastern	-0.20	0.10
periodic	-0.20	0.10
easier	-0.20	0.21
continual	-0.19	0.10
significant	-0.19	0.30
numerous	-0.19	0.18
wholesale	-0.19	0.08
bourgeois	-0.19	0.13
secret	-0.19	0.11
similar	-0.19	0.28
argentine	-0.19	0.04
warmer	-0.18	0.29
major	-0.18	0.15
southern	-0.18	0.09
vertical	-0.18	0.19
cuban	-0.18	0.12
imperative	-0.18	0.14
greasy	-0.18	0.37
judicial	-0.18	0.17
hawaiian	-0.18	0.09
solar	-0.18	0.15
functional	-0.18	0.10
smallest	-0.18	0.12
unbroken	-0.18	0.14
unbelievable	-0.18	0.34
communist	-0.18	0.14
parental	-0.17	0.17
individual	-0.17	0.12
boiling	-0.17	0.15
double	-0.17	0.10
abrupt	-0.17	0.31
deceased	-0.17	0.18
methodist	-0.17	0.29
immigrant	-0.17	0.05
sad	-0.17	0.79
radioactive	-0.17	0.17
blank	-0.17	0.34
empty	-0.17	0.18
legitimate	-0.17	0.13
unfavorable	-0.17	1.30
absolute	-0.17	0.18
lesser	-0.17	0.16
retreating	-0.17	0.18
moslem	-0.16	0.14
rubber	-0.16	0.13
curt	-0.16	0.20
entire	-0.16	0.17
male	-0.16	0.30
louder	-0.16	0.17
triple	-0.16	0.13
consequent	-0.15	0.16
med	-0.15	0.19
slack	-0.15	0.19
elaborate	-0.15	0.17
oblivious	-0.15	0.22
compulsory	-0.15	0.15
real	-0.15	1.08
opposite	-0.15	0.20
unpredictable	-0.15	0.45
governmental	-0.15	0.25
obsolete	-0.15	0.12
scottish	-0.15	0.09
stuffy	-0.15	0.26
softer	-0.15	0.22
organic	-0.15	0.17
ancient	-0.14	0.23
human	-0.14	0.15
simplest	-0.14	0.09
elder	-0.14	0.17
psychological	-0.14	0.12
holy	-0.14	0.45
everyday	-0.14	0.31
applicable	-0.14	0.33
timid	-0.14	0.39
economic	-0.14	0.11
guiding	-0.13	0.19
giant	-0.13	0.25
watchful	-0.13	0.39
paramount	-0.13	0.12
certain	-0.12	0.22
drunk	-0.12	0.93
jagged	-0.12	0.15
jinny	-0.12	0.18
huge	-0.12	0.27
negligible	-0.12	0.11
remote	-0.12	0.21
singular	-0.12	0.20
swelling	-0.11	0.14
eligible	-0.11	0.21
slippery	-0.11	0.22
fabulous	-0.11	0.12
mountainous	-0.11	0.10
intense	-0.11	0.14
selective	-0.11	0.19
occupational	-0.11	0.22
dominant	-0.11	0.12
domestic	-0.11	0.14
profound	-0.11	0.18
barbed	-0.11	0.13
conceivable	-0.11	0.20
unjust	-0.11	0.71
biological	-0.11	0.13
uniformed	-0.11	0.24
unused	-0.10	0.15
western	-0.10	0.05
portable	-0.10	0.15
fundamental	-0.10	0.15
difficult	-0.10	0.36
miscellaneous	-0.10	0.17
social	-0.10	0.12
electric	-0.10	0.13
arab	-0.10	0.11
virtual	-0.10	0.11
japanese	-0.10	0.06
accelerated	-0.10	0.11
constant	-0.10	0.06
vital	-0.09	0.28
germanic	-0.09	0.10
comparable	-0.09	0.14
slightest	-0.09	0.17
characteristic	-0.08	0.33
dense	-0.08	0.13
constitutional	-0.08	0.18
urban	-0.08	0.11
central	-0.08	0.03
korean	-0.08	0.11
unemployed	-0.08	0.15
convinced	-0.08	0.33
verbal	-0.08	0.22
territorial	-0.08	0.08
protective	-0.08	0.16
native	-0.08	0.13
weathered	-0.07	0.30
baptist	-0.07	0.25
moral	-0.07	0.14
spiritual	-0.07	0.27
syrian	-0.07	0.10
english	-0.07	0.05
northern	-0.07	0.09
political	-0.07	0.12
sacred	-0.07	0.31
sexual	-0.07	0.17
complex	-0.07	0.17
upper	-0.07	0.17
yugoslav	-0.07	0.06
eastern	-0.06	0.05
representative	-0.06	0.08
russian	-0.06	0.07
hoarse	-0.06	0.21
cultural	-0.06	0.13
nominal	-0.06	0.15
premier	-0.06	0.11
irish	-0.06	0.07
hostile	-0.06	0.26
absent	-0.06	0.18
rugged	-0.06	0.21
expanding	-0.06	0.10
technological	-0.05	0.18
swedish	-0.05	0.06
woolen	-0.05	0.26
papal	-0.05	0.13
expressionless	-0.05	0.26
synthetic	-0.05	0.13
sleepy	-0.05	0.35
anonymous	-0.05	0.17
mexican	-0.05	0.04
important	-0.05	0.34
present	-0.05	0.22
french	-0.05	0.06
new	-0.05	0.12
automatic	-0.05	0.10
desirable	-0.05	0.32
czech	-0.05	0.06
knitted	-0.04	0.23
static	-0.04	0.18
portuguese	-0.04	0.05
single	-0.04	0.07
miraculous	-0.04	0.21
striking	-0.04	0.33
indirect	-0.04	0.22
german	-0.04	0.06
spanish	-0.04	0.06
contemptuous	-0.04	0.34
cant	-0.04	0.24
finnish	-0.04	0.06
quivering	-0.04	0.25
relative	-0.04	0.15
coastal	-0.04	0.08
slight	-0.04	0.15
egyptian	-0.04	0.09
sensational	-0.04	0.29
danish	-0.04	0.07
italian	-0.04	0.06
vacant	-0.04	0.12
crowded	-0.04	0.18
soviet	-0.04	0.07
noticeable	-0.03	0.15
respective	-0.03	0.08
dutch	-0.03	0.05
basic	-0.03	0.17
rumanian	-0.03	0.06
persistent	-0.03	0.12
higher	-0.03	0.17
totalitarian	-0.03	0.10
exempt	-0.03	0.18
cardboard	-0.03	0.14
administrative	-0.03	0.12
forbidding	-0.03	0.20
fiscal	-0.03	0.11
taller	-0.03	0.26
unwilling	-0.03	0.20
hungarian	-0.03	0.06
turkish	-0.03	0.07
european	-0.03	0.06
regional	-0.03	0.06
stony	-0.03	0.22
rough	-0.02	0.27
usual	-0.02	0.15
austrian	-0.02	0.06
historic	-0.02	0.23
sunken	-0.02	0.34
polish	-0.02	0.06
frequent	-0.02	0.14
main	-0.02	0.11
educational	-0.02	0.14
greater	-0.02	0.20
belgian	-0.02	0.06
approximate	-0.02	0.23
horizontal	-0.02	0.21
orthodox	-0.02	0.24
protestant	-0.02	0.24
strenuous	-0.02	0.12
exact	-0.02	0.32
enormous	-0.02	0.18
principal	-0.02	0.22
complicated	-0.02	0.31
steaming	-0.02	0.23
electronic	-0.01	0.07
municipal	-0.01	0.15
vulnerable	-0.01	0.63
towering	-0.01	0.17
unprecedented	-0.01	0.18
catholic	-0.01	0.29
surrounding	-0.01	0.12
industrial	-0.01	0.10
universal	-0.01	0.17
scant	-0.01	0.25
foreign	-0.01	0.08
atomic	-0.01	0.15
bahai	-0.01	0.26
immediate	-0.01	0.25
swift	-0.00	0.10
tough	-0.00	1.05
alcoholic	-0.00	0.18
succeeding	-0.00	0.13
enlightened	-0.00	0.16
remaining	-0.00	0.08
american	-0.00	0.07
withholding	-0.00	0.09
smart	0.00	0.96
military	0.00	0.10
positive	0.00	0.09
costly	0.01	0.20
nearby	0.01	0.08
legislative	0.01	0.13
forthcoming	0.01	0.11
natural	0.01	0.10
distant	0.01	0.20
newest	0.01	0.11
tactical	0.01	0.18
earliest	0.01	0.09
wider	0.01	0.17
defiant	0.01	0.35
increasing	0.02	0.20
jewish	0.02	0.19
muscular	0.02	0.23
latest	0.02	0.22
concrete	0.02	0.08
greek	0.02	0.09
theoretical	0.02	0.18
bony	0.02	0.33
alive	0.02	0.33
pending	0.02	0.15
sure	0.02	0.98
neighboring	0.02	0.12
armed	0.02	0.07
ecclesiastical	0.02	0.12
strongest	0.02	0.17
brittle	0.03	0.26
powerful	0.03	0.18
amused	0.03	0.45
further	0.03	0.16
modern	0.03	0.11
secular	0.03	0.13
federal	0.03	0.11
vocational	0.03	0.18
fastest	0.03	0.15
norwegian	0.04	0.05
local	0.04	0.10
flying	0.04	0.13
clerical	0.04	0.10
national	0.04	0.10
invading	0.04	0.10
slick	0.04	0.33
british	0.04	0.07
adjacent	0.04	0.10
unpopular	0.04	0.24
african	0.04	0.10
civil	0.04	0.10
overall	0.05	0.23
muffled	0.05	0.22
trucking	0.05	0.13
roman	0.05	0.17
australian	0.05	0.05
simultaneous	0.05	0.10
insufficient	0.05	1.13
specific	0.05	0.25
sole	0.05	0.13
strict	0.05	0.17
mediterranean	0.05	0.05
sprawling	0.05	0.13
mechanized	0.05	0.15
corresponding	0.05	0.11
associate	0.05	0.17
caribbean	0.05	0.11
stellar	0.05	0.17
integral	0.06	0.14
parliamentary	0.06	0.13
limited	0.06	0.30
awed	0.06	0.50
democratic	0.06	0.18
primary	0.06	0.20
rural	0.06	0.16
seasonal	0.06	0.16
identical	0.06	0.29
neutral	0.06	0.05
metropolitan	0.06	0.04
congressional	0.06	0.18
cubic	0.06	0.13
chemical	0.06	0.10
technical	0.06	0.14
subsequent	0.06	0.09
auxiliary	0.06	0.07
large	0.06	0.16
potential	0.06	0.26
considerable	0.07	0.18
invisible	0.07	0.27
distinct	0.07	0.18
reminiscent	0.07	0.25
authoritative	0.07	0.20
obvious	0.07	0.20
subordinate	0.07	0.10
alternate	0.07	0.10
particular	0.07	0.28
oldest	0.07	0.21
strategic	0.07	0.14
ultimate	0.08	0.23
unfriendly	0.08	0.24
steep	0.08	0.19
militant	0.08	0.12
motionless	0.08	0.23
special	0.08	0.19
magnetic	0.08	0.14
extra	0.08	0.26
unlimited	0.08	0.28
deepest	0.08	0.12
notable	0.08	0.22
structural	0.09	0.15
damp	0.09	0.40
whole	0.09	0.15
rigid	0.09	0.19
christian	0.09	0.30
proposed	0.09	0.17
classical	0.09	0.10
allied	0.09	0.08
supreme	0.10	0.13
fascist	0.10	0.13
civilized	0.10	0.16
presbyterian	0.10	0.27
intricate	0.10	0.22
traditional	0.10	0.20
canadian	0.10	0.09
uncommon	0.10	0.85
socialist	0.10	0.12
fluttering	0.10	0.19
rocky	0.10	0.18
hard	0.10	0.98
winding	0.10	0.15
specialized	0.11	0.17
swiss	0.11	0.06
ambitious	0.11	0.25
editorial	0.11	0.17
striped	0.11	0.34
conventional	0.11	0.11
unconditional	0.11	0.11
prewar	0.11	0.13
gifted	0.11	0.25
automotive	0.11	0.15
current	0.11	0.12
lavish	0.12	0.20
baltic	0.12	0.09
gross	0.12	0.11
drooping	0.12	0.27
monthly	0.12	0.10
innocent	0.12	0.77
electoral	0.12	0.14
excess	0.12	0.07
academic	0.12	0.16
unofficial	0.12	0.18
uneven	0.12	0.17
mechanical	0.12	0.15
flat	0.12	0.26
tropical	0.12	0.14
naval	0.12	0.06
reciprocal	0.12	0.11
silent	0.12	0.31
beloved	0.12	0.23
super	0.13	0.11
great	0.13	0.23
electrical	0.13	0.10
declining	0.13	0.12
balkan	0.13	0.08
wiser	0.13	0.20
prime	0.13	0.17
persian	0.13	0.12
grazing	0.13	0.13
medieval	0.13	0.19
photographic	0.13	0.13
interim	0.14	0.15
useful	0.14	0.37
net	0.14	0.09
corporate	0.14	0.13
gaudy	0.14	0.20
total	0.14	0.17
dramatic	0.14	0.36
rusty	0.14	0.19
public	0.14	0.10
episcopal	0.14	0.26
following	0.14	0.18
raw	0.14	0.18
feudal	0.14	0.17
biggest	0.14	0.23
largest	0.15	0.14
previous	0.15	0.14
decisive	0.15	0.16
sizable	0.15	0.16
scanty	0.15	0.32
arabian	0.15	0.12
oriental	0.15	0.12
naked	0.15	0.87
eager	0.15	0.32
revolutionary	0.15	0.09
married	0.15	0.93
cooler	0.15	0.26
crucial	0.15	0.26
narrow	0.16	0.20
byzantine	0.16	0.11
institutional	0.16	0.11
occasional	0.16	0.10
direct	0.16	0.15
open	0.16	0.12
wooded	0.16	0.21
civic	0.16	0.16
understandable	0.16	0.11
dental	0.16	0.13
inc	0.17	0.12
eventual	0.17	0.24
cautious	0.17	0.31
private	0.17	0.19
privy	0.17	0.13
preceding	0.17	0.17
definite	0.17	0.27
medical	0.17	0.13
tory	0.18	0.11
advisory	0.18	0.13
average	0.18	0.10
ordinary	0.18	0.22
exceptional	0.18	0.22
sloping	0.18	0.18
maritime	0.18	0.08
longest	0.18	0.08
common	0.18	0.26
shaggy	0.18	0.33
offensive	0.18	0.08
deliberate	0.18	0.15
general	0.19	0.12
presidential	0.19	0.20
preparatory	0.19	0.07
supplementary	0.19	0.23
provisional	0.19	0.09
elderly	0.19	0.31
victorious	0.19	0.10
urgent	0.19	0.15
intellectual	0.19	0.20
soaring	0.19	0.11
flickering	0.20	0.35
armored	0.20	0.12
evident	0.20	0.14
feasible	0.20	0.30
gradual	0.20	0.10
unanimous	0.20	0.12
intensive	0.20	0.11
skeptical	0.20	0.22
marine	0.20	0.04
extraordinary	0.20	0.20
bearded	0.21	0.32
weekly	0.21	0.16
greatest	0.21	0.31
scarce	0.21	0.19
captive	0.21	0.12
joint	0.21	0.10
true	0.21	0.92
experimental	0.21	0.15
valid	0.21	0.25
musical	0.21	0.13
integrated	0.21	0.17
annual	0.21	0.09
nuclear	0.22	0.14
stray	0.22	0.24
tentative	0.22	0.16
substantial	0.22	0.23
classic	0.22	0.12
scientific	0.22	0.17
progressive	0.22	0.13
official	0.22	0.12
broad	0.22	0.24
regular	0.23	0.15
satisfying	0.23	0.22
squat	0.23	0.36
tan	0.23	0.30
junior	0.23	0.10
ready	0.23	0.29
indispensable	0.23	0.30
daily	0.23	0.09
wet	0.24	0.37
loose	0.24	0.19
inland	0.24	0.16
actual	0.24	0.22
final	0.24	0.17
additional	0.25	0.31
hourly	0.25	0.09
productive	0.25	0.13
thirsty	0.25	0.53
recent	0.25	0.15
preliminary	0.25	0.11
reluctant	0.25	0.19
clinical	0.25	0.15
civilian	0.26	0.15
big	0.26	0.42
unchanged	0.26	0.19
slow	0.26	0.18
historical	0.26	0.29
flaming	0.26	0.24
vocal	0.27	0.15
pastoral	0.27	0.08
prospective	0.27	0.17
retail	0.27	0.13
heroic	0.27	0.13
renewed	0.27	0.06
adjoining	0.27	0.09
amateur	0.27	0.11
small	0.27	0.16
maximum	0.27	0.21
faint	0.28	0.23
utmost	0.28	0.25
unique	0.28	0.30
eldest	0.28	0.33
yearly	0.28	0.10
parallel	0.28	0.11
safer	0.28	0.21
essential	0.28	0.27
unwise	0.28	1.07
statistical	0.29	0.27
bald	0.29	0.39
literary	0.29	0.21
brief	0.29	0.13
conservative	0.29	0.12
nearest	0.29	0.11
tangled	0.29	0.26
mathematical	0.30	0.17
long	0.30	0.21
imperial	0.30	0.16
honorary	0.30	0.18
careless	0.30	0.63
systematic	0.31	0.17
professional	0.31	0.15
grey	0.31	0.37
agricultural	0.31	0.13
foremost	0.31	0.14
diplomatic	0.31	0.08
intermediate	0.31	0.14
unusual	0.31	0.73
practical	0.31	0.22
influential	0.31	0.15
high	0.32	0.11
equal	0.32	0.23
round	0.32	0.41
advancing	0.32	0.10
richest	0.32	0.15
colonial	0.32	0.07
contemporary	0.32	0.16
dynamic	0.33	0.24
permanent	0.33	0.27
prim	0.33	0.26
practicable	0.33	0.25
potent	0.33	0.17
international	0.33	0.13
decorative	0.34	0.16
younger	0.34	0.35
handy	0.34	0.21
eloquent	0.34	0.13
somber	0.34	0.33
extensive	0.34	0.13
tiny	0.34	0.39
suburban	0.34	0.12
oral	0.34	0.21
matching	0.34	0.14
hardy	0.35	0.11
shrill	0.35	0.21
turbulent	0.35	0.13
brazilian	0.35	0.12
piercing	0.35	0.20
masculine	0.36	0.20
abreast	0.36	0.11
aggressive	0.36	0.16
early	0.36	0.16
residential	0.37	0.14
transparent	0.37	0.24
interstate	0.37	0.18
sovereign	0.37	0.16
white	0.37	0.38
passionate	0.37	0.17
enduring	0.38	0.18
unified	0.38	0.14
revolving	0.38	0.13
commanding	0.38	0.19
comparative	0.38	0.18
personal	0.38	0.18
popular	0.38	0.16
willing	0.38	0.31
loud	0.38	0.22
poetic	0.38	0.27
windy	0.39	0.30
heavy	0.39	0.26
passive	0.39	0.19
youngest	0.39	0.36
onetime	0.39	0.16
windswept	0.39	0.58
comprehensive	0.39	0.21
liberal	0.39	0.15
optimistic	0.39	0.23
lusty	0.39	0.19
gaunt	0.39	0.37
unmistakable	0.40	0.14
gothic	0.40	0.16
encouraging	0.40	0.34
typical	0.40	0.14
pleased	0.40	0.81
outstretched	0.40	0.17
sweeping	0.41	0.20
victorian	0.41	0.15
voluntary	0.41	0.17
royal	0.41	0.10
interested	0.41	0.41
lowest	0.41	0.14
solemn	0.41	0.21
stately	0.42	0.21
rational	0.42	0.18
managing	0.42	0.10
simple	0.42	0.17
shaded	0.42	0.35
highest	0.42	0.26
detailed	0.42	0.23
full	0.42	0.24
booming	0.42	0.17
logical	0.42	0.16
radical	0.42	0.16
reserve	0.42	0.17
fullest	0.42	0.16
gilded	0.43	0.30
wide	0.43	0.26
necessary	0.43	0.30
acceptable	0.43	0.35
circular	0.43	0.21
grand	0.43	0.17
collective	0.43	0.14
dear	0.43	0.84
shallow	0.44	0.19
eminent	0.44	0.12
prominent	0.44	0.10
aristocratic	0.44	0.19
harmless	0.45	0.18
correct	0.46	1.27
consolidated	0.46	0.11
customary	0.46	0.15
maternal	0.46	0.25
freezing	0.47	0.25
postal	0.47	0.12
profitable	0.47	0.27
gray	0.47	0.40
shy	0.47	0.45
olive	0.47	0.20
canned	0.48	0.17
flourishing	0.48	0.11
humble	0.48	0.21
rapid	0.48	0.11
vivid	0.48	0.25
visible	0.48	0.15
liquid	0.48	0.25
plentiful	0.49	0.26
fertile	0.49	0.11
pious	0.49	0.20
possible	0.49	0.31
moist	0.49	0.34
curved	0.49	0.28
glowing	0.49	0.34
untouched	0.50	0.21
hollow	0.50	0.28
fiery	0.51	0.12
erect	0.51	0.29
massive	0.52	0.23
ingenious	0.52	0.15
awake	0.52	0.64
effective	0.52	0.25
best	0.52	1.06
frail	0.53	0.31
roast	0.53	0.23
leafy	0.53	0.22
low	0.53	0.13
quick	0.54	0.12
folding	0.54	0.14
hairy	0.54	0.40
brown	0.55	0.41
grateful	0.55	0.71
skilled	0.55	0.18
promising	0.55	0.13
dried	0.55	0.23
impossible	0.56	0.62
aging	0.56	0.13
memorable	0.56	0.60
shrewd	0.56	0.18
smoky	0.56	0.28
stout	0.56	0.36
confidential	0.56	0.16
artistic	0.57	0.17
fried	0.57	0.27
cooperative	0.57	0.20
precise	0.57	0.15
creative	0.57	0.20
metallic	0.58	0.28
marvelous	0.58	0.16
lofty	0.58	0.11
rainy	0.59	0.34
exotic	0.59	0.14
distinctive	0.59	0.15
devoted	0.59	0.13
architectural	0.60	0.21
longtime	0.60	0.08
minimum	0.60	0.28
interesting	0.60	1.09
majestic	0.60	0.19
crimson	0.61	0.42
thick	0.61	0.34
peculiar	0.61	0.64
unlikely	0.62	0.78
durable	0.62	0.12
superficial	0.62	0.64
accurate	0.62	0.31
thin	0.63	0.43
subdued	0.63	0.27
realistic	0.63	0.19
ruddy	0.63	0.41
swell	0.63	0.76
fair	0.63	0.95
hot	0.64	0.32
distinguished	0.64	0.10
impressive	0.65	0.65
apt	0.65	0.64
black	0.65	0.41
genuine	0.65	0.12
sober	0.66	0.21
dark	0.66	0.42
curving	0.66	0.31
deep	0.66	0.24
thorough	0.67	0.21
lush	0.67	0.17
purple	0.67	0.33
stale	0.67	0.52
colorless	0.67	0.38
yellow	0.68	0.47
informal	0.68	0.25
visual	0.68	0.76
normal	0.69	0.15
late	0.69	0.20
pink	0.70	0.46
valuable	0.70	0.66
arctic	0.70	0.18
red	0.70	0.42
pale	0.70	0.47
alert	0.70	0.22
solid	0.71	0.12
spontaneous	0.71	0.22
tailored	0.73	0.18
short	0.73	0.31
green	0.74	0.43
workable	0.75	0.22
steady	0.75	0.25
famed	0.76	0.09
mutual	0.77	0.20
economical	0.77	0.18
misty	0.77	0.37
scarlet	0.79	0.45
patriotic	0.79	0.23
superior	0.79	0.68
successful	0.79	0.23
outstanding	0.79	0.77
luminous	0.79	0.45
prompt	0.80	0.21
mobile	0.80	0.18
hushed	0.80	0.36
blunt	0.80	0.21
reasonable	0.81	0.31
icy	0.81	0.29
notorious	0.81	0.68
wiry	0.81	0.37
blue	0.81	0.47
humorous	0.83	0.69
lean	0.83	0.40
stocky	0.83	0.38
lasting	0.83	0.15
ardent	0.83	0.27
dry	0.83	0.32
shiny	0.83	0.37
equitable	0.85	0.20
respectable	0.86	0.16
busy	0.86	0.57
clever	0.87	0.53
reliable	0.87	0.25
tame	0.88	0.51
bulky	0.88	0.28
noble	0.88	0.19
feminine	0.89	0.23
audible	0.89	0.19
skillful	0.90	0.23
clean	0.90	0.34
sporting	0.90	0.66
privileged	0.91	0.83
powdered	0.91	0.26
senior	0.91	0.12
mock	0.91	0.47
constructive	0.91	0.19
convenient	0.92	0.24
amusing	0.92	0.83
formal	0.92	0.21
worthy	0.93	0.15
athletic	0.93	0.15
colorful	0.93	0.17
undisturbed	0.93	0.23
favorable	0.93	0.81
bold	0.94	0.22
glistening	0.94	0.47
smooth	0.94	0.31
faithful	0.94	0.24
original	0.94	0.84
exalted	0.95	0.68
enthusiastic	0.95	0.29
tall	0.95	0.42
noisy	0.95	0.61
accessible	0.95	0.66
extreme	0.96	0.83
boyish	0.96	0.28
moderate	0.96	0.76
sensible	0.97	0.24
outdoor	0.97	0.63
mature	0.98	0.12
magnificent	0.98	0.22
penetrating	0.98	0.53
appropriate	0.99	0.66
active	1.00	0.20
curly	1.00	0.37
sturdy	1.01	0.33
gleaming	1.01	0.46
grave	1.01	0.26
sophisticated	1.01	0.15
shimmering	1.01	0.43
dearest	1.02	0.80
pleasing	1.02	0.58
close	1.03	0.61
thankful	1.03	0.75
plump	1.03	0.36
convincing	1.04	0.19
sufficient	1.04	0.84
polished	1.06	0.31
sensitive	1.06	0.17
talented	1.06	0.16
young	1.06	0.36
orderly	1.07	0.17
available	1.08	0.81
fragrant	1.09	0.19
competent	1.09	0.21
youthful	1.09	0.54
remarkable	1.09	0.60
trim	1.10	0.23
authentic	1.10	0.65
complete	1.10	0.78
dazzling	1.10	0.32
expensive	1.11	0.50
unsuccessful	1.11	0.62
loyal	1.12	0.20
blond	1.12	0.47
dainty	1.13	0.72
irregular	1.13	0.71
vigorous	1.14	0.20
chilly	1.14	0.68
sanitary	1.15	0.66
thoughtful	1.15	0.21
critical	1.15	0.74
impartial	1.15	0.21
tidy	1.16	0.15
slim	1.16	0.41
scholarly	1.17	0.19
abundant	1.18	0.69
ample	1.18	0.78
mighty	1.18	0.62
proud	1.18	0.59
rash	1.18	0.64
free	1.20	0.73
senatorial	1.20	0.70
delicious	1.20	0.50
adequate	1.20	0.78
glittering	1.21	0.34
reassuring	1.22	0.34
efficient	1.22	0.20
proper	1.24	0.78
sharp	1.25	0.54
husky	1.26	0.25
famous	1.26	0.71
fashionable	1.27	0.18
easy	1.27	0.74
daring	1.27	0.68
bright	1.27	0.34
sleek	1.27	0.35
triumphant	1.28	0.55
luxurious	1.28	0.48
neat	1.28	0.18
glad	1.28	0.65
impersonal	1.28	0.72
flattering	1.29	0.13
suitable	1.29	0.76
brave	1.29	0.27
fascinating	1.31	0.56
speedy	1.31	0.60
wont	1.32	0.46
earnest	1.32	0.22
refined	1.32	0.20
enchanted	1.32	0.46
sincere	1.33	0.21
plausible	1.33	0.46
energetic	1.34	0.23
placid	1.34	0.67
stable	1.34	0.25
intact	1.34	0.64
nice	1.36	0.64
wealthy	1.37	0.72
sympathetic	1.37	0.24
favorite	1.37	0.65
wonderful	1.37	0.65
oval	1.38	0.81
dignified	1.39	0.17
finest	1.39	0.64
homely	1.39	0.51
conscientious	1.40	0.17
comforting	1.40	0.61
aloof	1.41	0.38
safe	1.43	0.59
helpful	1.45	0.55
honest	1.46	0.25
fine	1.46	0.71
gallant	1.46	0.49
ripe	1.46	0.46
melancholy	1.47	0.68
silvery	1.49	0.52
blonde	1.52	0.67
soothing	1.53	0.54
radiant	1.53	0.69
leisurely	1.53	0.55
fragile	1.54	0.58
rare	1.55	0.52
careful	1.55	0.52
rosy	1.55	0.94
pure	1.57	0.67
consistent	1.62	0.67
strong	1.63	0.48
loving	1.63	0.52
casual	1.63	0.63
wise	1.64	0.48
heavenly	1.64	0.72
generous	1.65	0.20
imaginative	1.66	0.71
sweet	1.67	0.50
keen	1.68	0.54
exciting	1.69	0.57
brilliant	1.69	0.51
slender	1.70	0.75
susceptible	1.70	0.74
capable	1.71	0.62
ideal	1.71	0.80
mild	1.71	0.66
delighted	1.74	0.52
fresh	1.76	0.44
picturesque	1.76	0.59
soft	1.77	0.72
miniature	1.77	0.62
closest	1.77	0.56
shining	1.78	0.85
respectful	1.79	0.55
genial	1.80	0.28
warm	1.80	0.56
handsome	1.81	0.61
admiring	1.81	0.45
satisfactory	1.81	0.79
golden	1.82	0.80
tolerant	1.83	0.56
lively	1.85	0.41
joyous	1.88	0.46
affectionate	1.88	0.61
decent	1.89	0.50
superb	1.89	0.68
tender	1.89	0.50
welcoming	1.90	0.47
confident	1.91	0.54
honorable	1.91	0.65
healthy	1.92	0.43
gentle	1.93	0.52
crisp	1.93	0.45
snug	1.95	0.50
spacious	1.95	0.53
sparkling	1.96	0.66
intelligent	1.98	0.61
modest	1.98	0.47
jolly	1.99	0.49
courageous	1.99	0.65
graceful	2.00	0.65
entertaining	2.00	0.64
hearty	2.00	0.52
splendid	2.02	0.53
agreeable	2.03	0.67
cordial	2.04	0.56
polite	2.09	0.54
calm	2.10	0.49
prosperous	2.11	0.58
brisk	2.12	0.53
intimate	2.12	0.63
amiable	2.16	0.49
glorious	2.21	0.62
courteous	2.21	0.52
delicate	2.21	0.57
quiet	2.22	0.44
attractive	2.22	0.47
cool	2.24	0.55
friendly	2.24	0.52
merry	2.27	0.48
admirable	2.29	0.64
serene	2.31	0.43
peaceful	2.36	0.41
clear	2.38	0.46
exquisite	2.46	0.52
comfortable	2.47	0.43
fond	2.48	0.34
sunny	2.49	0.51
sane	2.51	0.54
elegant	2.52	0.47
cheerful	2.54	0.50
wholesome	2.55	0.42
beautiful	2.56	0.51
gracious	2.60	0.37
charming	2.62	0.34
gay	2.67	0.33
