worst	-3.18	0.38
ugly	-3.17	0.35
wicked	-3.10	0.38
dreadful	-3.02	0.37
hideous	-2.96	0.42
rotten	-2.81	0.45
nasty	-2.69	0.42
savage	-2.67	0.49
foul	-2.65	0.40
stricken	-2.64	0.43
silly	-2.64	0.49
wretched	-2.61	0.48
sick	-2.56	0.44
filthy	-2.54	0.51
miserable	-2.53	0.49
dirty	-2.48	0.51
troublesome	-2.47	0.47
ridiculous	-2.47	0.49
tired	-2.45	0.62
unbearable	-2.44	0.41
terrible	-2.42	0.46
fantastic	-2.40	0.58
dangerous	-2.38	0.44
awful	-2.36	0.52
allergic	-2.36	0.54
desperate	-2.35	0.45
blind	-2.34	0.60
stale	-2.32	0.48
bloody	-2.29	0.45
unfavorable	-2.27	0.47
helpless	-2.25	0.58
dead	-2.24	0.57
worse	-2.19	0.65
frightful	-2.15	0.58
stupid	-2.14	0.55
naked	-2.14	0.66
insane	-2.14	0.41
dismal	-2.14	0.47
alcoholic	-2.13	0.52
intolerable	-2.12	0.41
afraid	-2.11	0.48
appalling	-2.07	0.65
bourgeois	-2.07	0.75
starving	-2.06	0.51
lonely	-2.05	0.58
brutal	-2.04	0.62
utter	-2.03	0.54
timid	-2.03	0.59
pitiful	-2.02	0.55
uncomfortable	-2.01	0.82
weird	-2.00	0.59
acute	-1.98	0.47
feeble	-1.98	0.44
sore	-1.97	0.46
senseless	-1.94	0.24
drunken	-1.94	0.59
absurd	-1.94	0.48
cruel	-1.93	0.24
outrageous	-1.92	0.42
depressed	-1.92	0.83
ill	-1.91	0.68
damned	-1.90	0.59
ignorant	-1.89	0.60
bored	-1.89	0.90
vicious	-1.88	0.63
mad	-1.88	0.28
guilty	-1.87	0.40
angry	-1.87	0.91
disappointed	-1.86	0.89
monstrous	-1.86	0.62
annoying	-1.85	0.53
grotesque	-1.84	0.68
bewildered	-1.84	0.89
thirsty	-1.82	0.55
greedy	-1.82	0.39
worried	-1.81	0.79
frustrated	-1.81	0.80
incredible	-1.81	0.68
shocking	-1.80	0.45
disastrous	-1.79	0.40
inefficient	-1.79	0.47
uneasy	-1.78	0.91
sinister	-1.78	0.53
wounded	-1.77	0.62
dumb	-1.76	0.68
weak	-1.76	0.58
annoyed	-1.75	0.91
restless	-1.75	0.97
jealous	-1.75	0.54
terrifying	-1.74	0.56
cynical	-1.73	0.53
impatient	-1.73	0.98
hopeless	-1.72	0.48
rude	-1.71	0.16
damaging	-1.71	0.59
disgusted	-1.69	0.88
frightened	-1.69	0.49
cheap	-1.68	0.61
disabled	-1.68	0.55
assorted	-1.68	0.52
dissatisfied	-1.67	0.86
crazy	-1.67	0.64
mortal	-1.66	0.64
harmful	-1.66	0.58
tragic	-1.65	0.89
innocent	-1.65	0.59
weary	-1.62	0.43
persistent	-1.62	0.50
excess	-1.60	0.69
terrific	-1.60	0.52
immoral	-1.58	0.23
morbid	-1.58	0.38
corrupt	-1.57	0.67
futile	-1.56	0.16
astonishing	-1.55	0.61
ominous	-1.53	0.66
formidable	-1.53	0.56
undue	-1.52	0.67
dubious	-1.52	0.59
unbelievable	-1.52	0.68
liable	-1.51	0.65
undesirable	-1.51	0.77
chronic	-1.49	0.22
ragged	-1.49	0.68
pathetic	-1.49	0.50
lousy	-1.48	0.77
adverse	-1.48	0.55
crooked	-1.46	0.25
furious	-1.45	0.33
bleeding	-1.44	0.25
little	-1.44	0.57
worrying	-1.44	0.30
grim	-1.43	0.45
ashamed	-1.41	0.56
queer	-1.41	0.54
destructive	-1.40	0.74
selfish	-1.39	0.25
fascist	-1.39	1.01
dishonest	-1.39	0.28
aching	-1.38	0.20
cunning	-1.38	0.65
drunk	-1.38	0.36
hesitant	-1.36	0.79
lame	-1.36	0.70
capitalist	-1.36	0.94
sorry	-1.35	0.53
damn	-1.35	0.86
scared	-1.34	0.35
sordid	-1.34	0.20
unjust	-1.33	0.20
inadequate	-1.33	0.48
vulgar	-1.33	0.22
nervous	-1.33	0.54
embarrassed	-1.32	0.64
indispensable	-1.32	0.67
accidental	-1.31	0.70
sour	-1.31	0.47
frantic	-1.31	0.16
wasteful	-1.30	0.20
obscene	-1.30	0.15
juvenile	-1.29	0.73
ceremonial	-1.28	0.74
dazed	-1.28	0.29
illegal	-1.28	0.19
dreary	-1.28	0.21
unfair	-1.28	0.21
irrelevant	-1.27	0.11
illiterate	-1.27	0.72
outraged	-1.27	0.49
false	-1.27	0.64
sad	-1.27	0.71
irresistible	-1.26	0.67
incidental	-1.25	0.74
frightening	-1.24	0.89
unnecessary	-1.23	0.20
dull	-1.23	0.28
consecutive	-1.23	0.81
unnatural	-1.22	0.23
anxious	-1.20	0.96
apprehensive	-1.20	0.70
preposterous	-1.19	0.30
idle	-1.19	0.69
funny	-1.18	0.51
puzzled	-1.18	0.64
aged	-1.17	0.75
irresponsible	-1.17	0.20
hysterical	-1.16	0.23
generalized	-1.16	0.72
damp	-1.16	0.58
unwise	-1.15	0.18
fatal	-1.14	0.09
suspicious	-1.14	0.59
unreal	-1.13	0.22
numb	-1.13	0.21
difficult	-1.13	0.56
odd	-1.12	0.76
fearful	-1.12	0.18
severe	-1.12	0.17
sticky	-1.12	0.23
double	-1.12	0.74
sleepy	-1.11	0.40
serious	-1.11	0.23
tense	-1.11	0.55
insignificant	-1.10	0.12
bruised	-1.09	0.25
alarming	-1.08	0.27
improper	-1.08	0.18
stuffy	-1.07	0.22
neurotic	-1.07	0.69
asleep	-1.06	0.39
deadly	-1.06	0.19
indirect	-1.06	0.71
surprised	-1.05	0.52
susceptible	-1.04	0.60
useless	-1.04	0.17
totalitarian	-1.03	1.03
mere	-1.03	0.75
crippled	-1.03	0.40
swollen	-1.02	0.26
conspicuous	-1.02	0.81
violent	-1.01	0.15
inevitable	-1.01	0.20
drab	-1.01	0.24
widespread	-0.98	0.14
dependent	-0.97	0.14
deaf	-0.97	0.34
uncertain	-0.97	0.37
criminal	-0.96	0.19
hungry	-0.95	0.94
vague	-0.95	0.27
lonesome	-0.95	0.35
mute	-0.93	0.28
delinquent	-0.92	0.16
indignant	-0.92	0.50
incapable	-0.91	0.09
authoritative	-0.91	0.71
exaggerated	-0.90	0.15
stormy	-0.90	0.72
prevalent	-0.90	0.70
desolate	-0.89	0.16
staggering	-0.89	0.14
shaky	-0.89	0.16
inherent	-0.89	0.92
bleak	-0.88	0.22
wrong	-0.88	0.86
secret	-0.88	0.87
worthless	-0.87	0.11
turbulent	-0.87	0.82
wild	-0.86	0.18
arbitrary	-0.86	0.10
harmless	-0.85	0.20
goddam	-0.85	0.86
defensive	-0.84	0.23
cramped	-0.83	0.27
unaware	-0.82	0.18
crude	-0.82	0.19
indefinite	-0.82	0.14
melancholy	-0.82	0.67
amused	-0.81	0.56
marital	-0.81	0.79
battered	-0.81	0.17
subversive	-0.81	0.33
costly	-0.81	0.11
wry	-0.79	0.32
awkward	-0.79	0.27
limp	-0.79	0.31
brooding	-0.79	0.40
unemployed	-0.78	0.19
strongest	-0.78	0.86
urgent	-0.78	0.23
hostile	-0.77	0.18
irrational	-0.77	0.08
excessive	-0.77	0.12
unimportant	-0.77	0.19
bitter	-0.76	0.14
alleged	-0.76	0.15
hasty	-0.76	0.09
unreasonable	-0.75	0.12
gloomy	-0.75	0.21
foolish	-0.75	0.70
breathless	-0.75	0.23
conscious	-0.75	0.12
overwhelming	-0.74	0.19
raging	-0.73	0.16
blunt	-0.72	0.21
heaviest	-0.72	0.17
pregnant	-0.72	0.72
concerned	-0.72	0.36
sullen	-0.72	0.43
petty	-0.71	0.12
extreme	-0.71	0.12
unknown	-0.71	0.20
tattered	-0.70	0.25
astonished	-0.70	0.48
misleading	-0.69	0.13
greasy	-0.69	0.27
arid	-0.69	0.09
unprecedented	-0.69	0.22
aware	-0.69	0.26
unsatisfactory	-0.68	0.18
stiff	-0.68	0.27
phony	-0.68	0.21
overt	-0.67	0.13
devoid	-0.67	0.10
insistent	-0.66	0.20
crushing	-0.66	0.12
arrogant	-0.66	0.24
dizzy	-0.66	0.75
defiant	-0.65	0.26
whole	-0.65	0.15
unconscious	-0.65	0.12
strange	-0.65	0.81
irregular	-0.65	0.12
embarrassing	-0.64	0.79
stubborn	-0.63	0.21
unpredictable	-0.63	0.19
questionable	-0.63	0.14
immune	-0.63	0.12
hard	-0.62	0.70
impending	-0.62	0.19
spinal	-0.61	0.19
dusty	-0.61	0.21
blackened	-0.61	0.23
thermonuclear	-0.60	0.17
painful	-0.60	0.82
negligible	-0.59	0.15
belligerent	-0.59	0.22
careless	-0.59	0.23
obsolete	-0.59	0.11
slack	-0.59	0.10
imminent	-0.59	0.19
satisfying	-0.59	0.73
ailing	-0.58	0.33
poorer	-0.58	0.25
confusing	-0.58	0.33
authentic	-0.57	0.65
revolutionary	-0.57	0.28
unthinkable	-0.57	0.19
superficial	-0.56	0.15
amazed	-0.56	0.49
communist	-0.56	0.42
preoccupied	-0.56	0.36
notorious	-0.56	0.16
inferior	-0.56	0.17
meeker	-0.56	0.30
sly	-0.56	0.29
improbable	-0.56	0.33
outright	-0.55	0.13
puzzling	-0.55	0.32
stimulating	-0.54	0.78
partisan	-0.54	0.10
wary	-0.54	0.43
shabby	-0.53	0.29
clumsy	-0.53	0.18
unfinished	-0.53	0.18
close	-0.53	0.65
barren	-0.53	0.12
meaningful	-0.53	0.21
offensive	-0.52	0.21
meaningless	-0.52	0.11
muddy	-0.52	0.20
psychic	-0.52	0.17
multiple	-0.52	0.16
soiled	-0.52	0.34
persuasive	-0.52	0.72
awed	-0.51	0.37
cerebral	-0.51	0.17
wholesale	-0.51	0.10
harsh	-0.50	0.28
wet	-0.50	0.30
crumbling	-0.50	0.15
reactionary	-0.50	0.36
disturbing	-0.49	0.93
mental	-0.49	0.23
menacing	-0.49	0.23
sioux	-0.49	0.11
conceivable	-0.48	0.18
convinced	-0.47	0.33
inflationary	-0.47	0.19
conflicting	-0.47	0.21
radioactive	-0.47	0.16
prewar	-0.46	0.13
meager	-0.46	0.75
photographic	-0.46	0.14
contemptuous	-0.46	0.39
nazi	-0.46	0.28
colossal	-0.46	0.15
massed	-0.45	0.15
hoarse	-0.44	0.24
trivial	-0.44	0.35
slick	-0.44	0.17
extravagant	-0.43	0.18
frozen	-0.43	0.17
deficient	-0.43	0.26
noticeable	-0.43	0.13
tidal	-0.43	0.11
aggressive	-0.43	0.17
apparent	-0.43	0.12
present	-0.42	0.15
mock	-0.42	0.14
curious	-0.42	0.32
somber	-0.42	0.24
remote	-0.41	0.13
gross	-0.41	0.11
bare	-0.41	0.29
honorary	-0.41	0.11
faint	-0.40	0.24
naval	-0.40	0.09
intense	-0.40	0.13
deliberate	-0.39	0.20
mammoth	-0.39	0.19
alien	-0.39	0.15
inert	-0.39	0.16
unsuccessful	-0.39	0.13
commonplace	-0.39	0.20
blank	-0.39	0.20
ruthless	-0.39	0.30
cosmic	-0.39	0.13
sudden	-0.38	0.21
devastating	-0.38	0.20
prolonged	-0.38	0.10
unconstitutional	-0.38	0.09
tremendous	-0.37	0.24
veiled	-0.37	0.24
evident	-0.37	0.15
silent	-0.37	0.27
triple	-0.37	0.11
potent	-0.36	0.25
applicable	-0.36	0.19
khaki	-0.36	0.37
commanding	-0.36	0.13
mournful	-0.36	0.17
precious	-0.35	0.25
responsible	-0.35	0.21
tactical	-0.35	0.11
crucial	-0.35	0.21
incomplete	-0.35	0.16
familiar	-0.34	0.85
decisive	-0.34	0.11
unfamiliar	-0.34	0.30
farthest	-0.34	0.08
absent	-0.34	0.09
manifest	-0.34	0.14
abnormal	-0.34	0.17
barefoot	-0.34	0.30
insufficient	-0.33	0.18
feudal	-0.33	0.29
vice	-0.33	0.08
conventional	-0.33	0.11
sheer	-0.33	0.25
raw	-0.33	0.18
motionless	-0.33	0.27
fierce	-0.33	0.22
wan	-0.32	0.31
due	-0.32	0.10
hollow	-0.31	0.26
obscure	-0.31	0.20
unpopular	-0.31	0.23
gigantic	-0.31	0.17
taut	-0.31	0.31
sensational	-0.31	0.25
slightest	-0.31	0.11
lazy	-0.31	0.38
tame	-0.31	0.20
unwilling	-0.31	0.18
anonymous	-0.31	0.12
likely	-0.30	0.24
negative	-0.30	0.15
minor	-0.30	0.12
withholding	-0.30	0.18
protective	-0.30	0.17
agrarian	-0.30	0.24
prone	-0.30	0.16
probing	-0.30	0.13
hardened	-0.29	0.21
correct	-0.28	0.18
socialist	-0.28	0.28
super	-0.28	0.11
inland	-0.28	0.11
external	-0.27	0.14
weaker	-0.27	0.28
succeeding	-0.27	0.17
parental	-0.27	0.19
jagged	-0.27	0.16
preceding	-0.27	0.17
opposing	-0.27	0.19
marine	-0.26	0.13
plausible	-0.26	0.19
apt	-0.26	0.25
increasing	-0.26	0.16
elusive	-0.26	0.13
endless	-0.26	0.13
abrupt	-0.25	0.11
biggest	-0.25	0.20
excited	-0.25	0.89
drastic	-0.25	0.10
yearly	-0.25	0.15
rival	-0.25	0.10
bodily	-0.25	0.11
startling	-0.24	0.28
hourly	-0.24	0.09
speedy	-0.24	0.09
inclined	-0.24	0.24
feverish	-0.24	0.22
automatic	-0.24	0.12
random	-0.23	0.12
controversial	-0.23	0.32
understandable	-0.23	0.14
lowest	-0.23	0.09
nominal	-0.23	0.09
obvious	-0.23	0.14
continental	-0.23	0.08
tighter	-0.22	0.24
austrian	-0.22	0.17
interested	-0.22	0.41
integral	-0.22	0.09
financial	-0.22	0.11
hind	-0.22	0.23
exciting	-0.22	0.86
pleasing	-0.22	0.87
global	-0.21	0.19
scarce	-0.21	0.15
variable	-0.21	0.12
shrill	-0.21	0.26
expensive	-0.21	0.17
swelling	-0.21	0.10
divine	-0.21	0.96
focal	-0.20	0.07
tangled	-0.20	0.15
vacant	-0.20	0.14
visual	-0.20	0.16
lingering	-0.19	0.12
throbbing	-0.19	0.17
dual	-0.19	0.10
continuing	-0.19	0.09
dominican	-0.19	0.13
modred	-0.19	0.13
virtual	-0.19	0.20
inward	-0.19	0.12
primitive	-0.19	0.14
racial	-0.19	0.09
boring	-0.19	0.66
pertinent	-0.19	0.31
old	-0.18	0.82
parliamentary	-0.18	0.13
explicit	-0.18	0.16
czech	-0.18	0.26
outstretched	-0.18	0.27
childish	-0.18	0.69
total	-0.18	0.15
offshore	-0.18	0.08
fiscal	-0.18	0.09
internal	-0.18	0.09
comparable	-0.17	0.16
forbidding	-0.17	0.11
uneven	-0.17	0.13
unused	-0.17	0.10
premature	-0.17	0.14
capita	-0.17	0.12
indifferent	-0.16	0.22
latest	-0.16	0.18
artificial	-0.16	0.14
different	-0.16	0.23
supposed	-0.16	0.34
bulky	-0.16	0.18
emotional	-0.16	0.14
shy	-0.16	0.42
unlimited	-0.16	0.19
glad	-0.16	0.74
average	-0.16	0.14
significant	-0.15	0.25
tribal	-0.15	0.14
postal	-0.15	0.13
stern	-0.15	0.22
soviet	-0.15	0.25
potential	-0.15	0.09
reluctant	-0.15	0.27
net	-0.15	0.12
consequent	-0.15	0.10
mysterious	-0.15	1.07
israeli	-0.15	0.10
prospective	-0.15	0.13
stray	-0.15	0.22
unanimous	-0.15	0.16
iranian	-0.15	0.12
folding	-0.14	0.15
brittle	-0.14	0.22
renewed	-0.14	0.09
underdeveloped	-0.14	0.12
moody	-0.14	0.36
dry	-0.14	0.28
senior	-0.14	0.07
collective	-0.14	0.09
challenging	-0.14	0.18
strategic	-0.13	0.10
fake	-0.13	0.26
invincible	-0.13	0.14
declining	-0.13	0.17
invisible	-0.13	0.18
enormous	-0.13	0.15
surgical	-0.13	0.17
rubber	-0.13	0.13
resistant	-0.12	0.22
underground	-0.12	0.28
ballistic	-0.12	0.10
postwar	-0.12	0.26
baltic	-0.12	0.09
identical	-0.12	0.12
swell	-0.12	0.35
muffled	-0.12	0.25
biological	-0.12	0.14
nuclear	-0.12	0.18
atomic	-0.11	0.18
outstanding	-0.11	1.15
asian	-0.11	0.05
interstate	-0.11	0.12
considerable	-0.11	0.18
accompanying	-0.11	0.13
wormy	-0.11	0.24
frequent	-0.11	0.18
rough	-0.11	0.18
rocky	-0.11	0.11
relevant	-0.11	0.32
growing	-0.11	0.21
subdued	-0.11	0.36
surprising	-0.10	0.75
coarse	-0.10	0.31
louder	-0.10	0.24
powerful	-0.10	0.18
yugoslav	-0.10	0.19
seasonal	-0.10	0.18
extraordinary	-0.10	0.35
geographic	-0.10	0.08
positive	-0.10	0.20
extra	-0.10	0.17
vocational	-0.10	0.18
cheaper	-0.09	0.25
varying	-0.09	0.14
rainy	-0.09	0.26
utmost	-0.09	0.26
airborne	-0.09	0.07
unchanged	-0.09	0.09
spectacular	-0.09	0.14
male	-0.09	0.20
prevailing	-0.09	0.12
needless	-0.09	0.10
accessible	-0.09	0.09
crowded	-0.09	0.24
selective	-0.09	0.14
various	-0.08	0.14
weekly	-0.08	0.10
other	-0.08	0.15
elementary	-0.08	0.14
senatorial	-0.08	0.09
major	-0.08	0.13
instinctive	-0.08	0.14
aging	-0.08	0.37
temporary	-0.08	0.19
explosive	-0.08	0.12
unmistakable	-0.07	0.21
annual	-0.07	0.13
physical	-0.07	0.11
treacherous	-0.07	0.17
neolithic	-0.07	0.10
exiled	-0.07	0.15
martial	-0.07	0.19
complex	-0.06	0.18
rusty	-0.06	0.19
restraining	-0.06	0.04
great	-0.06	0.25
subordinate	-0.06	0.09
important	-0.06	0.31
perpetual	-0.06	0.16
safer	-0.06	0.28
scottish	-0.06	0.09
jewish	-0.06	0.10
belgian	-0.06	0.12
captive	-0.06	0.18
loose	-0.06	0.15
goddamn	-0.05	0.74
puffing	-0.05	0.24
impressive	-0.05	0.18
canned	-0.05	0.16
vital	-0.05	0.18
visible	-0.05	0.05
polish	-0.05	0.14
substantial	-0.05	0.12
caribbean	-0.05	0.10
sensory	-0.05	0.12
sexual	-0.05	0.10
overall	-0.05	0.10
technological	-0.05	0.11
appreciable	-0.05	0.10
sizable	-0.05	0.07
corporate	-0.05	0.14
easiest	-0.05	0.26
central	-0.05	0.05
lesser	-0.04	0.12
daily	-0.04	0.07
newest	-0.04	0.10
synthetic	-0.04	0.15
legal	-0.04	0.13
hungarian	-0.04	0.14
proportional	-0.04	0.08
military	-0.04	0.06
definite	-0.04	0.16
comic	-0.04	0.18
icy	-0.04	0.28
territorial	-0.04	0.08
lengthy	-0.03	0.17
secondary	-0.03	0.20
bearded	-0.03	0.44
indian	-0.03	0.10
russian	-0.03	0.13
constant	-0.03	0.08
hairy	-0.03	0.44
advancing	-0.03	0.07
urban	-0.03	0.12
greater	-0.03	0.18
current	-0.02	0.13
cute	-0.02	0.57
cant	-0.02	0.38
towering	-0.02	0.26
implicit	-0.02	0.12
mormon	-0.02	0.11
ideological	-0.02	0.11
stronger	-0.02	0.33
healing	-0.02	0.09
recent	-0.02	0.16
natural	-0.02	0.16
maximum	-0.02	0.18
equal	-0.02	0.17
intermediate	-0.02	0.08
civil	-0.01	0.08
compulsory	-0.01	0.10
sole	-0.01	0.12
middle	-0.01	0.13
german	-0.01	0.12
empty	-0.01	0.16
immediate	-0.01	0.15
concrete	-0.01	0.08
surplus	-0.01	0.10
vast	-0.01	0.09
democratic	-0.01	0.14
limiting	-0.01	0.12
magnetic	-0.01	0.07
western	-0.01	0.08
sanitary	-0.01	0.18
communal	-0.00	0.14
occupational	-0.00	0.20
syrian	-0.00	0.12
peculiar	-0.00	0.25
lighter	-0.00	0.26
monetary	-0.00	0.13
allied	0.00	0.11
oral	0.00	0.12
simpler	0.00	0.22
higher	0.00	0.09
civilized	0.00	0.16
direct	0.00	0.17
colonial	0.01	0.09
existing	0.01	0.09
similar	0.01	0.18
arctic	0.01	0.11
wrinkled	0.01	0.37
horizontal	0.01	0.09
associate	0.01	0.07
upstate	0.01	0.07
enchanted	0.01	0.17
fat	0.01	0.43
certain	0.01	0.19
dense	0.01	0.14
bigger	0.01	0.30
harder	0.01	0.28
eastern	0.01	0.02
pending	0.01	0.10
shadowy	0.02	0.25
statistical	0.02	0.11
federal	0.02	0.09
dynamic	0.02	0.16
veteran	0.02	0.09
toughest	0.02	0.22
darkened	0.02	0.29
probable	0.02	0.23
high	0.02	0.09
fascinating	0.02	0.85
moslem	0.02	0.06
martian	0.02	0.15
compelling	0.02	0.16
relative	0.02	0.14
domestic	0.02	0.07
mediterranean	0.02	0.04
slippery	0.02	0.14
padded	0.02	0.23
exalted	0.02	0.21
nationwide	0.02	0.07
critical	0.02	0.15
southern	0.02	0.03
northern	0.02	0.03
limited	0.02	0.10
lower	0.03	0.07
mystic	0.03	0.15
freezing	0.03	0.18
chinese	0.03	0.10
economic	0.03	0.10
diverse	0.03	0.09
infinite	0.03	0.17
acceptable	0.03	0.22
asiatic	0.03	0.03
scant	0.03	0.18
tricky	0.03	0.74
alternating	0.03	0.08
prime	0.03	0.15
experimental	0.03	0.11
isolated	0.03	0.08
electoral	0.03	0.14
industrial	0.03	0.10
general	0.03	0.14
functional	0.03	0.11
broader	0.03	0.09
congressional	0.03	0.07
algerian	0.04	0.07
european	0.04	0.08
psychiatric	0.04	0.17
armed	0.04	0.08
african	0.04	0.04
merced	0.04	0.09
wiser	0.04	0.29
danish	0.04	0.10
symbolic	0.04	0.15
legitimate	0.04	0.18
polar	0.04	0.13
soaring	0.04	0.08
governmental	0.04	0.09
political	0.04	0.10
corresponding	0.04	0.08
heavier	0.04	0.29
barbed	0.04	0.19
steep	0.05	0.10
subjective	0.05	0.11
maritime	0.05	0.04
surviving	0.05	0.09
cubic	0.05	0.04
cracking	0.05	0.17
respective	0.05	0.11
smallest	0.05	0.07
ambitious	0.05	0.20
additional	0.05	0.21
overseas	0.05	0.09
initial	0.05	0.09
coastal	0.05	0.08
biblical	0.05	0.18
single	0.06	0.15
passionate	0.06	0.18
tropical	0.06	0.03
elder	0.06	0.09
psychological	0.06	0.10
previous	0.06	0.10
remaining	0.06	0.09
elevated	0.06	0.11
managing	0.06	0.10
further	0.06	0.16
main	0.06	0.10
structural	0.06	0.10
constitutional	0.06	0.12
remarkable	0.06	0.32
british	0.06	0.07
principal	0.07	0.20
snowy	0.07	0.19
distant	0.07	0.25
lone	0.07	0.26
flaming	0.07	0.94
geographical	0.07	0.08
solemn	0.07	0.19
slight	0.07	0.18
chemical	0.07	0.11
french	0.07	0.08
educational	0.07	0.16
monotonous	0.07	0.32
particular	0.07	0.18
circular	0.07	0.14
foreign	0.07	0.07
egyptian	0.08	0.07
canadian	0.08	0.07
everyday	0.08	0.22
numerous	0.08	0.07
continual	0.08	0.13
thinner	0.08	0.32
turkish	0.08	0.07
doubtful	0.08	0.18
clinical	0.08	0.18
swedish	0.08	0.09
uncommon	0.08	0.69
cuban	0.08	0.14
dutch	0.08	0.06
ascidian	0.08	0.10
worldly	0.08	0.21
new	0.09	0.12
flat	0.09	0.19
logical	0.09	0.14
upper	0.09	0.06
clearer	0.09	0.27
expanding	0.09	0.12
social	0.09	0.13
junior	0.09	0.21
tentative	0.09	0.29
administrative	0.09	0.09
underlying	0.09	0.19
common	0.09	0.21
imperative	0.09	0.14
national	0.09	0.06
newer	0.09	0.30
olympic	0.09	0.15
gorgeous	0.10	0.85
australian	0.10	0.04
local	0.10	0.09
cold	0.10	0.31
normal	0.10	0.10
vietnamese	0.10	0.10
pleased	0.10	0.80
revised	0.10	0.12
civilian	0.10	0.09
dominant	0.10	0.05
marginal	0.10	0.17
outward	0.10	0.07
skinny	0.10	0.51
productive	0.10	0.23
shorter	0.10	0.31
glacial	0.10	0.12
electrical	0.11	0.16
armenian	0.11	0.07
persian	0.11	0.11
portuguese	0.11	0.06
temperate	0.11	0.04
legislative	0.11	0.09
joint	0.11	0.07
celebrated	0.11	0.18
curved	0.11	0.26
spanish	0.11	0.07
surrounding	0.11	0.13
older	0.11	0.33
plain	0.11	0.25
wooded	0.11	0.09
japanese	0.11	0.08
untouched	0.11	0.10
subsequent	0.11	0.09
characteristic	0.11	0.22
municipal	0.11	0.08
shallow	0.12	0.13
prominent	0.12	0.11
secular	0.12	0.13
complicated	0.12	0.17
italian	0.12	0.09
aloof	0.12	0.25
individual	0.12	0.10
reciprocal	0.12	0.09
slower	0.13	0.21
approximate	0.13	0.20
ethical	0.13	0.12
presidential	0.13	0.14
eligible	0.13	0.14
militant	0.13	0.12
wooden	0.13	0.11
neighboring	0.13	0.03
narrow	0.13	0.14
abreast	0.13	0.15
native	0.13	0.11
sharp	0.14	0.15
autonomous	0.14	0.06
intensive	0.14	0.11
sufficient	0.14	0.23
full	0.14	0.11
innumerable	0.14	0.13
theoretical	0.14	0.12
smaller	0.14	0.23
fastest	0.14	0.06
latin	0.14	0.11
fertile	0.14	0.15
auxiliary	0.14	0.13
sociological	0.14	0.11
quantitative	0.14	0.12
larger	0.14	0.18
orthodox	0.14	0.08
adjacent	0.15	0.08
tangible	0.15	0.18
true	0.15	1.02
roman	0.15	0.10
specific	0.15	0.19
unofficial	0.15	0.13
organic	0.15	0.17
bipartisan	0.15	0.09
moral	0.15	0.12
paramount	0.15	0.12
grand	0.15	0.12
linguistic	0.15	0.13
successive	0.15	0.11
technical	0.15	0.08
apocrine	0.16	0.07
separate	0.16	0.09
regional	0.16	0.07
easier	0.16	0.23
entire	0.16	0.11
solar	0.16	0.10
primary	0.16	0.18
historical	0.16	0.12
cultural	0.16	0.12
actual	0.16	0.16
voluntary	0.16	0.14
conservative	0.16	0.10
imperial	0.16	0.08
presbyterian	0.16	0.06
american	0.17	0.07
plentiful	0.17	0.15
forceful	0.17	0.10
uniformed	0.17	0.07
audible	0.17	0.19
large	0.17	0.12
christian	0.17	0.14
basic	0.17	0.19
booming	0.17	0.26
passive	0.17	0.13
capable	0.17	0.20
mobile	0.17	0.10
catholic	0.17	0.08
notable	0.17	0.29
speculative	0.17	0.19
metaphysical	0.17	0.19
brighter	0.17	0.27
baptist	0.17	0.06
judicial	0.17	0.10
assistant	0.17	0.08
exotic	0.18	0.33
factual	0.18	0.15
basal	0.18	0.09
empirical	0.18	0.18
methodist	0.18	0.05
ginger	0.18	0.17
youngest	0.18	0.27
public	0.18	0.17
elastic	0.18	0.08
small	0.19	0.15
peripheral	0.19	0.06
cardboard	0.19	0.18
papal	0.19	0.11
supreme	0.19	0.13
human	0.19	0.19
founding	0.19	0.11
necessary	0.19	0.22
monumental	0.19	0.10
typical	0.19	0.15
epidermal	0.19	0.09
free	0.20	0.21
private	0.20	0.07
fundamental	0.20	0.22
royal	0.20	0.07
hardest	0.20	0.25
protestant	0.20	0.08
distinctive	0.20	0.13
influential	0.20	0.22
galactic	0.20	0.10
radical	0.20	0.14
valid	0.20	0.22
arab	0.21	0.07
huge	0.21	0.18
exclusive	0.21	0.15
ole	0.21	0.84
massive	0.21	0.17
scientific	0.21	0.13
reserve	0.21	0.13
electric	0.21	0.07
metallic	0.21	0.20
historic	0.21	0.10
mathematical	0.22	0.16
nearby	0.22	0.05
largest	0.22	0.17
effective	0.22	0.20
periodic	0.22	0.09
abundant	0.22	0.10
agricultural	0.22	0.09
episcopal	0.22	0.11
inner	0.22	0.14
dramatic	0.22	0.30
daring	0.22	0.08
gaunt	0.22	0.31
dim	0.22	0.23
religious	0.23	0.09
following	0.23	0.14
philosophical	0.23	0.11
specialized	0.23	0.09
benevolent	0.23	0.20
irish	0.23	0.09
advisable	0.23	0.23
civic	0.23	0.10
available	0.23	0.21
simplest	0.23	0.19
eskimo	0.23	0.08
real	0.24	0.89
darker	0.24	0.27
inc	0.24	0.08
durable	0.24	0.11
penetrating	0.24	0.19
official	0.25	0.13
practical	0.25	0.13
countless	0.25	0.06
hebrew	0.25	0.09
ancient	0.25	0.12
swift	0.25	0.06
portable	0.25	0.09
consolidated	0.25	0.17
tory	0.25	0.07
verbal	0.25	0.11
intellectual	0.25	0.16
metropolitan	0.26	0.13
ripe	0.26	0.19
armored	0.26	0.09
english	0.26	0.09
smart	0.26	0.79
traditional	0.26	0.13
profitable	0.26	0.34
provincial	0.26	0.10
willing	0.26	0.22
rapid	0.26	0.10
monthly	0.26	0.12
commercial	0.26	0.11
possible	0.26	0.24
enduring	0.27	0.22
adequate	0.27	0.21
onetime	0.27	0.12
active	0.27	0.17
greatest	0.27	0.32
int	0.27	0.15
lofty	0.28	0.15
korean	0.28	0.11
liberal	0.28	0.11
striking	0.28	0.17
misty	0.28	0.22
greek	0.28	0.09
independent	0.29	0.11
oldest	0.29	0.18
elaborate	0.29	0.11
keen	0.29	0.22
rural	0.29	0.09
late	0.29	0.71
sacred	0.30	0.15
spiritual	0.30	0.22
academic	0.30	0.15
eloquent	0.30	0.17
mocking	0.30	0.36
warmer	0.30	0.25
desirable	0.30	0.24
minimum	0.31	0.18
tough	0.31	0.87
richer	0.31	0.26
adjoining	0.31	0.09
personal	0.31	0.12
superior	0.31	0.14
hushed	0.31	0.31
electronic	0.32	0.10
liquid	0.32	0.11
immense	0.32	0.18
clerical	0.32	0.08
cherished	0.32	0.10
wider	0.32	0.20
special	0.32	0.29
advisory	0.33	0.09
shiny	0.33	0.45
appropriate	0.33	0.19
brazilian	0.33	0.09
economical	0.33	0.14
sprawling	0.33	0.18
reckless	0.33	0.18
swiss	0.33	0.16
promising	0.33	0.25
northwestern	0.33	0.07
brief	0.34	0.16
highest	0.34	0.20
continuous	0.34	0.09
profound	0.34	0.17
amateur	0.34	0.17
mechanical	0.34	0.14
intricate	0.34	0.10
consistent	0.35	0.13
round	0.35	0.42
younger	0.35	0.30
original	0.35	0.19
giant	0.36	0.31
regular	0.36	0.15
vaudeville	0.36	0.15
argentine	0.36	0.16
integrated	0.36	0.11
incoming	0.37	0.08
sonic	0.37	0.11
forthcoming	0.37	0.15
ingenious	0.37	0.21
eventual	0.37	0.18
impossible	0.37	0.65
burning	0.37	0.22
aristocratic	0.37	0.12
convincing	0.37	0.23
eldest	0.37	0.27
unified	0.37	0.19
fleeting	0.37	0.62
sovereign	0.37	0.13
outspoken	0.37	0.11
devoted	0.38	0.24
mexican	0.38	0.24
final	0.38	0.13
deepest	0.38	0.13
unique	0.38	0.27
occasional	0.38	0.21
awake	0.38	0.66
exact	0.38	0.20
aesthetic	0.38	0.13
preliminary	0.39	0.14
rhythmic	0.39	0.13
theological	0.39	0.14
proud	0.39	0.68
imaginary	0.39	0.14
gradual	0.39	0.14
international	0.39	0.10
opposite	0.39	0.12
accurate	0.40	0.19
deep	0.40	0.21
victorious	0.40	0.72
vocal	0.40	0.11
progressive	0.40	0.09
charitable	0.40	0.17
heated	0.40	0.18
rational	0.40	0.21
professional	0.40	0.17
immortal	0.40	0.20
vertical	0.41	0.17
richest	0.41	0.17
confidential	0.41	0.19
temporal	0.41	0.18
faulty	0.41	0.94
literary	0.42	0.12
homemade	0.42	0.15
thorough	0.42	0.13
windy	0.42	0.31
clean	0.42	0.28
rugged	0.43	0.21
longest	0.43	0.21
theatrical	0.43	0.17
big	0.43	0.31
strong	0.43	0.82
systematic	0.43	0.14
outdoor	0.43	0.15
usual	0.44	0.24
constructive	0.44	0.13
modern	0.44	0.14
eccentric	0.44	0.64
holy	0.45	0.23
distinct	0.45	0.18
busy	0.45	0.79
medieval	0.45	0.14
representative	0.46	0.13
confident	0.46	0.92
long	0.46	0.17
skillful	0.46	0.08
abstract	0.46	0.13
open	0.46	0.14
sporting	0.46	0.17
solid	0.46	0.16
revolving	0.47	0.18
cooler	0.47	0.24
fresh	0.47	0.16
unexpected	0.47	0.70
gray	0.47	0.43
transparent	0.47	0.21
alternate	0.47	0.08
vulnerable	0.48	0.78
gallant	0.48	0.17
oriental	0.48	0.12
impersonal	0.48	0.30
literate	0.48	0.16
imposing	0.48	0.14
antique	0.48	0.11
low	0.49	0.24
nearest	0.49	0.12
ordinary	0.49	0.11
blinding	0.49	0.29
comprehensive	0.50	0.13
early	0.50	0.17
majestic	0.50	0.22
silky	0.51	0.26
heroic	0.51	0.23
ironic	0.51	0.30
delighted	0.51	0.56
bony	0.51	0.54
steaming	0.51	0.15
taller	0.52	0.28
gaudy	0.52	0.27
comparative	0.52	0.18
strict	0.52	0.21
sensible	0.52	0.13
enthusiastic	0.52	0.34
shrewd	0.53	0.14
permanent	0.53	0.15
sweeping	0.53	0.14
skilled	0.53	0.16
earnest	0.54	0.23
prompt	0.54	0.11
retail	0.55	0.07
ultimate	0.55	0.25
ardent	0.55	0.19
slow	0.55	0.26
precise	0.55	0.10
broad	0.55	0.29
standard	0.56	0.22
wide	0.56	0.25
popular	0.56	0.19
freer	0.56	0.21
brave	0.56	0.25
flexible	0.57	0.12
angular	0.57	0.35
flickering	0.57	0.27
reliable	0.57	0.15
olive	0.58	0.38
female	0.58	0.29
woolen	0.58	0.23
subtle	0.58	0.20
sure	0.59	0.89
quick	0.59	0.21
diplomatic	0.59	0.10
helpful	0.59	0.25
marvelous	0.59	0.75
realistic	0.59	0.08
reasonable	0.59	0.23
famous	0.59	0.28
vivid	0.59	0.30
med	0.60	0.25
romantic	0.60	0.18
lush	0.60	0.19
creative	0.60	0.13
disciplined	0.60	0.13
heavy	0.60	0.20
intact	0.60	0.08
thick	0.60	0.35
artistic	0.61	0.19
sweet	0.61	0.73
gilded	0.61	0.29
guiding	0.61	0.20
bold	0.61	0.10
convenient	0.62	0.17
ready	0.62	0.66
wilder	0.62	0.66
smooth	0.63	0.22
striped	0.63	0.34
humane	0.64	0.17
hot	0.64	0.21
alive	0.64	0.66
gothic	0.65	0.11
suburban	0.65	0.13
mutual	0.65	0.18
married	0.65	0.83
muscular	0.66	0.49
eternal	0.66	0.27
moist	0.66	0.29
patriotic	0.67	0.14
thin	0.67	0.45
miniature	0.67	0.26
energetic	0.67	0.21
blessed	0.67	0.28
scholarly	0.68	0.16
rich	0.68	0.93
colored	0.68	0.33
residential	0.69	0.14
powdered	0.69	0.18
interesting	0.69	0.78
medical	0.69	0.86
contemporary	0.69	0.21
noisy	0.69	0.65
compact	0.70	0.15
conscientious	0.70	0.14
lasting	0.70	0.19
triumphant	0.71	0.69
fiery	0.71	0.34
moderate	0.71	0.20
earliest	0.71	0.26
worthy	0.71	1.04
white	0.72	0.40
unlikely	0.72	0.71
enlightened	0.73	0.13
tender	0.73	0.75
oval	0.75	0.31
mature	0.75	0.27
extensive	0.75	0.16
fashionable	0.75	0.18
violet	0.75	0.30
humorous	0.76	0.30
satisfactory	0.77	0.24
hopeful	0.77	0.73
careful	0.77	0.11
brown	0.77	0.45
masked	0.78	0.24
exceptional	0.78	0.79
encouraging	0.78	0.64
formal	0.78	0.24
optimistic	0.78	0.71
sentimental	0.78	0.62
watchful	0.79	0.38
athletic	0.79	0.16
proper	0.79	0.28
erect	0.79	0.41
unusual	0.79	0.74
essential	0.80	0.80
winding	0.80	0.70
static	0.80	0.73
gifted	0.80	0.22
complementary	0.81	0.21
bald	0.81	0.50
loud	0.81	0.68
youthful	0.81	0.59
purple	0.81	0.38
wealthy	0.81	0.23
singular	0.81	0.71
loyal	0.81	0.25
grey	0.81	0.42
valuable	0.81	0.68
chilly	0.81	0.75
glamorous	0.82	0.30
elderly	0.82	0.42
cautious	0.82	0.63
husky	0.82	0.34
imaginative	0.82	0.15
dark	0.83	0.42
darn	0.83	0.60
sensitive	0.83	0.18
articulate	0.83	0.22
curly	0.83	0.42
red	0.83	0.40
longtime	0.84	0.11
classical	0.84	0.16
downtown	0.84	0.15
black	0.85	0.43
venetian	0.85	0.13
vigorous	0.85	0.16
short	0.86	0.20
matching	0.86	0.18
classic	0.88	0.19
architectural	0.88	0.26
pious	0.88	0.26
polished	0.88	0.33
precarious	0.89	0.61
alert	0.89	0.19
blue	0.89	0.39
fried	0.89	0.54
clear	0.89	0.15
happier	0.89	0.78
courageous	0.89	0.13
scarlet	0.90	0.37
sober	0.90	0.15
best	0.90	1.04
mighty	0.91	0.56
customary	0.91	0.26
fancy	0.91	0.48
beloved	0.91	0.59
efficient	0.92	0.14
crisp	0.92	0.19
green	0.92	0.38
privileged	0.92	0.73
placid	0.92	0.32
cooperative	0.92	0.16
sheltered	0.93	0.31
sane	0.93	0.13
tailored	0.93	0.40
frail	0.94	0.56
eager	0.94	0.60
impartial	0.94	0.15
wont	0.95	0.63
tanned	0.95	0.52
glistening	0.95	0.46
tougher	0.96	0.77
outgoing	0.96	0.60
sleek	0.96	0.42
closest	0.96	0.14
sophisticated	0.96	0.18
steady	0.96	0.28
solitary	0.97	0.66
instrumental	0.97	0.69
rigid	0.97	0.77
brilliant	0.97	0.27
dear	0.98	0.73
pink	0.98	0.47
ample	0.98	0.65
momentary	0.98	0.62
disputed	0.99	0.65
stable	0.99	0.18
faithful	1.00	0.22
yellow	1.00	0.41
arabian	1.00	0.18
soft	1.00	0.27
absolute	1.02	0.95
stout	1.02	0.37
safe	1.02	0.23
stocky	1.02	0.53
fond	1.03	0.68
unseen	1.03	0.59
naive	1.04	0.51
dental	1.04	0.81
competitive	1.05	0.71
partial	1.05	0.84
mild	1.05	0.71
lean	1.06	0.57
detailed	1.06	0.75
distinguished	1.07	0.13
competent	1.07	0.18
favorable	1.07	0.64
feasible	1.07	0.73
shaded	1.07	0.30
crimson	1.08	0.42
decorative	1.09	0.20
eminent	1.10	0.69
pale	1.12	0.53
lavish	1.12	0.16
healthy	1.13	0.21
famed	1.13	0.79
simple	1.14	0.63
admiring	1.14	0.39
complete	1.14	0.86
neat	1.15	0.27
soothing	1.15	0.78
thoughtful	1.16	0.22
respectable	1.17	0.09
respectful	1.18	0.37
bland	1.18	0.32
successful	1.19	0.64
boyish	1.22	0.25
luminous	1.22	0.29
amber	1.23	0.48
genuine	1.24	0.77
useful	1.24	0.70
humble	1.24	0.21
almighty	1.24	0.64
outer	1.25	0.70
universal	1.27	0.80
handy	1.29	0.54
tiny	1.29	0.85
expressive	1.29	0.14
homely	1.29	0.44
musical	1.30	0.63
suitable	1.30	0.66
noble	1.32	0.13
sturdy	1.32	0.38
masculine	1.36	0.51
glowing	1.36	0.41
fabulous	1.38	0.52
foremost	1.38	0.66
favorite	1.39	0.62
disappointing	1.41	0.55
jolly	1.41	0.59
delicious	1.41	0.71
worthwhile	1.41	0.63
easy	1.44	0.52
finer	1.45	0.74
luxurious	1.46	0.65
candid	1.46	0.18
intelligent	1.46	0.23
wise	1.47	0.50
victorian	1.47	0.64
reassuring	1.47	0.69
clever	1.49	0.47
lucky	1.50	0.59
merry	1.50	0.65
rare	1.51	0.59
colorful	1.52	0.54
witty	1.54	0.21
harmonious	1.54	0.53
delicate	1.54	0.61
refined	1.54	0.53
agreeable	1.55	0.77
rosy	1.55	0.64
fragile	1.57	0.59
nude	1.59	0.67
admirable	1.59	0.58
neutral	1.59	0.61
feminine	1.60	0.22
pure	1.60	0.65
amiable	1.62	0.39
cool	1.63	0.65
wonderful	1.63	0.52
prosperous	1.64	0.57
memorable	1.64	0.65
fair	1.65	0.78
genial	1.65	0.33
poetic	1.65	0.62
golden	1.67	0.75
dearest	1.67	0.50
glorious	1.67	0.53
blond	1.68	0.91
spontaneous	1.68	0.60
comfortable	1.68	0.64
loving	1.70	0.58
modest	1.70	0.53
brisk	1.70	0.64
young	1.70	0.74
nice	1.71	0.48
roast	1.71	0.56
picturesque	1.72	0.63
warm	1.73	0.63
magnificent	1.73	0.51
dazzling	1.75	0.62
intimate	1.75	0.59
honest	1.75	0.54
sunny	1.76	0.61
sincere	1.77	0.54
attractive	1.78	0.65
tall	1.79	0.86
slender	1.79	0.87
gleaming	1.79	0.81
tidy	1.80	0.57
tolerant	1.81	0.53
orderly	1.82	0.60
slim	1.83	0.82
informal	1.83	0.54
dignified	1.83	0.25
handsome	1.84	0.71
plump	1.84	0.77
talented	1.84	0.57
lively	1.87	0.49
spacious	1.88	0.55
sympathetic	1.89	0.59
shining	1.89	0.72
bright	1.90	0.65
ideal	1.92	0.85
grateful	1.98	0.49
courteous	1.99	0.34
thankful	2.01	0.59
superb	2.02	0.72
elegant	2.03	0.54
graceful	2.03	0.64
decent	2.03	0.47
amusing	2.07	0.59
comforting	2.09	0.41
fine	2.09	0.68
finest	2.10	0.71
heavenly	2.10	0.55
hearty	2.14	0.56
leisurely	2.14	0.51
blonde	2.15	0.65
polite	2.15	0.56
gentle	2.16	0.52
glittering	2.17	0.51
gay	2.18	0.47
casual	2.18	0.57
cordial	2.19	0.58
calm	2.21	0.58
serene	2.23	0.37
generous	2.23	0.39
friendly	2.28	0.57
splendid	2.32	0.47
peaceful	2.32	0.55
radiant	2.32	0.42
quiet	2.33	0.60
contented	2.34	0.60
affectionate	2.36	0.59
sparkling	2.39	0.56
cheerful	2.46	0.58
beautiful	2.48	0.48
entertaining	2.48	0.40
exquisite	2.54	0.40
honorable	2.63	0.58
cozy	2.70	0.37
maiden	2.71	0.35
stately	2.73	0.48
charming	2.79	0.41
gracious	3.13	0.29
