ugly	-3.00	0.39
sick	-2.83	0.42
wretched	-2.81	0.46
frightening	-2.77	0.43
miserable	-2.69	0.57
illiterate	-2.69	0.58
shocking	-2.66	0.46
shameful	-2.65	0.41
terrible	-2.65	0.50
ill	-2.63	0.45
dreadful	-2.61	0.45
hideous	-2.57	0.57
hungry	-2.53	0.59
starving	-2.50	0.58
foul	-2.49	0.54
lonely	-2.47	0.57
unimportant	-2.45	0.50
tragic	-2.44	0.58
ridiculous	-2.42	0.51
weak	-2.42	0.63
bloody	-2.38	0.62
filthy	-2.37	0.64
blind	-2.36	0.56
silly	-2.34	0.54
unnatural	-2.32	0.57
vicious	-2.31	0.70
monstrous	-2.31	0.75
disastrous	-2.29	0.67
helpless	-2.29	0.46
pitiful	-2.28	0.60
uncomfortable	-2.28	0.71
appalling	-2.27	0.62
improbable	-2.25	0.56
stricken	-2.24	0.52
insane	-2.23	0.69
queer	-2.21	0.56
worst	-2.20	0.67
sore	-2.19	0.70
unjust	-2.19	0.53
immoral	-2.17	0.72
crazy	-2.15	0.64
damned	-2.15	0.58
dizzy	-2.13	0.71
selfish	-2.13	0.74
terrifying	-2.12	0.57
goddamn	-2.12	0.70
greedy	-2.11	0.44
deaf	-2.11	0.46
tired	-2.10	0.78
depressed	-2.10	0.82
fake	-2.07	0.64
preposterous	-2.06	0.59
senseless	-2.06	0.65
fucking	-2.06	0.73
incredible	-2.03	0.65
fearful	-2.03	0.67
hopeless	-2.02	0.52
scared	-2.02	0.71
weary	-2.02	0.73
retarded	-1.99	0.71
pointless	-1.99	0.66
brutal	-1.98	0.66
bored	-1.97	0.91
needless	-1.94	0.63
cruel	-1.94	0.67
drunken	-1.94	0.48
painful	-1.93	0.63
odd	-1.93	0.43
stark	-1.92	0.61
worthless	-1.90	0.45
grotesque	-1.89	0.66
ignorant	-1.88	0.55
frustrated	-1.87	0.77
indispensable	-1.87	0.70
awful	-1.87	0.71
restless	-1.86	0.90
stupid	-1.85	0.62
ailing	-1.85	0.63
desperate	-1.84	0.64
neurotic	-1.83	0.49
uneasy	-1.83	0.92
wicked	-1.82	0.89
dirty	-1.82	0.64
strange	-1.82	0.57
nervous	-1.81	0.91
alcoholic	-1.78	0.60
shaky	-1.78	0.86
tense	-1.78	0.89
absurd	-1.77	0.56
urban	-1.76	0.85
ragged	-1.76	0.65
bewildered	-1.72	0.89
staggering	-1.72	0.61
irish	-1.72	0.91
frightened	-1.70	0.88
unemployed	-1.70	0.79
dazed	-1.70	0.75
worse	-1.70	0.65
extravagant	-1.68	0.69
stale	-1.68	0.67
identical	-1.68	0.70
embarrassing	-1.67	0.70
boring	-1.66	0.62
stinking	-1.64	0.67
dismal	-1.63	0.44
harmful	-1.63	0.45
goddam	-1.62	0.45
disturbing	-1.60	0.69
poorer	-1.60	0.86
underdeveloped	-1.59	0.83
drunk	-1.59	0.29
unaware	-1.58	0.58
unskilled	-1.58	0.74
stiff	-1.58	0.77
misleading	-1.58	0.62
oppressive	-1.57	0.66
bitter	-1.56	0.49
worried	-1.56	0.96
dangerous	-1.56	0.68
improper	-1.55	0.59
bleeding	-1.54	0.24
jealous	-1.53	0.47
undesirable	-1.52	0.64
dissatisfied	-1.52	0.85
pathetic	-1.52	0.56
numb	-1.52	0.31
goddamned	-1.48	0.94
lethal	-1.48	0.63
inadequate	-1.48	0.62
mysterious	-1.46	0.70
bruised	-1.44	0.31
mad	-1.44	0.47
eccentric	-1.42	0.61
dead	-1.41	0.58
whole	-1.40	0.76
guiding	-1.40	0.67
disappointed	-1.39	0.87
outrageous	-1.39	0.68
sad	-1.39	0.74
alien	-1.38	0.74
oblivious	-1.37	0.63
indifferent	-1.37	0.24
corrupt	-1.37	0.89
accidental	-1.37	0.77
little	-1.35	0.51
rude	-1.35	0.23
unnecessary	-1.33	0.27
unreal	-1.33	0.69
old	-1.31	0.63
lazy	-1.30	0.37
irresponsible	-1.30	0.33
guilty	-1.28	0.61
juvenile	-1.28	0.64
disappointing	-1.28	0.93
aged	-1.28	0.80
useless	-1.28	0.18
sinister	-1.27	0.66
angry	-1.26	0.67
noticeable	-1.25	0.75
unreasonable	-1.25	0.33
ashamed	-1.24	0.56
petty	-1.24	0.25
imperative	-1.24	0.78
aching	-1.23	0.42
futile	-1.23	0.16
lonesome	-1.23	0.42
unbearable	-1.23	0.20
rotten	-1.22	0.96
impatient	-1.22	0.62
disgusted	-1.21	0.54
conscious	-1.21	0.78
phony	-1.19	0.94
clumsy	-1.18	0.23
meaningless	-1.17	0.28
indignant	-1.17	0.51
hairy	-1.17	0.67
comic	-1.17	0.25
dull	-1.16	0.25
reckless	-1.14	0.38
hysterical	-1.14	0.22
furious	-1.14	0.33
swollen	-1.13	0.36
foolish	-1.13	0.85
due	-1.13	0.76
dumb	-1.12	0.44
obscene	-1.11	0.21
ruthless	-1.11	0.34
lesser	-1.10	0.89
worrying	-1.10	0.73
trivial	-1.09	0.24
unfamiliar	-1.09	0.22
fantastic	-1.08	0.70
deadly	-1.08	0.30
puzzled	-1.07	0.66
unpredictable	-1.07	0.26
human	-1.07	0.91
wounded	-1.07	0.21
lingering	-1.05	0.69
annoyed	-1.04	0.71
sleepy	-1.04	0.53
blackened	-1.04	0.15
embarrassed	-1.03	0.68
intolerable	-1.03	0.19
tricky	-1.02	0.63
bizarre	-1.02	0.33
arrogant	-1.02	0.28
ordinary	-1.01	0.76
contradictory	-1.01	0.73
ineffective	-1.00	0.17
powerless	-1.00	0.19
imminent	-0.99	0.19
false	-0.99	0.24
limp	-0.98	0.28
slick	-0.98	0.84
utter	-0.97	0.23
wary	-0.97	0.55
commonplace	-0.97	0.21
inefficient	-0.96	0.12
plentiful	-0.95	0.66
savage	-0.95	0.16
crooked	-0.95	0.28
eternal	-0.94	0.98
holy	-0.94	1.14
irrational	-0.94	0.17
severe	-0.93	0.18
unrealistic	-0.92	0.23
anxious	-0.92	0.67
asleep	-0.91	0.35
awkward	-0.91	0.32
vulgar	-0.90	0.32
captive	-0.90	0.24
chaotic	-0.90	0.14
irrelevant	-0.89	0.26
secret	-0.88	0.79
psychiatric	-0.88	0.15
uncertain	-0.88	0.41
crushing	-0.87	0.13
ominous	-0.87	0.19
sour	-0.87	0.75
harmless	-0.87	0.24
feverish	-0.86	0.34
mortal	-0.86	0.24
almighty	-0.86	0.97
outraged	-0.86	0.22
unfair	-0.85	0.28
alarming	-0.85	0.29
nasty	-0.84	0.88
violent	-0.84	0.15
immune	-0.84	0.14
excessive	-0.84	0.15
notorious	-0.84	0.33
murderous	-0.84	0.17
naked	-0.84	0.22
tattered	-0.84	0.19
chronic	-0.83	0.28
battered	-0.83	0.17
memorable	-0.82	0.73
harsh	-0.82	0.20
endless	-0.82	0.19
cramped	-0.82	0.39
eerie	-0.81	0.28
unmarried	-0.81	0.69
suspicious	-0.81	0.43
lousy	-0.80	1.03
explosive	-0.80	0.11
solitary	-0.79	0.24
frustrating	-0.79	0.26
destructive	-0.79	0.22
ultimate	-0.79	0.98
unbelievable	-0.78	0.88
rich	-0.77	0.88
brittle	-0.76	0.38
racial	-0.76	0.16
adverse	-0.75	0.17
illegal	-0.74	0.21
divine	-0.74	1.04
upstate	-0.74	0.20
racist	-0.74	0.28
greasy	-0.74	0.38
nazi	-0.74	0.22
reluctant	-0.74	0.82
incapable	-0.73	0.12
welsh	-0.73	0.22
hasty	-0.73	0.18
reactionary	-0.72	0.22
assorted	-0.72	1.02
rural	-0.72	0.24
inflationary	-0.71	0.18
curious	-0.71	0.34
motionless	-0.70	0.25
shabby	-0.70	0.19
grim	-0.70	0.24
sullen	-0.70	0.45
dreary	-0.69	0.92
hostile	-0.69	0.21
devastating	-0.69	0.19
fatal	-0.69	0.14
obsessed	-0.69	0.28
unconscious	-0.69	0.14
primitive	-0.66	0.17
aggressive	-0.66	0.13
interim	-0.66	0.14
inevitable	-0.65	0.16
mental	-0.65	0.15
gaping	-0.65	0.13
subtle	-0.65	0.94
unstable	-0.65	0.20
unacceptable	-0.65	0.18
damn	-0.64	1.03
amazed	-0.64	0.46
hesitant	-0.64	0.52
mute	-0.64	0.20
cold	-0.64	0.79
sly	-0.63	0.69
downtown	-0.63	0.11
puzzling	-0.61	0.29
afraid	-0.61	0.59
nameless	-0.61	0.14
industrialized	-0.60	0.24
tedious	-0.60	0.16
indefinite	-0.59	0.13
howling	-0.59	0.19
hot	-0.58	0.86
careless	-0.57	0.18
blank	-0.57	0.24
pure	-0.57	0.85
muddy	-0.57	0.33
unknown	-0.56	0.17
appalled	-0.56	0.38
bankrupt	-0.56	0.12
naive	-0.56	0.18
obsolete	-0.56	0.15
minor	-0.55	0.18
barefoot	-0.55	0.16
depressing	-0.55	0.67
cant	-0.54	0.23
insignificant	-0.54	0.23
conceivable	-0.54	0.18
subversive	-0.54	0.22
shattering	-0.53	0.22
forbidding	-0.52	0.16
frantic	-0.52	0.21
timid	-0.52	0.45
criminal	-0.51	0.27
sexual	-0.51	0.10
damaging	-0.51	0.25
astonished	-0.51	0.55
idle	-0.50	0.15
disciplined	-0.50	0.17
poisonous	-0.50	0.19
prevalent	-0.49	0.17
wrong	-0.49	1.00
awesome	-0.49	0.31
barren	-0.49	0.22
unrelated	-0.49	0.18
postwar	-0.48	0.11
taut	-0.48	0.36
exciting	-0.48	0.70
funny	-0.48	0.89
wholesale	-0.48	0.15
irresistible	-0.47	0.13
net	-0.47	0.14
sorry	-0.47	0.80
honorable	-0.47	0.64
confusing	-0.47	0.22
shrill	-0.47	0.27
radioactive	-0.46	0.19
multiple	-0.46	0.16
costly	-0.45	0.14
bourgeois	-0.45	0.23
dubious	-0.45	0.20
impressive	-0.45	0.32
dominican	-0.45	0.13
devoid	-0.44	0.19
soiled	-0.44	0.27
bleak	-0.44	0.33
underwater	-0.43	0.13
rival	-0.43	0.07
steaming	-0.43	0.38
territorial	-0.43	0.06
unexpected	-0.43	0.40
prolonged	-0.43	0.16
weird	-0.43	0.23
relentless	-0.42	0.14
declining	-0.42	0.12
ole	-0.42	0.20
opposing	-0.42	0.08
gravitational	-0.42	0.06
gross	-0.42	0.18
awake	-0.42	0.36
precious	-0.41	0.75
cynical	-0.41	0.35
unseen	-0.41	0.20
innumerable	-0.41	0.12
startling	-0.41	0.43
ideological	-0.41	0.08
empty	-0.40	0.23
external	-0.39	0.19
stained	-0.39	0.31
understandable	-0.39	0.22
drastic	-0.39	0.16
quarterly	-0.39	0.14
cozy	-0.39	0.70
heroic	-0.38	0.24
yearly	-0.38	0.10
controversial	-0.38	0.12
superficial	-0.38	0.10
presbyterian	-0.38	0.11
skeptical	-0.38	0.52
fascist	-0.38	0.11
arbitrary	-0.38	0.21
superior	-0.37	0.12
unsuccessful	-0.37	0.13
amused	-0.37	0.53
meager	-0.37	0.22
agricultural	-0.37	0.24
faintest	-0.37	0.13
environmental	-0.37	0.09
risky	-0.36	0.19
lone	-0.36	0.13
dual	-0.36	0.13
hungarian	-0.36	0.16
aristocratic	-0.35	0.16
romantic	-0.35	0.22
probable	-0.35	0.30
sudden	-0.35	0.19
feeble	-0.35	0.19
questionable	-0.35	0.24
bare	-0.35	0.24
vague	-0.35	0.29
antipoverty	-0.34	0.18
interested	-0.33	0.49
terrific	-0.33	0.79
dusty	-0.33	0.26
hollow	-0.33	0.28
stray	-0.33	0.16
unpopular	-0.33	0.13
successive	-0.33	0.09
acute	-0.33	0.22
countless	-0.33	0.13
archaic	-0.33	0.16
different	-0.33	0.25
untouched	-0.33	0.15
unfinished	-0.32	0.17
passive	-0.32	0.07
appropriate	-0.31	0.23
unlikely	-0.31	0.23
ambiguous	-0.31	0.19
adolescent	-0.31	0.14
tangled	-0.31	0.11
insistent	-0.30	0.27
outstretched	-0.30	0.21
familiar	-0.30	0.33
bureaucratic	-0.29	0.18
vocational	-0.29	0.24
bacterial	-0.29	0.11
static	-0.28	0.15
kerothi	-0.28	0.13
homogeneous	-0.28	0.14
alleged	-0.28	0.12
capita	-0.28	0.11
underground	-0.28	0.11
beneficial	-0.27	1.06
obscure	-0.27	0.18
ironic	-0.27	0.26
excess	-0.27	0.12
accustomed	-0.27	0.26
mechanical	-0.27	0.10
genetic	-0.27	0.13
spiritual	-0.27	0.32
distinctive	-0.27	0.21
fierce	-0.27	0.13
responsible	-0.26	0.14
ancient	-0.26	0.19
overwhelming	-0.26	0.14
atmospheric	-0.26	0.09
glazed	-0.26	0.22
lutheran	-0.26	0.22
unconstitutional	-0.26	0.11
watery	-0.26	0.20
jewish	-0.26	0.25
negligible	-0.26	0.27
palestinian	-0.26	0.15
faulty	-0.25	1.00
pastoral	-0.25	0.19
cunning	-0.25	0.27
urgent	-0.25	0.18
renewed	-0.25	0.09
peculiar	-0.25	0.96
sensational	-0.24	0.17
parochial	-0.24	0.12
comparable	-0.24	0.15
cautious	-0.24	0.35
burning	-0.24	0.20
puffing	-0.24	0.16
throbbing	-0.23	0.29
bodily	-0.23	0.12
vulnerable	-0.23	0.24
indirect	-0.23	0.15
industrial	-0.22	0.19
inner	-0.22	0.21
extreme	-0.22	0.16
nominal	-0.22	0.14
swelling	-0.22	0.14
protestant	-0.22	0.25
restraining	-0.22	0.11
integrated	-0.21	0.09
entire	-0.21	0.18
sprawling	-0.21	0.20
inertial	-0.21	0.11
preparatory	-0.21	0.07
crude	-0.21	0.15
weaker	-0.21	0.28
sovereign	-0.21	0.14
silent	-0.21	0.26
managing	-0.21	0.13
latin	-0.21	0.18
pertinent	-0.21	0.16
metallic	-0.20	0.17
negative	-0.20	0.08
emotional	-0.20	0.13
christian	-0.20	0.32
sagging	-0.20	0.19
token	-0.20	0.10
german	-0.20	0.19
polish	-0.19	0.20
complicated	-0.19	0.17
alert	-0.19	0.35
gloomy	-0.19	0.20
unwilling	-0.19	0.20
conflicting	-0.19	0.09
psychic	-0.19	0.13
sticky	-0.19	0.36
russian	-0.18	0.20
roman	-0.18	0.25
catholic	-0.18	0.25
similar	-0.18	0.14
inward	-0.18	0.15
noisy	-0.18	0.24
native	-0.17	0.11
cosmic	-0.17	0.16
vice	-0.17	0.13
canadian	-0.17	0.15
worthwhile	-0.17	0.17
french	-0.17	0.21
abrupt	-0.17	0.17
capitalist	-0.17	0.14
institutional	-0.17	0.11
unused	-0.17	0.13
parental	-0.17	0.07
elementary	-0.16	0.15
mandatory	-0.16	0.22
smaller	-0.16	0.17
daily	-0.16	0.12
serious	-0.16	0.14
airborne	-0.16	0.09
striped	-0.16	0.24
mystical	-0.16	0.20
precarious	-0.16	0.13
medical	-0.15	0.12
physical	-0.15	0.15
residual	-0.15	0.13
distant	-0.14	0.23
hebrew	-0.14	0.35
clerical	-0.14	0.16
functional	-0.14	0.13
economic	-0.14	0.12
childish	-0.14	0.53
eligible	-0.14	1.14
preoccupied	-0.14	0.33
liable	-0.14	0.16
reverse	-0.14	0.14
occupational	-0.14	0.11
frozen	-0.14	0.16
homemade	-0.14	0.15
educational	-0.14	0.14
communist	-0.14	0.08
spanish	-0.13	0.21
interstate	-0.13	0.18
molding	-0.13	0.11
theatrical	-0.13	0.15
electronic	-0.13	0.15
separate	-0.13	0.09
imaginary	-0.13	0.14
various	-0.13	0.14
existing	-0.13	0.13
nursing	-0.13	0.23
folding	-0.13	0.20
atomic	-0.13	0.11
cardboard	-0.13	0.18
theological	-0.12	0.19
subjective	-0.12	0.12
physiological	-0.12	0.07
ambitious	-0.12	0.16
partisan	-0.12	0.07
prophetic	-0.12	0.18
overseas	-0.12	0.11
predictable	-0.12	0.96
proud	-0.12	0.88
decisive	-0.12	0.19
consequent	-0.12	0.09
religious	-0.12	0.22
electric	-0.11	0.09
masculine	-0.11	0.12
traditional	-0.11	0.10
inc	-0.11	0.08
other	-0.11	0.14
oriental	-0.11	0.14
fiery	-0.11	0.15
skinny	-0.11	0.33
social	-0.11	0.15
unidentified	-0.11	0.10
noble	-0.11	1.03
rigid	-0.11	0.18
apt	-0.10	0.25
expanding	-0.10	0.10
chemical	-0.10	0.06
unfavorable	-0.10	0.25
cuban	-0.10	0.10
colonial	-0.10	0.11
consolidated	-0.10	0.12
electrical	-0.10	0.09
est	-0.10	0.13
congolese	-0.10	0.08
recognizable	-0.10	0.13
annual	-0.10	0.07
impending	-0.10	0.16
sacred	-0.09	0.34
provincial	-0.09	0.12
tory	-0.09	0.08
tangible	-0.09	0.16
czech	-0.09	0.18
unified	-0.09	0.10
individual	-0.09	0.15
underlying	-0.09	0.11
temporal	-0.09	0.19
irregular	-0.09	0.14
segregated	-0.09	0.10
domestic	-0.09	0.09
typical	-0.09	0.20
structural	-0.09	0.08
cherished	-0.09	0.22
intricate	-0.09	0.18
royal	-0.09	0.08
brazilian	-0.09	0.20
collective	-0.09	0.12
rubber	-0.09	0.11
fashionable	-0.08	0.17
internal	-0.08	0.08
legitimate	-0.08	0.25
orthodox	-0.08	0.35
flat	-0.08	0.19
syrian	-0.08	0.10
customary	-0.08	0.15
advancing	-0.08	0.09
massed	-0.08	0.19
feudal	-0.08	0.14
mock	-0.08	0.16
biological	-0.07	0.14
ethnic	-0.07	0.13
excited	-0.07	0.92
medieval	-0.07	0.11
technological	-0.07	0.09
varied	-0.07	0.10
vietnamese	-0.07	0.07
sheer	-0.07	0.16
austrian	-0.07	0.20
classical	-0.07	0.15
mere	-0.07	0.12
prime	-0.07	0.08
portuguese	-0.06	0.13
vacant	-0.06	0.29
heavenly	-0.06	1.10
assistant	-0.06	0.08
solar	-0.06	0.05
inherent	-0.06	0.19
lofty	-0.06	0.14
concerned	-0.06	0.39
psychological	-0.06	0.09
federal	-0.06	0.07
richest	-0.06	0.22
scottish	-0.06	0.15
seasonal	-0.06	0.15
marine	-0.06	0.03
wry	-0.05	0.22
postal	-0.05	0.12
unique	-0.05	0.36
moral	-0.05	0.22
historic	-0.05	0.24
legal	-0.05	0.09
nuclear	-0.05	0.13
armed	-0.05	0.04
slightest	-0.05	0.14
elder	-0.05	0.21
soviet	-0.05	0.08
biggest	-0.05	0.21
frail	-0.05	0.41
monetary	-0.05	0.05
asian	-0.05	0.16
stubborn	-0.04	0.20
western	-0.04	0.14
nearby	-0.04	0.13
overall	-0.04	0.11
fiscal	-0.04	0.05
foreign	-0.04	0.09
inferior	-0.04	0.95
operational	-0.04	0.10
offensive	-0.04	0.05
japanese	-0.04	0.13
manifest	-0.04	0.11
european	-0.04	0.10
financial	-0.04	0.07
electoral	-0.04	0.07
convinced	-0.04	0.27
charitable	-0.04	0.15
remedial	-0.04	0.19
occasional	-0.04	0.16
organizational	-0.04	0.07
favorable	-0.04	0.20
british	-0.04	0.12
poetic	-0.03	0.14
indonesian	-0.03	0.11
secular	-0.03	0.13
baptist	-0.03	0.31
local	-0.03	0.06
selective	-0.03	0.13
constant	-0.03	0.10
persian	-0.03	0.16
immediate	-0.03	0.13
competitive	-0.03	0.11
subordinate	-0.03	0.09
meaningful	-0.03	0.17
italian	-0.03	0.23
overt	-0.03	0.11
moslem	-0.03	0.15
conventional	-0.03	0.09
particular	-0.03	0.23
turkish	-0.03	0.15
varying	-0.03	0.20
egyptian	-0.03	0.13
corporate	-0.03	0.05
dutch	-0.03	0.20
older	-0.03	0.31
complex	-0.02	0.19
current	-0.02	0.06
relative	-0.02	0.22
socialist	-0.02	0.08
confidential	-0.02	0.13
hind	-0.02	0.20
radical	-0.02	0.09
speculative	-0.02	0.12
allied	-0.02	0.06
senatorial	-0.02	0.14
smallest	-0.02	0.10
military	-0.02	0.06
marxist	-0.02	0.07
statewide	-0.02	0.05
auxiliary	-0.02	0.11
militant	-0.02	0.11
humble	-0.02	0.34
symbolic	-0.02	0.18
instinctive	-0.02	0.10
inclined	-0.02	0.23
african	-0.02	0.11
worldwide	-0.01	0.08
extra	-0.01	0.16
tactical	-0.01	0.05
buddhist	-0.01	0.21
artificial	-0.01	0.14
incoming	-0.01	0.09
tacit	-0.01	0.11
conspicuous	-0.00	0.20
frequent	-0.00	0.08
caribbean	-0.00	0.13
constitutional	-0.00	0.15
algerian	-0.00	0.10
english	-0.00	0.21
probing	0.00	0.21
chinese	0.00	0.11
geographical	0.00	0.10
booming	0.00	0.07
governing	0.00	0.08
inaugural	0.00	0.11
marginal	0.00	0.11
cheap	0.00	0.28
intrinsic	0.00	0.13
israeli	0.00	0.11
lowest	0.01	0.08
competing	0.01	0.09
supreme	0.01	0.11
special	0.01	0.16
parliamentary	0.01	0.06
official	0.01	0.10
governmental	0.01	0.07
upper	0.01	0.12
ecclesiastical	0.01	0.11
corresponding	0.01	0.15
sharp	0.01	0.16
naval	0.01	0.06
susceptible	0.02	0.13
protective	0.02	0.19
powerful	0.02	0.11
political	0.02	0.08
voluntary	0.02	0.11
fundamental	0.02	0.11
grand	0.02	0.11
regular	0.02	0.08
administrative	0.02	0.12
mocking	0.02	0.26
logical	0.02	0.19
damp	0.02	0.43
primary	0.02	0.14
differential	0.02	0.11
civil	0.02	0.05
triple	0.02	0.13
shadowy	0.02	0.20
respective	0.02	0.06
intercontinental	0.02	0.08
random	0.03	0.22
belgian	0.03	0.12
longest	0.03	0.12
monthly	0.03	0.07
youthful	0.03	0.15
unchanged	0.03	0.09
previous	0.03	0.11
arid	0.03	0.10
representative	0.03	0.13
slippery	0.03	0.27
global	0.03	0.11
periodic	0.03	0.11
general	0.03	0.04
diplomatic	0.03	0.13
tentative	0.03	0.10
slight	0.03	0.18
regional	0.03	0.06
muslim	0.03	0.29
verbal	0.04	0.13
american	0.04	0.12
municipal	0.04	0.12
clinical	0.04	0.15
experimental	0.04	0.08
aesthetic	0.04	0.10
korean	0.04	0.10
sociological	0.04	0.13
cultural	0.04	0.13
momentary	0.04	0.08
crucial	0.04	0.19
marital	0.04	0.13
hoarse	0.04	0.28
intense	0.04	0.09
prospective	0.04	0.16
premier	0.05	0.07
newer	0.05	0.15
outer	0.05	0.11
present	0.05	0.19
ingenious	0.05	0.14
dental	0.05	0.11
weekly	0.05	0.08
compulsory	0.05	0.19
defiant	0.05	0.33
soluble	0.05	0.18
pending	0.05	0.12
erotic	0.05	0.15
plain	0.05	0.16
certain	0.05	0.23
abstract	0.05	0.10
ghostly	0.05	0.23
positive	0.05	0.08
joint	0.05	0.13
democratic	0.05	0.04
glorious	0.05	0.17
magnetic	0.06	0.08
evident	0.06	0.13
richer	0.06	0.26
antique	0.06	0.17
commanding	0.06	0.07
celestial	0.06	0.11
temporary	0.06	0.18
single	0.06	0.10
organic	0.06	0.16
dominant	0.06	0.12
subsequent	0.06	0.10
dense	0.06	0.10
larger	0.07	0.20
impossible	0.07	0.24
methodist	0.07	0.20
variable	0.07	0.12
tighter	0.07	0.08
coarse	0.07	0.23
geographic	0.07	0.09
dim	0.07	0.21
initial	0.07	0.07
exotic	0.07	0.26
southern	0.07	0.08
average	0.07	0.09
tremendous	0.07	0.22
angular	0.08	0.24
privileged	0.08	1.18
brooding	0.08	0.28
skilled	0.08	0.21
honorary	0.08	0.16
legislative	0.08	0.06
numerous	0.08	0.10
new	0.08	0.11
forthcoming	0.08	0.10
national	0.08	0.07
nationwide	0.08	0.12
wont	0.08	0.22
eventual	0.08	0.17
total	0.08	0.15
expensive	0.08	0.15
increasing	0.08	0.15
withholding	0.09	0.12
uniformed	0.09	0.08
congressional	0.09	0.06
neutral	0.09	0.10
tribal	0.09	0.09
definite	0.09	0.20
bigger	0.09	0.20
spontaneous	0.09	0.13
intellectual	0.09	0.11
reserve	0.09	0.09
indian	0.09	0.19
classic	0.10	0.11
reminiscent	0.10	0.13
armored	0.10	0.08
mighty	0.10	0.94
retail	0.10	0.08
critical	0.10	0.14
surprised	0.10	0.87
major	0.10	0.16
presidential	0.10	0.05
advanced	0.10	0.12
unofficial	0.10	0.16
remote	0.11	0.20
chief	0.11	0.06
baked	0.11	0.41
outright	0.11	0.16
vast	0.11	0.19
apparent	0.11	0.16
televised	0.11	0.09
simple	0.11	0.15
swiss	0.11	0.13
ethical	0.11	0.11
troublesome	0.11	0.31
specific	0.11	0.14
visible	0.12	0.13
diverse	0.12	0.19
potent	0.12	0.16
technical	0.12	0.13
sterile	0.12	0.14
authentic	0.12	0.15
persistent	0.12	0.18
judicial	0.12	0.07
private	0.12	0.07
unmistakable	0.13	0.25
philosophical	0.13	0.10
revolutionary	0.13	0.10
giant	0.13	0.13
natural	0.13	0.25
secondary	0.13	0.15
personal	0.13	0.11
progressive	0.13	0.16
immense	0.13	0.19
past	0.13	0.09
remaining	0.13	0.08
newest	0.13	0.16
implicit	0.13	0.16
historical	0.13	0.14
incomplete	0.13	0.32
academic	0.14	0.13
loose	0.14	0.17
surviving	0.14	0.13
maximum	0.14	0.20
wooden	0.14	0.14
distinct	0.14	0.16
higher	0.14	0.07
architectural	0.14	0.16
eastern	0.14	0.08
explicit	0.14	0.10
connecting	0.14	0.07
supersonic	0.15	0.12
darker	0.15	0.21
wealthy	0.15	0.19
triumphant	0.15	0.70
midwestern	0.15	0.08
fleeting	0.15	0.14
portable	0.15	0.12
nearest	0.15	0.09
massive	0.15	0.15
sentimental	0.15	0.20
large	0.16	0.12
shorter	0.16	0.20
acceptable	0.16	0.22
aware	0.16	0.29
senior	0.16	0.14
deliberate	0.16	0.23
real	0.16	1.06
growing	0.16	0.12
largest	0.16	0.09
affluent	0.16	0.23
blessed	0.16	1.03
arab	0.16	0.13
wrinkled	0.16	0.26
episcopal	0.16	0.20
philharmonic	0.16	0.11
associate	0.16	0.10
interesting	0.17	0.85
strategic	0.17	0.09
reciprocal	0.17	0.13
piercing	0.17	0.16
direct	0.17	0.11
expressionless	0.17	0.33
liberal	0.17	0.08
veiled	0.17	0.20
male	0.17	0.18
synthetic	0.17	0.09
elastic	0.17	0.14
difficult	0.17	0.21
toughest	0.17	0.22
pro	0.17	0.22
slower	0.17	0.21
substantial	0.17	0.12
factual	0.17	0.16
lower	0.18	0.10
greek	0.18	0.17
modern	0.18	0.09
patriotic	0.18	0.18
dramatic	0.18	0.32
chartered	0.18	0.08
commercial	0.18	0.10
huge	0.18	0.16
somber	0.18	0.28
specialized	0.18	0.10
transparent	0.18	0.15
productive	0.18	0.16
central	0.18	0.06
grateful	0.19	0.84
innocent	0.19	0.99
universal	0.19	0.13
louder	0.19	0.23
buzzing	0.19	0.26
simpler	0.19	0.11
recent	0.19	0.16
latest	0.19	0.23
elevated	0.19	0.10
theoretical	0.19	0.15
encouraging	0.20	0.20
brief	0.20	0.16
gigantic	0.20	0.22
significant	0.20	0.28
artistic	0.20	0.15
gaunt	0.20	0.36
soothing	0.20	0.36
partial	0.20	0.11
pious	0.20	0.20
diving	0.20	0.16
small	0.20	0.14
hardest	0.20	0.17
oral	0.20	0.12
continental	0.20	0.08
uneven	0.21	0.18
prosperous	0.21	0.23
close	0.21	0.22
ballistic	0.21	0.12
mobile	0.21	0.09
broader	0.21	0.06
aging	0.21	0.27
persuasive	0.22	0.21
additional	0.22	0.25
common	0.22	0.18
residential	0.22	0.26
advisory	0.22	0.08
characteristic	0.22	0.21
exclusive	0.22	0.11
surgical	0.22	0.17
lasting	0.22	0.15
coastal	0.22	0.16
final	0.22	0.13
likely	0.22	0.24
international	0.22	0.09
vertical	0.22	0.16
profound	0.22	0.07
intensive	0.23	0.08
grave	0.23	0.18
simultaneous	0.23	0.11
unlimited	0.23	0.21
northern	0.23	0.10
double	0.23	0.10
professional	0.23	0.20
biblical	0.23	0.20
raw	0.23	0.24
muffled	0.23	0.28
gothic	0.23	0.10
civilian	0.23	0.16
wet	0.24	0.39
following	0.24	0.09
metropolitan	0.24	0.17
boiling	0.24	0.34
basic	0.24	0.19
imperial	0.24	0.12
martial	0.24	0.12
dynamic	0.24	0.04
northwestern	0.25	0.06
incumbent	0.25	0.07
elusive	0.25	0.18
possible	0.25	0.22
loud	0.25	0.30
considerable	0.25	0.22
lunar	0.25	0.11
imposing	0.25	0.15
spectacular	0.25	0.27
behavioral	0.25	0.06
cheaper	0.25	0.16
defensive	0.25	0.09
squat	0.26	0.25
binding	0.26	0.21
rigorous	0.26	0.09
opposite	0.26	0.08
fertile	0.26	0.20
impersonal	0.26	0.35
faint	0.26	0.28
unprecedented	0.26	0.15
volatile	0.26	0.17
conservative	0.26	0.07
sandy	0.26	0.16
shallow	0.26	0.16
scientific	0.26	0.17
strongest	0.27	0.13
onetime	0.27	0.13
extraordinary	0.27	0.32
public	0.27	0.10
preliminary	0.27	0.16
stronger	0.27	0.25
mathematical	0.27	0.20
unusual	0.28	1.03
lengthy	0.28	0.13
popular	0.28	0.09
striking	0.28	0.31
continuous	0.28	0.12
int	0.28	0.17
equal	0.28	0.24
harder	0.28	0.28
widespread	0.28	0.08
closest	0.28	0.11
rectangular	0.28	0.14
jacksonian	0.29	0.09
australian	0.29	0.20
perpetual	0.29	0.08
elderly	0.29	0.31
valid	0.29	0.21
tougher	0.29	0.23
southeastern	0.29	0.12
empirical	0.30	0.15
resistant	0.30	0.20
lighter	0.30	0.23
grassy	0.30	0.18
tiny	0.30	0.17
promising	0.30	0.20
principal	0.30	0.24
sizable	0.30	0.09
mediterranean	0.30	0.11
bipartisan	0.30	0.05
tracking	0.30	0.16
heavier	0.30	0.24
wider	0.31	0.13
stony	0.31	0.23
manned	0.31	0.12
open	0.31	0.10
deepest	0.31	0.18
normal	0.31	0.12
relevant	0.31	0.27
hushed	0.32	0.38
highest	0.32	0.22
applicable	0.32	0.11
important	0.32	0.34
diminishing	0.32	0.18
consistent	0.32	0.20
high	0.32	0.12
drab	0.32	0.73
main	0.32	0.16
thorough	0.32	0.22
original	0.32	0.17
greater	0.32	0.23
impartial	0.32	0.22
sole	0.32	0.21
potential	0.33	0.23
suburban	0.33	0.14
great	0.33	0.26
milky	0.33	0.22
civic	0.33	0.11
foremost	0.33	0.19
smart	0.33	0.80
neighboring	0.33	0.16
swedish	0.33	0.23
clever	0.33	0.35
famed	0.34	0.19
sporting	0.34	0.07
hardened	0.34	0.12
frontal	0.34	0.19
anonymous	0.34	0.15
minimal	0.34	0.13
abreast	0.34	0.10
notable	0.34	0.25
correct	0.34	0.34
limited	0.35	0.21
circular	0.35	0.12
compelling	0.35	0.20
actual	0.35	0.20
adjacent	0.35	0.14
humorous	0.35	0.25
freezing	0.35	0.30
broad	0.35	0.15
mutual	0.35	0.19
informal	0.35	0.24
soaring	0.35	0.13
exceptional	0.35	0.20
darkened	0.35	0.26
shy	0.35	0.35
wise	0.36	0.25
sloping	0.36	0.18
thinner	0.36	0.19
brighter	0.36	0.21
alternate	0.36	0.18
horizontal	0.36	0.14
worldly	0.36	0.18
unanimous	0.37	0.09
insufficient	0.37	0.26
gradual	0.37	0.15
independent	0.37	0.11
rapid	0.37	0.10
rocky	0.37	0.14
simplest	0.37	0.13
clearer	0.37	0.22
abundant	0.37	0.11
tertiary	0.37	0.10
sunken	0.37	0.18
polished	0.38	0.22
easiest	0.38	0.28
automatic	0.38	0.09
regulatory	0.38	0.12
chilly	0.38	0.39
literary	0.39	0.08
vital	0.39	0.24
junior	0.39	0.14
long	0.39	0.14
longtime	0.39	0.08
grey	0.39	0.24
female	0.40	0.22
wiser	0.40	0.21
formal	0.40	0.07
comparative	0.40	0.14
bass	0.40	0.17
durable	0.40	0.13
solemn	0.40	0.21
faithful	0.41	0.38
fastest	0.41	0.18
visual	0.41	0.19
effective	0.41	0.23
hard	0.41	1.07
vocal	0.41	0.08
paramount	0.41	0.18
formidable	0.42	0.19
elaborate	0.42	0.18
sufficient	0.42	0.31
greatest	0.42	0.29
thai	0.42	0.10
supposed	0.42	0.99
narrow	0.43	0.22
satisfying	0.43	0.16
extensive	0.43	0.20
rational	0.43	0.17
usual	0.43	0.18
softer	0.43	0.21
maritime	0.43	0.15
ceremonial	0.44	0.14
pleasing	0.44	0.91
liquid	0.44	0.17
premature	0.44	0.68
consecutive	0.44	0.11
desirable	0.45	0.30
erect	0.45	0.37
approximate	0.45	0.21
icy	0.45	0.37
enormous	0.46	0.20
contemporary	0.46	0.12
active	0.46	0.16
finer	0.46	0.18
blunt	0.46	0.15
concrete	0.47	0.17
curved	0.47	0.22
nude	0.47	0.29
luminous	0.47	0.26
jagged	0.48	0.14
youngest	0.49	0.26
adjoining	0.49	0.24
safer	0.49	0.20
influential	0.50	0.15
reasonable	0.50	0.27
sweeping	0.50	0.06
suitable	0.50	0.25
taller	0.50	0.19
glistening	0.50	0.30
optimum	0.51	0.21
standard	0.51	0.21
surprising	0.52	0.76
steep	0.52	0.18
rainy	0.52	0.36
younger	0.52	0.31
strong	0.52	0.88
prevailing	0.52	0.18
creative	0.53	0.09
profitable	0.53	0.24
flaming	0.53	0.16
minimum	0.53	0.20
sympathetic	0.53	0.30
wild	0.53	0.68
absent	0.54	0.79
muted	0.54	0.32
accessible	0.54	0.17
exact	0.54	0.20
penetrating	0.54	0.16
prone	0.54	0.77
favorite	0.54	0.16
true	0.54	0.90
strict	0.55	0.16
compact	0.55	0.18
bearded	0.55	0.35
scarce	0.55	0.79
sophisticated	0.55	0.13
shiny	0.55	0.27
flexible	0.55	0.12
wide	0.56	0.15
lavish	0.56	0.15
statistical	0.56	0.25
permanent	0.56	0.16
ready	0.56	0.34
prompt	0.57	0.12
prudent	0.57	0.14
intimate	0.57	0.98
detailed	0.57	0.25
blinding	0.58	0.21
amateur	0.58	0.22
round	0.58	0.18
early	0.59	0.12
tropical	0.59	0.16
easier	0.59	0.22
monumental	0.59	0.25
available	0.60	0.37
practical	0.60	0.24
swift	0.60	0.18
roast	0.60	0.87
beloved	0.60	0.92
bald	0.60	0.28
earliest	0.61	0.11
gray	0.61	0.27
bulky	0.61	0.16
flickering	0.61	0.24
authoritative	0.61	0.20
low	0.61	0.19
sober	0.62	0.21
fancy	0.62	0.63
realistic	0.62	0.18
hopeful	0.63	0.77
admiring	0.63	0.17
pregnant	0.63	0.68
tan	0.63	0.21
skillful	0.64	0.12
quick	0.64	0.24
stout	0.64	0.28
genuine	0.64	0.15
husky	0.64	0.24
warmer	0.64	0.35
refined	0.64	0.13
sanitary	0.65	0.15
fat	0.65	0.27
bold	0.65	0.16
ardent	0.65	0.10
preceding	0.65	0.09
successful	0.65	0.19
aloof	0.65	0.27
black	0.66	0.23
detached	0.66	0.24
modest	0.67	0.14
bony	0.67	0.36
daring	0.67	0.13
deep	0.67	0.23
infinite	0.68	0.95
cooperative	0.68	0.12
subdued	0.68	0.32
devoted	0.68	0.15
fascinating	0.69	0.66
white	0.69	0.22
dry	0.69	0.40
sure	0.69	1.02
mexican	0.69	0.18
decorative	0.69	0.10
knowledgeable	0.70	0.12
feasible	0.70	0.26
hazardous	0.70	0.69
late	0.70	0.29
brave	0.71	0.21
oldest	0.71	0.16
cooler	0.72	0.35
shrewd	0.72	0.68
glowing	0.72	0.25
splendid	0.72	0.60
civilized	0.72	0.12
moderate	0.73	0.09
everyday	0.73	0.72
careful	0.73	0.26
dependent	0.73	0.74
heavy	0.73	0.20
passionate	0.73	0.14
outstanding	0.73	0.32
athletic	0.73	0.19
constructive	0.73	0.10
luxurious	0.74	0.24
singular	0.74	0.75
feminine	0.74	0.28
astonishing	0.74	0.73
ripe	0.74	0.16
capable	0.75	0.15
necessary	0.75	0.29
casual	0.75	0.37
oval	0.75	0.27
colored	0.75	0.17
humane	0.75	0.14
eloquent	0.76	0.13
dark	0.77	0.25
sensible	0.78	0.13
proper	0.78	0.41
thin	0.78	0.33
muscular	0.78	0.32
photographic	0.78	0.93
arctic	0.79	0.26
fried	0.79	0.82
gleaming	0.79	0.28
stimulating	0.79	0.26
cute	0.79	0.59
glaring	0.80	0.23
straightforward	0.80	0.12
systematic	0.80	0.21
slow	0.81	0.24
full	0.81	0.17
big	0.82	0.21
responsive	0.82	0.24
sonic	0.82	0.77
thick	0.82	0.26
breathless	0.82	0.26
pleased	0.82	0.77
padded	0.82	0.70
tough	0.82	0.36
solid	0.83	0.17
matching	0.83	0.11
outdoor	0.83	0.16
distinguished	0.84	0.18
imaginative	0.84	0.15
crimson	0.85	0.20
plausible	0.85	0.75
red	0.85	0.24
witty	0.87	0.22
yellow	0.87	0.24
mature	0.87	0.18
comforting	0.89	0.64
blue	0.89	0.25
brown	0.89	0.24
curly	0.89	0.31
reassuring	0.89	0.67
doubtful	0.89	0.73
restrictive	0.90	0.87
best	0.90	1.17
unnoticed	0.90	0.75
violet	0.91	0.22
orange	0.91	0.22
intermediate	0.92	0.93
homely	0.93	0.33
stable	0.95	0.16
loyal	0.95	0.15
lean	0.95	0.34
eager	0.95	0.70
reliable	0.96	0.27
sensitive	0.96	0.16
pale	0.97	0.31
remarkable	0.97	0.73
thoughtful	0.97	0.30
purple	0.97	0.21
smooth	0.97	0.26
short	0.97	0.27
green	0.98	0.24
worthy	0.98	0.61
melancholy	0.98	0.75
delighted	1.00	0.68
gifted	1.01	0.13
rosy	1.02	0.23
invisible	1.02	0.78
finest	1.02	0.27
alive	1.02	0.64
bathing	1.03	0.69
pink	1.04	0.23
enthusiastic	1.04	0.28
vigorous	1.04	0.11
benevolent	1.05	0.33
moist	1.06	0.32
tolerant	1.06	0.28
courageous	1.06	0.15
stormy	1.07	0.53
bland	1.08	0.30
super	1.08	0.75
willing	1.08	0.62
earnest	1.09	0.19
stocky	1.10	0.40
respectful	1.10	0.35
sleek	1.10	0.19
miniature	1.11	0.87
economical	1.12	0.33
optimistic	1.12	0.62
tall	1.13	0.39
competent	1.14	0.13
efficient	1.16	0.11
scarlet	1.18	0.21
loving	1.18	0.23
handy	1.18	0.59
attentive	1.18	0.32
eminent	1.20	0.85
steady	1.20	0.37
outspoken	1.20	0.10
rare	1.20	0.69
overdue	1.20	0.68
candid	1.20	0.16
lucky	1.21	0.75
absolute	1.21	1.01
utmost	1.22	0.90
sincere	1.22	0.21
audible	1.22	0.74
articulate	1.23	0.11
plump	1.23	0.43
canned	1.23	0.78
olympic	1.23	0.74
fragile	1.25	0.73
clear	1.26	0.17
elegant	1.27	0.25
enlightened	1.27	0.65
busy	1.28	0.71
soft	1.28	0.32
bright	1.28	0.25
respectable	1.28	0.10
tender	1.29	0.60
young	1.31	0.31
sheltered	1.31	0.21
glittering	1.31	0.67
brilliant	1.32	0.16
comprehensive	1.32	0.85
crowded	1.33	0.62
lifelong	1.35	0.64
fond	1.35	0.55
exquisite	1.37	0.28
blond	1.38	0.38
dear	1.38	0.69
towering	1.39	0.68
convincing	1.39	0.62
obvious	1.40	0.72
scholarly	1.40	0.71
intact	1.40	0.54
winding	1.40	0.65
delicious	1.41	0.56
admirable	1.41	0.74
sparkling	1.42	0.26
dazzling	1.45	0.17
adequate	1.46	0.89
free	1.47	0.63
intelligent	1.47	0.11
fabulous	1.47	0.56
entertaining	1.48	0.56
genial	1.49	0.28
ample	1.50	0.75
boyish	1.51	0.28
lively	1.51	0.15
convenient	1.51	0.69
rugged	1.52	0.64
complete	1.52	0.91
crisp	1.53	0.40
prominent	1.53	0.79
musical	1.53	0.79
victorian	1.54	0.69
dreamy	1.57	0.58
fresh	1.59	0.62
energetic	1.59	0.13
dignified	1.60	0.22
valuable	1.61	0.81
accurate	1.61	0.80
famous	1.62	0.72
vivid	1.62	0.58
sturdy	1.63	0.70
keen	1.63	0.48
clean	1.65	0.58
precise	1.65	0.72
fine	1.68	0.85
leisurely	1.70	0.67
conscientious	1.70	0.57
rough	1.71	0.46
enduring	1.72	0.74
discreet	1.73	0.57
sane	1.73	0.55
affectionate	1.75	0.45
mild	1.78	0.67
handsome	1.79	0.23
glad	1.81	0.62
agreeable	1.84	0.73
warm	1.85	0.65
ideal	1.86	0.94
chic	1.87	0.57
inexpensive	1.87	0.61
amiable	1.88	0.50
healthy	1.88	0.54
helpful	1.88	0.54
slim	1.89	0.76
decent	1.93	0.52
useful	1.95	0.83
talented	1.97	0.52
essential	1.97	0.98
neat	1.97	0.50
golden	1.98	0.69
married	1.99	0.52
olive	2.00	0.59
cool	2.00	0.65
lush	2.01	0.52
happier	2.02	0.69
snowy	2.03	0.66
brisk	2.03	0.58
attractive	2.03	0.54
slender	2.04	0.71
sweet	2.04	0.48
gentle	2.07	0.60
satisfactory	2.08	0.83
easy	2.09	0.45
orderly	2.10	0.56
colorful	2.11	0.50
nice	2.12	0.56
graceful	2.12	0.52
friendly	2.13	0.54
quiet	2.16	0.60
peaceful	2.17	0.51
fair	2.18	0.64
jolly	2.19	0.48
blonde	2.19	0.67
spacious	2.20	0.51
magnificent	2.23	0.59
superb	2.23	0.76
gracious	2.24	0.36
delicate	2.25	0.60
polite	2.26	0.49
comfortable	2.27	0.44
safe	2.27	0.55
wonderful	2.28	0.38
calm	2.28	0.58
marvelous	2.29	0.38
courteous	2.33	0.47
hearty	2.41	0.47
charmian	2.44	0.29
honest	2.48	0.52
generous	2.49	0.33
confident	2.50	0.46
merry	2.53	0.41
serene	2.54	0.34
cheerful	2.68	0.44
radiant	2.69	0.43
gay	2.76	0.27
charming	2.89	0.39
amusing	2.94	0.31
sunny	2.94	0.39
beautiful	3.25	0.40
