ugly	-3.50	0.61
wretched	-3.38	0.41
stinking	-3.24	0.63
rotten	-3.16	0.59
brutal	-3.14	0.87
dreadful	-3.04	0.65
hideous	-3.04	0.66
pious	-3.02	0.57
worst	-2.86	0.68
foul	-2.84	0.61
terrible	-2.81	0.74
nasty	-2.72	0.56
tragic	-2.68	0.83
aged	-2.68	0.96
miserable	-2.61	0.48
vicious	-2.58	0.58
sour	-2.53	0.67
ignorant	-2.52	0.67
cruel	-2.51	0.57
sick	-2.50	0.56
fucking	-2.50	0.74
ill	-2.50	0.59
immoral	-2.49	0.68
weak	-2.48	0.50
intolerable	-2.47	0.69
dead	-2.43	0.68
terrifying	-2.42	0.71
unwanted	-2.40	0.72
disastrous	-2.34	0.75
incompetent	-2.33	0.57
selfish	-2.33	0.60
helpless	-2.28	0.59
disabled	-2.28	0.94
cynical	-2.26	0.69
bloody	-2.26	0.69
grotesque	-2.23	0.79
appalling	-2.18	0.74
goddamned	-2.17	0.78
poorer	-2.16	1.08
unbearable	-2.16	0.73
childish	-2.16	0.73
worse	-2.15	0.79
corrupt	-2.15	0.85
frightening	-2.14	0.66
bleeding	-2.14	0.70
worthless	-2.11	0.65
elderly	-2.11	1.14
vulgar	-2.09	0.75
handicapped	-2.09	1.05
careless	-2.08	0.59
starving	-2.07	0.83
unmarried	-2.04	1.06
little	-2.03	0.62
unavoidable	-2.03	0.77
awful	-2.01	0.79
feeble	-2.00	0.70
drunk	-1.99	0.76
unpredictable	-1.97	0.73
retarded	-1.95	0.91
unstable	-1.95	0.73
unemployed	-1.93	1.19
dreaded	-1.92	0.81
battered	-1.92	0.75
filthy	-1.91	0.65
inadequate	-1.91	0.86
hispanic	-1.91	1.27
murderous	-1.90	0.89
absurd	-1.89	0.75
greedy	-1.89	0.72
outrageous	-1.88	0.71
dumb	-1.88	0.81
agonizing	-1.88	0.83
destructive	-1.87	0.69
dangerous	-1.86	0.66
rural	-1.86	1.12
inevitable	-1.83	0.81
repressive	-1.83	1.07
homeless	-1.83	1.12
dependent	-1.83	0.96
pathetic	-1.81	0.26
damned	-1.77	0.45
defective	-1.77	0.82
grim	-1.76	0.68
fatal	-1.76	0.67
immigrant	-1.75	1.20
inferior	-1.75	0.78
stinging	-1.73	0.74
obsessed	-1.73	0.76
sinister	-1.73	0.71
unthinkable	-1.73	0.83
solitary	-1.71	0.79
tedious	-1.69	0.80
impoverished	-1.68	1.18
dismal	-1.67	0.58
bizarre	-1.67	0.68
crooked	-1.66	0.24
dental	-1.66	0.87
drunken	-1.66	0.29
bored	-1.65	0.96
depressed	-1.65	1.02
pitiful	-1.64	0.64
sore	-1.63	0.70
stale	-1.62	0.74
accidental	-1.61	0.75
weird	-1.60	0.80
troubled	-1.57	1.04
alarming	-1.56	0.85
unfamiliar	-1.55	1.00
boring	-1.55	0.69
chilling	-1.54	0.90
ruthless	-1.53	0.86
maternal	-1.53	0.89
petty	-1.52	0.31
weary	-1.52	1.10
totalitarian	-1.51	1.21
present	-1.50	0.93
impatient	-1.50	1.27
arrogant	-1.50	0.32
monstrous	-1.50	0.29
mobile	-1.49	1.02
prone	-1.49	0.78
gloomy	-1.49	0.84
stupid	-1.48	0.52
goddamn	-1.48	0.85
lonely	-1.46	0.88
desperate	-1.44	0.43
embarrassing	-1.44	0.82
scared	-1.43	0.92
mad	-1.41	0.49
savage	-1.41	0.35
hopeless	-1.40	0.28
benign	-1.40	0.85
irresponsible	-1.39	0.27
suspicious	-1.38	1.26
faint	-1.38	1.07
blind	-1.37	0.34
angry	-1.36	1.13
tired	-1.36	1.07
nervous	-1.36	1.18
strange	-1.35	0.83
agitated	-1.35	1.20
hungry	-1.35	0.50
exaggerated	-1.34	0.88
frightened	-1.34	1.15
assistant	-1.33	0.97
anxious	-1.33	1.30
different	-1.32	0.78
wary	-1.32	1.21
lazy	-1.32	0.26
distinct	-1.32	1.07
racist	-1.31	0.30
cunning	-1.31	0.96
reckless	-1.30	0.22
old	-1.29	0.91
crazy	-1.29	1.03
defiant	-1.27	0.78
surviving	-1.27	0.27
useless	-1.26	0.25
isolated	-1.26	0.30
furious	-1.25	0.41
jealous	-1.24	0.93
queer	-1.24	0.85
static	-1.24	0.96
youngest	-1.23	1.02
worrying	-1.23	0.39
uneasy	-1.22	1.22
tense	-1.21	1.23
distinctive	-1.21	1.00
sharp	-1.20	0.95
unexpected	-1.20	0.96
lonesome	-1.20	0.98
mortal	-1.19	1.09
uncomfortable	-1.19	1.23
ailing	-1.19	0.23
bruised	-1.17	0.20
deadly	-1.17	0.23
disappointing	-1.17	0.80
violent	-1.17	0.27
irrational	-1.16	0.27
giant	-1.15	1.06
influential	-1.15	1.14
foolish	-1.15	0.45
lesser	-1.14	1.16
concerned	-1.14	1.18
obscene	-1.13	0.20
past	-1.13	0.74
idle	-1.12	0.17
negative	-1.12	0.98
fearful	-1.12	0.82
limp	-1.11	0.23
indifferent	-1.11	0.25
gay	-1.11	0.81
rotting	-1.11	0.33
messy	-1.10	0.18
charred	-1.10	0.30
harsh	-1.10	0.23
ghastly	-1.10	0.26
naive	-1.09	0.26
ashamed	-1.09	1.05
scary	-1.09	0.76
supernatural	-1.09	1.17
dirty	-1.09	0.33
speechless	-1.07	0.28
aware	-1.07	1.11
whole	-1.07	0.93
susceptible	-1.06	0.17
arbitrary	-1.06	0.27
shabby	-1.05	0.93
runaway	-1.05	0.35
mysterious	-1.04	0.90
premature	-1.04	0.26
precarious	-1.03	0.18
aching	-1.03	0.22
hysterical	-1.02	0.46
stricken	-1.00	0.18
numb	-1.00	0.23
devoid	-0.99	0.18
unacceptable	-0.99	0.24
nazi	-0.99	0.29
dizzy	-0.99	0.40
howling	-0.99	0.16
paranoid	-0.99	0.25
sloppy	-0.98	0.97
relentless	-0.98	0.27
shocking	-0.98	0.22
futile	-0.98	0.15
powerless	-0.97	0.21
rusty	-0.97	0.18
bitter	-0.96	0.84
painful	-0.93	0.29
unnecessary	-0.93	0.19
inefficient	-0.93	0.22
inappropriate	-0.93	0.24
bureaucratic	-0.92	0.25
padded	-0.92	0.95
improper	-0.92	0.21
mental	-0.91	0.15
unbelievable	-0.90	0.83
famous	-0.90	1.15
devastating	-0.90	0.32
guilty	-0.89	0.24
ferocious	-0.89	0.97
unsure	-0.89	0.51
hot	-0.88	0.80
unfair	-0.88	0.19
criminal	-0.87	0.16
rude	-0.87	0.39
minor	-0.87	0.23
bankrupt	-0.86	0.15
unrelated	-0.85	0.13
innocent	-0.84	0.96
disgusted	-0.84	0.87
illegal	-0.84	0.16
insane	-0.83	0.31
dreary	-0.83	0.23
rich	-0.83	0.95
pointless	-0.82	0.30
ominous	-0.82	0.36
awake	-0.82	0.37
harmless	-0.82	0.31
deaf	-0.81	0.24
macho	-0.81	0.17
restless	-0.81	0.68
throbbing	-0.81	0.26
infamous	-0.80	0.20
medical	-0.80	0.21
desolate	-0.80	0.26
mocking	-0.79	0.28
outright	-0.79	0.22
ineffective	-0.79	0.19
unpopular	-0.79	0.21
dull	-0.79	0.20
dazed	-0.79	0.30
blackened	-0.78	0.26
awkward	-0.78	0.34
preoccupied	-0.77	0.54
erratic	-0.77	0.18
puffing	-0.77	0.23
asleep	-0.76	0.41
absent	-0.75	0.15
hesitant	-0.75	0.39
meaningless	-0.74	0.15
notorious	-0.74	0.12
fake	-0.74	0.39
deliberate	-0.73	0.16
lousy	-0.73	1.14
funny	-0.73	0.88
mock	-0.72	0.17
burning	-0.71	0.32
bewildered	-0.71	0.64
shaky	-0.71	0.22
juvenile	-0.70	0.13
irrelevant	-0.70	0.19
utter	-0.70	0.20
damn	-0.70	1.12
tame	-0.70	0.24
uncertain	-0.70	0.47
impending	-0.70	0.20
breathless	-0.69	0.38
disturbing	-0.69	0.40
beloved	-0.68	0.84
bleak	-0.68	0.32
crushing	-0.68	0.28
inconsistent	-0.68	0.18
raging	-0.67	0.15
obsolete	-0.67	0.09
aging	-0.67	0.20
mexican	-0.67	0.39
balder	-0.67	0.98
serious	-0.67	0.30
liable	-0.66	0.20
harmful	-0.66	0.12
lethal	-0.66	0.16
severe	-0.65	0.18
unconscious	-0.65	0.15
treacherous	-0.65	0.16
piercing	-0.65	0.24
mute	-0.64	0.27
unreliable	-0.64	0.18
offensive	-0.64	0.18
phony	-0.64	1.03
romantic	-0.64	0.87
magical	-0.63	1.06
chaotic	-0.63	0.22
sad	-0.62	0.91
urban	-0.62	0.56
moody	-0.60	0.41
cheap	-0.60	0.23
valerian	-0.60	0.33
nonexistent	-0.60	0.14
shrill	-0.59	0.30
psychic	-0.59	0.16
buzzing	-0.59	0.18
afraid	-0.59	1.17
reactionary	-0.58	0.24
lifeless	-0.58	0.18
consulting	-0.58	0.13
confusing	-0.58	0.30
unnatural	-0.58	0.22
indigenous	-0.58	0.41
eerie	-0.58	0.38
unmistakable	-0.57	0.33
unsuccessful	-0.57	0.13
raw	-0.57	0.26
uncanny	-0.56	0.33
marital	-0.56	0.20
communist	-0.56	0.37
alien	-0.55	0.28
frustrating	-0.55	0.96
apt	-0.55	0.19
asian	-0.54	0.32
momentary	-0.54	0.29
surgical	-0.54	0.17
frantic	-0.54	0.53
hectic	-0.54	0.21
adamant	-0.54	0.23
commonplace	-0.53	0.22
smarter	-0.53	0.30
older	-0.52	0.46
facial	-0.52	0.13
depressing	-0.51	0.93
unaware	-0.51	0.26
skinny	-0.50	0.24
latin	-0.50	0.37
frosty	-0.50	0.15
annoyed	-0.50	0.90
baltic	-0.50	0.08
trivial	-0.50	0.17
frail	-0.50	0.36
conflicting	-0.50	0.22
existing	-0.50	0.09
stray	-0.50	0.17
feverish	-0.50	0.31
obscure	-0.50	0.22
sudden	-0.49	0.35
editorial	-0.49	1.28
hostile	-0.49	0.49
nationwide	-0.49	0.21
marxist	-0.49	0.37
wrong	-0.49	1.15
muffled	-0.48	0.31
penal	-0.48	0.13
vulnerable	-0.48	0.14
unnoticed	-0.48	0.10
comic	-0.48	0.20
armed	-0.48	0.20
weaker	-0.48	0.24
unreasonable	-0.47	0.20
exempt	-0.47	0.25
captive	-0.47	0.23
contradictory	-0.47	0.28
audible	-0.47	0.16
risky	-0.47	0.21
crude	-0.46	0.13
diagnostic	-0.46	0.12
ragged	-0.46	0.20
polish	-0.46	0.15
methodist	-0.46	0.18
unimportant	-0.46	0.10
doubtful	-0.46	0.56
silly	-0.46	0.88
native	-0.46	0.30
distant	-0.45	0.37
fierce	-0.45	0.29
african	-0.45	0.33
excessive	-0.45	0.14
chronic	-0.45	0.17
puzzled	-0.44	0.69
teenage	-0.44	0.42
motionless	-0.44	0.21
false	-0.44	0.29
coarse	-0.44	0.26
conceivable	-0.43	0.22
hushed	-0.43	0.41
endless	-0.43	0.12
menacing	-0.43	0.35
embarrassed	-0.43	0.88
marginal	-0.43	0.25
shadowy	-0.43	0.23
explosive	-0.43	0.14
jewish	-0.43	0.31
random	-0.43	0.16
unified	-0.43	0.15
sentimental	-0.43	0.23
untouched	-0.43	0.19
psychiatric	-0.43	0.17
unwilling	-0.42	0.28
adolescent	-0.42	0.30
appalled	-0.42	0.73
unidentified	-0.42	0.18
metallic	-0.42	0.38
remote	-0.42	0.25
typical	-0.41	0.24
questionable	-0.41	0.13
ongoing	-0.41	0.14
clumsy	-0.41	0.19
subordinate	-0.41	0.08
virtual	-0.41	0.13
hoarse	-0.40	0.24
anonymous	-0.40	0.17
skeptical	-0.40	0.57
booming	-0.40	0.09
troublesome	-0.40	0.19
louder	-0.40	0.31
epic	-0.40	0.21
potent	-0.39	0.17
familiar	-0.39	1.23
lared	-0.38	0.39
acute	-0.38	0.17
grizzly	-0.38	0.18
passive	-0.38	0.17
alleged	-0.38	0.07
irregular	-0.37	0.20
unclear	-0.37	0.18
incomplete	-0.37	0.15
incapable	-0.37	0.27
portuguese	-0.37	0.37
pervasive	-0.37	0.18
hollow	-0.36	0.25
toxic	-0.36	0.13
tangled	-0.36	0.11
hebrew	-0.36	0.19
incredulous	-0.35	0.57
premier	-0.35	0.08
insignificant	-0.35	0.20
junior	-0.35	0.18
higher	-0.35	0.20
oblivious	-0.34	0.17
improbable	-0.34	0.20
russian	-0.34	0.23
southern	-0.34	0.25
colder	-0.34	0.27
excited	-0.34	1.21
tattered	-0.34	0.28
pastoral	-0.33	0.13
swollen	-0.33	0.21
murky	-0.32	0.20
involved	-0.32	0.24
imperialist	-0.32	0.19
peculiar	-0.32	1.13
bourgeois	-0.32	0.22
dual	-0.32	0.19
identical	-0.32	0.15
helpful	-0.32	0.91
chemical	-0.31	0.12
vietnamese	-0.31	0.14
naked	-0.31	0.28
german	-0.31	0.23
amazed	-0.30	0.78
spanish	-0.30	0.29
hind	-0.30	0.13
illicit	-0.30	0.07
nonprofit	-0.30	0.24
worldwide	-0.29	0.14
estimated	-0.29	0.23
ridiculous	-0.29	0.82
sexual	-0.29	0.19
socialist	-0.29	0.29
sleepy	-0.29	0.48
elusive	-0.29	0.17
stronger	-0.29	0.23
ethnic	-0.29	0.23
wholesale	-0.29	0.15
opposing	-0.28	0.16
faithful	-0.28	1.16
infectious	-0.28	0.16
immune	-0.28	0.20
worthwhile	-0.28	0.24
awed	-0.28	0.63
defensive	-0.28	0.09
northwestern	-0.28	0.17
aggregate	-0.28	0.15
unknown	-0.27	0.21
volatile	-0.27	0.16
due	-0.27	0.12
corporate	-0.27	0.08
frozen	-0.27	0.16
capitalist	-0.27	0.26
undercover	-0.27	0.19
outraged	-0.27	0.60
advancing	-0.27	0.22
indian	-0.26	0.20
external	-0.26	0.17
conscious	-0.26	0.23
foreign	-0.26	0.18
problematic	-0.26	0.22
big	-0.26	1.07
extravagant	-0.26	0.78
lifelong	-0.26	0.13
industrialized	-0.26	0.30
richer	-0.26	0.20
prime	-0.26	0.10
disputed	-0.25	0.12
parental	-0.25	0.30
coastal	-0.25	0.18
cosmetic	-0.25	0.14
succeeding	-0.25	0.07
respective	-0.25	0.16
ardent	-0.25	0.32
senior	-0.25	0.14
mighty	-0.25	1.11
growing	-0.24	0.21
longtime	-0.24	0.16
insufficient	-0.24	0.19
hungarian	-0.24	0.11
comparable	-0.24	0.13
disappointed	-0.24	1.32
monetary	-0.24	0.05
mystic	-0.24	0.19
homosexual	-0.24	0.23
dire	-0.24	0.16
prospective	-0.24	0.98
muted	-0.24	0.18
sovereign	-0.24	0.24
hybrid	-0.24	0.15
irish	-0.24	0.24
urgent	-0.23	0.20
happier	-0.23	0.27
vague	-0.23	0.25
advisory	-0.23	0.11
flaming	-0.23	0.20
metropolitan	-0.23	0.42
muddy	-0.23	0.16
civil	-0.23	0.11
sharper	-0.23	0.22
clearer	-0.23	0.20
elementary	-0.23	0.12
local	-0.23	0.10
indispensable	-0.23	0.15
nuclear	-0.23	0.10
provincial	-0.22	0.12
stiff	-0.22	0.45
affluent	-0.22	0.47
cramped	-0.22	0.23
european	-0.22	0.19
crumbling	-0.22	0.14
administrative	-0.22	0.13
consecutive	-0.21	0.17
english	-0.21	0.26
global	-0.21	0.11
declining	-0.21	0.14
consolidated	-0.21	0.18
obvious	-0.21	0.17
episcopal	-0.21	0.12
sluggish	-0.21	0.32
slightest	-0.21	0.12
outstretched	-0.21	0.19
inclined	-0.21	0.33
affirmative	-0.21	0.17
abnormal	-0.21	0.20
mandatory	-0.21	0.13
thyroid	-0.20	0.12
thriving	-0.20	0.14
fuzzy	-0.20	0.21
sweaty	-0.20	0.25
female	-0.20	0.37
burgeoning	-0.20	0.11
stained	-0.20	0.27
norwegian	-0.20	0.24
auxiliary	-0.19	0.10
varied	-0.19	0.18
financial	-0.19	0.21
small	-0.19	0.26
sly	-0.19	0.26
contemporary	-0.19	0.17
soviet	-0.19	0.10
damaging	-0.18	0.31
chinese	-0.18	0.16
brittle	-0.18	0.20
therapeutic	-0.18	0.18
hazardous	-0.18	0.17
stormy	-0.18	0.21
nagging	-0.18	0.16
territorial	-0.18	0.10
blank	-0.18	0.27
regional	-0.18	0.09
righteous	-0.18	0.12
prolonged	-0.18	0.17
synthetic	-0.18	0.06
northern	-0.18	0.17
unseen	-0.18	0.12
certified	-0.18	0.09
bigger	-0.18	0.28
imaginary	-0.17	0.13
convinced	-0.17	0.55
legal	-0.17	0.07
geographic	-0.17	0.19
apparent	-0.17	0.13
philippine	-0.17	0.08
misleading	-0.17	0.16
veiled	-0.17	0.18
korean	-0.17	0.10
tougher	-0.17	0.16
colonial	-0.17	0.28
silent	-0.17	0.27
environmental	-0.17	0.10
voluntary	-0.16	0.17
reformed	-0.16	0.12
western	-0.16	0.15
american	-0.16	0.16
interstate	-0.16	0.05
regulatory	-0.16	0.12
inc	-0.16	0.06
impersonal	-0.16	0.20
martial	-0.16	0.16
solar	-0.16	0.16
farthest	-0.16	0.15
occupational	-0.16	0.13
honduran	-0.16	0.11
atomic	-0.16	0.10
postwar	-0.16	0.14
surprised	-0.15	0.87
particular	-0.15	0.15
countless	-0.15	0.12
legitimate	-0.15	0.13
aggressive	-0.15	0.20
diminishing	-0.15	0.09
perpetual	-0.15	0.17
varying	-0.15	0.16
confidential	-0.15	0.16
selective	-0.15	0.14
onetime	-0.15	0.15
australian	-0.15	0.14
cherished	-0.15	0.15
turbulent	-0.14	0.20
constitutional	-0.14	0.06
invisible	-0.14	0.11
presbyterian	-0.14	0.08
cautious	-0.14	0.38
capita	-0.13	0.15
japanese	-0.13	0.15
separate	-0.13	0.16
mystical	-0.13	0.32
parliamentary	-0.13	0.14
manifest	-0.13	0.08
independent	-0.13	0.15
other	-0.13	0.14
public	-0.13	0.10
electrical	-0.13	0.13
british	-0.13	0.17
mating	-0.13	0.14
traditional	-0.13	0.12
baptist	-0.12	0.12
industrial	-0.12	0.20
probable	-0.12	0.18
invading	-0.12	0.07
catholic	-0.12	0.12
fond	-0.12	1.06
poetic	-0.12	0.20
papal	-0.12	0.11
jagged	-0.12	0.18
wild	-0.12	0.17
feudal	-0.12	0.25
evangelical	-0.12	0.12
eastern	-0.12	0.12
vice	-0.12	0.11
chilly	-0.12	0.33
genetic	-0.12	0.06
amused	-0.12	0.62
tighter	-0.12	0.16
orthodox	-0.12	0.13
weekly	-0.12	0.15
freezing	-0.11	0.31
diverse	-0.11	0.19
hardest	-0.11	0.21
israeli	-0.11	0.11
prudent	-0.11	0.15
tricky	-0.11	0.15
sterile	-0.11	0.17
federal	-0.11	0.04
radioactive	-0.11	0.09
swift	-0.11	0.12
gross	-0.11	0.17
civilian	-0.11	0.09
malignant	-0.11	0.10
international	-0.11	0.08
racial	-0.11	0.15
secular	-0.10	0.21
overwhelming	-0.10	0.18
looming	-0.10	0.23
unchanged	-0.10	0.19
central	-0.10	0.08
christian	-0.10	0.12
nightly	-0.10	0.12
democratic	-0.10	0.17
alternate	-0.10	0.22
religious	-0.10	0.12
armored	-0.10	0.11
postal	-0.10	0.13
theological	-0.09	0.12
judicial	-0.09	0.06
brooding	-0.09	0.24
mormon	-0.09	0.20
smaller	-0.09	0.17
gaping	-0.09	0.17
physical	-0.09	0.06
governmental	-0.09	0.06
key	-0.09	0.16
primary	-0.09	0.12
arid	-0.09	0.18
automated	-0.09	0.10
swedish	-0.09	0.15
advanced	-0.09	0.13
military	-0.09	0.09
tangible	-0.09	0.18
upcoming	-0.09	0.16
internal	-0.09	0.07
revolutionary	-0.09	0.20
sullen	-0.09	0.36
general	-0.09	0.09
buddhist	-0.09	0.20
lutheran	-0.09	0.11
authoritative	-0.08	0.19
adverse	-0.08	0.25
eccentric	-0.08	0.21
economic	-0.08	0.07
heroic	-0.08	0.15
integrated	-0.08	0.13
presidential	-0.08	0.19
barren	-0.08	0.22
customary	-0.08	0.10
belgian	-0.08	0.14
french	-0.08	0.19
heavier	-0.08	0.15
greek	-0.08	0.17
costly	-0.08	0.20
terrorist	-0.08	0.06
pending	-0.08	0.04
emotional	-0.08	0.12
iraqi	-0.07	0.10
domestic	-0.07	0.06
single	-0.07	0.22
timid	-0.07	0.24
iranian	-0.07	0.09
tactical	-0.07	0.10
reproductive	-0.07	0.11
bumper	-0.07	0.09
persistent	-0.07	0.13
uniformed	-0.07	0.20
lofty	-0.07	0.15
sweeping	-0.07	0.13
structural	-0.07	0.11
electoral	-0.07	0.14
fundamentalist	-0.07	0.10
libyan	-0.07	0.09
multiple	-0.07	0.08
similar	-0.07	0.20
icy	-0.07	0.33
retired	-0.07	0.23
strategic	-0.06	0.06
turkish	-0.06	0.15
hindu	-0.06	0.11
younger	-0.06	0.48
cosmic	-0.06	0.18
biblical	-0.06	0.12
retail	-0.06	0.09
naval	-0.06	0.09
afghan	-0.06	0.10
syrian	-0.06	0.10
airborne	-0.06	0.08
male	-0.06	0.32
stringent	-0.06	0.13
canadian	-0.06	0.10
national	-0.06	0.06
widespread	-0.06	0.14
multinational	-0.06	0.13
afrikaner	-0.06	0.17
ancient	-0.06	0.15
lower	-0.06	0.14
usual	-0.06	0.22
inner	-0.05	0.10
canned	-0.05	0.19
larger	-0.05	0.21
ideological	-0.05	0.09
linguistic	-0.05	0.15
sicilian	-0.05	0.27
mechanical	-0.05	0.11
spiritual	-0.05	0.20
islamic	-0.05	0.12
certain	-0.05	0.18
imported	-0.05	0.12
unprecedented	-0.05	0.23
widening	-0.05	0.09
composite	-0.05	0.11
irresistible	-0.05	0.21
vacant	-0.05	0.20
egyptian	-0.05	0.12
minimal	-0.04	0.17
imminent	-0.04	0.18
danish	-0.04	0.12
extreme	-0.04	0.16
protestant	-0.04	0.11
brazilian	-0.04	0.15
managing	-0.04	0.17
conventional	-0.04	0.06
muslim	-0.04	0.11
yearly	-0.04	0.10
electromagnetic	-0.04	0.08
electronic	-0.04	0.11
rebellious	-0.04	0.13
underground	-0.04	0.11
troubling	-0.04	0.17
barefoot	-0.04	0.20
restrictive	-0.04	0.18
extra	-0.04	0.17
nicaraguan	-0.04	0.10
arctic	-0.04	0.15
hairy	-0.04	0.28
inherent	-0.03	0.17
profitable	-0.03	0.14
oral	-0.03	0.12
subtle	-0.03	0.25
decisive	-0.03	0.12
insistent	-0.03	0.35
technological	-0.03	0.12
political	-0.03	0.09
analytical	-0.03	0.14
prompt	-0.03	0.11
smallest	-0.03	0.19
major	-0.03	0.17
marine	-0.03	0.18
dominant	-0.03	0.16
hottest	-0.03	0.37
digital	-0.03	0.12
congressional	-0.03	0.12
official	-0.02	0.15
super	-0.02	0.12
automatic	-0.02	0.12
periodic	-0.02	0.11
cheaper	-0.02	0.10
ruling	-0.02	0.10
swiss	-0.02	0.15
persian	-0.02	0.17
forthcoming	-0.02	0.14
agricultural	-0.02	0.20
municipal	-0.02	0.10
argentine	-0.02	0.11
dutch	-0.02	0.23
differing	-0.02	0.22
commercial	-0.02	0.13
wider	-0.02	0.14
current	-0.02	0.15
allied	-0.02	0.10
psychological	-0.02	0.07
broader	-0.02	0.07
pragmatic	-0.02	0.15
deeper	-0.02	0.09
dusty	-0.02	0.19
holy	-0.02	0.19
dense	-0.01	0.19
special	-0.01	0.20
rumpled	-0.01	0.21
geographical	-0.01	0.07
abundant	-0.01	0.15
magnetic	-0.01	0.16
intermediate	-0.01	0.14
immortal	-0.01	0.33
tribal	-0.01	0.13
intrinsic	-0.01	0.06
oldest	-0.01	0.34
integral	-0.01	0.11
verbal	-0.01	0.17
individual	-0.01	0.11
upper	-0.01	0.10
cultural	-0.01	0.16
educational	-0.00	0.13
pioneering	-0.00	0.08
newer	-0.00	0.10
portable	-0.00	0.12
militant	-0.00	0.10
nationalist	-0.00	0.15
quarterly	-0.00	0.15
sole	-0.00	0.10
serial	-0.00	0.18
secondary	0.00	0.10
staggering	0.00	0.25
rainy	0.00	0.38
heated	0.00	0.25
high	0.00	0.11
lebanese	0.00	0.10
ultimate	0.01	0.29
awesome	0.01	0.30
biological	0.01	0.09
successive	0.01	0.11
fictional	0.01	0.09
thermal	0.01	0.13
meager	0.01	0.18
shorter	0.01	0.15
electric	0.01	0.13
probing	0.01	0.16
principal	0.01	0.11
softer	0.01	0.18
subdued	0.01	0.52
drab	0.01	0.24
deep	0.01	0.10
moslem	0.01	0.11
main	0.01	0.12
slower	0.01	0.15
fried	0.01	0.23
median	0.01	0.30
simpler	0.02	0.19
roman	0.02	0.10
dietary	0.02	0.19
austrian	0.02	0.10
governing	0.02	0.11
various	0.02	0.19
thinner	0.02	0.16
founding	0.02	0.05
mere	0.02	0.13
fundamental	0.02	0.09
social	0.02	0.08
famed	0.02	0.15
relevant	0.02	0.15
crucial	0.02	0.16
overweight	0.02	0.24
abrupt	0.03	0.14
liberal	0.03	0.10
vocal	0.03	0.10
rough	0.03	0.18
palestinian	0.03	0.09
collective	0.03	0.05
specific	0.03	0.13
infinite	0.03	0.13
hooded	0.03	0.27
endangered	0.03	0.15
wiser	0.04	0.23
publicized	0.04	0.23
clinical	0.04	0.13
modern	0.04	0.10
downtown	0.04	0.29
bare	0.04	0.18
conservative	0.04	0.10
new	0.04	0.09
eventual	0.04	0.16
startling	0.04	0.27
cute	0.04	0.48
large	0.04	0.27
associate	0.05	0.13
imperative	0.05	0.23
ambiguous	0.05	0.19
organic	0.05	0.07
reluctant	0.05	0.39
bodily	0.05	0.07
historical	0.05	0.08
greater	0.05	0.17
overseas	0.05	0.13
lone	0.06	0.19
relative	0.06	0.20
darker	0.06	0.15
spatial	0.06	0.10
wry	0.06	0.41
peruvian	0.06	0.25
surprising	0.06	0.24
lucrative	0.06	0.12
pro	0.06	0.16
legislative	0.06	0.06
smart	0.07	1.03
imperial	0.07	0.29
numerous	0.07	0.10
cuban	0.07	0.17
eager	0.07	1.09
audio	0.07	0.13
increasing	0.07	0.15
potential	0.07	0.22
personal	0.07	0.15
silvery	0.08	0.21
olympic	0.08	0.08
protective	0.08	0.11
visible	0.08	0.14
radical	0.08	0.12
eldest	0.08	0.40
ethical	0.08	0.09
soaring	0.08	0.09
vast	0.08	0.18
cognitive	0.08	0.08
shadowed	0.08	0.22
husky	0.08	0.22
hereditary	0.08	0.06
beneficial	0.09	0.23
empty	0.09	0.16
interim	0.09	0.17
philosophical	0.09	0.11
damp	0.09	0.31
wooded	0.09	0.28
supreme	0.09	0.07
indirect	0.09	0.09
literary	0.09	0.18
technical	0.10	0.08
aesthetic	0.10	0.12
feminist	0.10	0.18
promising	0.10	0.14
physiological	0.10	0.09
operational	0.10	0.06
outer	0.10	0.09
mediterranean	0.10	0.20
plain	0.10	0.18
representative	0.10	0.14
dim	0.10	0.27
intricate	0.10	0.25
rubber	0.10	0.14
rapid	0.10	0.14
astonished	0.10	0.43
covert	0.10	0.10
bulky	0.10	0.16
autonomous	0.10	0.15
evident	0.11	0.19
implicit	0.11	0.09
microscopic	0.11	0.08
bustling	0.11	0.16
slippery	0.11	0.12
scarce	0.11	0.13
convincing	0.11	0.13
largest	0.11	0.12
overall	0.11	0.09
bland	0.11	0.31
profound	0.11	0.14
eminent	0.11	0.20
opaque	0.11	0.17
basic	0.11	0.15
prestigious	0.11	0.15
academic	0.11	0.09
mainstream	0.11	0.12
prevailing	0.11	0.15
slight	0.11	0.29
est	0.11	0.17
entire	0.11	0.25
evolutionary	0.12	0.08
tory	0.12	0.14
abstract	0.12	0.09
dissident	0.12	0.08
flawed	0.12	0.24
glazed	0.12	0.22
cardboard	0.12	0.09
real	0.12	1.17
symbolic	0.12	0.08
arab	0.13	0.12
immediate	0.13	0.12
fallow	0.13	0.18
blunt	0.13	0.19
gigantic	0.13	0.25
systematic	0.13	0.23
unlimited	0.13	0.18
net	0.13	0.15
experimental	0.13	0.13
caribbean	0.13	0.19
somber	0.13	0.40
indoor	0.13	0.12
progressive	0.13	0.08
characteristic	0.13	0.27
unlikely	0.14	0.20
incredible	0.14	0.28
daring	0.14	0.14
substantive	0.14	0.09
blinding	0.14	0.28
fiscal	0.14	0.13
sled	0.14	0.23
dramatic	0.14	0.27
unfinished	0.14	0.17
offshore	0.14	0.11
correct	0.14	1.18
underlying	0.14	0.08
functional	0.14	0.17
moral	0.15	0.20
perverse	0.15	0.68
journalistic	0.15	0.17
primitive	0.15	0.14
cloudy	0.15	0.32
foremost	0.15	0.26
scientific	0.15	0.10
developmental	0.15	0.08
italian	0.15	0.24
sortal	0.15	0.15
stark	0.15	0.25
literal	0.15	0.08
intellectual	0.15	0.10
remaining	0.16	0.05
rocky	0.16	0.19
optical	0.16	0.12
clerical	0.16	0.17
rigid	0.16	0.20
active	0.16	0.22
specialized	0.16	0.09
natural	0.16	0.20
frequent	0.16	0.10
conspicuous	0.16	0.26
monthly	0.17	0.20
superior	0.17	0.17
provocative	0.17	0.15
responsible	0.17	0.19
drastic	0.17	0.13
cluttered	0.17	0.15
occasional	0.17	0.26
theoretical	0.17	0.12
sacred	0.17	0.24
exclusive	0.17	0.06
burly	0.17	0.25
welsh	0.17	0.17
grand	0.17	0.18
average	0.18	0.15
sprawling	0.18	0.18
shallow	0.18	0.09
scant	0.18	0.12
enlightened	0.18	0.21
conceptual	0.18	0.10
secret	0.18	0.30
huge	0.18	0.27
nearby	0.18	0.20
mammoth	0.18	0.11
controversial	0.18	0.18
privileged	0.18	0.23
previous	0.18	0.11
assorted	0.19	0.07
royal	0.19	0.12
manned	0.19	0.15
managerial	0.19	0.08
lasting	0.19	0.07
impossible	0.19	0.29
institutional	0.19	0.06
organizational	0.20	0.06
sociological	0.20	0.09
continental	0.20	0.15
unique	0.20	0.29
noticeable	0.20	0.09
rhythmic	0.20	0.32
anthropological	0.20	0.11
educated	0.20	0.41
manual	0.20	0.11
explicit	0.21	0.06
positive	0.21	0.20
hasty	0.21	0.13
horizontal	0.21	0.12
competitive	0.21	0.13
odd	0.21	0.77
complicated	0.21	0.22
cold	0.21	0.33
equal	0.21	0.13
towering	0.22	0.21
complex	0.22	0.19
predictable	0.22	0.15
seasonal	0.22	0.09
subsequent	0.22	0.11
accessible	0.22	0.21
nude	0.22	0.34
great	0.22	0.35
concrete	0.22	0.08
comparative	0.22	0.13
temporary	0.22	0.17
daily	0.22	0.17
loose	0.22	0.14
keen	0.23	0.22
dry	0.23	0.26
subjective	0.23	0.11
significant	0.23	0.10
vascular	0.23	0.17
sizable	0.23	0.13
lighter	0.23	0.16
bony	0.23	0.27
minimum	0.23	0.15
wet	0.23	0.25
classical	0.24	0.19
almighty	0.24	0.24
reliable	0.24	0.17
suburban	0.24	0.34
available	0.24	0.17
intuitive	0.24	0.31
joint	0.24	0.12
sticky	0.24	0.18
behavioral	0.24	0.14
meaningful	0.24	0.11
guiding	0.25	0.13
important	0.25	0.22
tough	0.25	0.31
enormous	0.25	0.21
commanding	0.25	0.16
additional	0.25	0.12
swelling	0.25	0.21
limited	0.25	0.13
richest	0.25	0.12
triumphant	0.25	0.69
ingenious	0.25	0.13
tentative	0.25	0.20
unofficial	0.26	0.07
transparent	0.26	0.13
regular	0.26	0.10
semantic	0.26	0.14
intriguing	0.26	0.32
investigative	0.26	0.10
closest	0.27	0.19
renowned	0.27	0.27
visual	0.27	0.15
beige	0.27	0.24
amateur	0.27	0.18
valid	0.27	0.25
darkened	0.27	0.29
wrinkled	0.27	0.26
recent	0.27	0.12
common	0.27	0.23
medieval	0.27	0.10
astronomical	0.28	0.13
formidable	0.28	0.17
statistical	0.28	0.24
corresponding	0.28	0.11
bipartisan	0.28	0.18
private	0.28	0.08
lunar	0.28	0.10
total	0.28	0.23
astonishing	0.28	0.26
immense	0.28	0.17
appropriate	0.28	0.23
opposite	0.28	0.24
superficial	0.28	0.12
compelling	0.28	0.15
legendary	0.28	0.21
paramount	0.29	0.14
preceding	0.29	0.14
sophisticated	0.29	0.08
inaugural	0.29	0.10
lowest	0.29	0.22
revised	0.29	0.13
steep	0.29	0.17
considerable	0.29	0.15
vital	0.29	0.11
hard	0.30	1.03
penetrating	0.30	0.09
successful	0.30	0.18
wide	0.30	0.15
substantial	0.30	0.16
tracking	0.30	0.15
direct	0.31	0.10
communal	0.31	0.24
practical	0.31	0.13
sensible	0.31	0.17
annual	0.31	0.12
understandable	0.31	0.15
ample	0.31	0.15
civic	0.31	0.12
celtic	0.31	0.14
maximum	0.31	0.22
full	0.31	0.20
rectangular	0.31	0.12
artistic	0.31	0.09
simultaneous	0.31	0.13
toughest	0.32	0.27
homemade	0.32	0.12
adjacent	0.32	0.15
sane	0.32	0.29
actual	0.32	0.24
onstage	0.33	0.15
narrow	0.33	0.12
strict	0.33	0.17
slow	0.33	0.13
wooden	0.33	0.18
sufficient	0.33	0.19
newest	0.33	0.19
empirical	0.33	0.16
oval	0.33	0.15
grey	0.33	0.20
slick	0.33	0.17
everyday	0.33	0.16
triple	0.34	0.15
longest	0.34	0.28
infrared	0.34	0.12
deepest	0.34	0.23
exceptional	0.34	0.20
universal	0.34	0.25
massive	0.34	0.20
ironic	0.34	0.73
preliminary	0.34	0.13
greasy	0.34	0.21
striped	0.35	0.20
liquid	0.35	0.14
enduring	0.35	0.09
televised	0.35	0.13
prominent	0.35	0.22
interested	0.35	0.97
shy	0.35	0.51
warmer	0.35	0.30
human	0.35	0.16
original	0.35	0.18
fertile	0.35	0.14
tiny	0.35	0.28
broad	0.36	0.12
popular	0.36	0.24
padraic	0.36	0.21
adjoining	0.36	0.22
reddish	0.36	0.22
easier	0.36	0.29
overt	0.36	0.13
snowy	0.36	0.29
computerized	0.36	0.16
vertical	0.37	0.14
revolving	0.37	0.10
critical	0.37	0.12
innovative	0.37	0.24
parallel	0.37	0.11
scottish	0.37	0.15
int	0.37	0.14
fiery	0.37	0.23
venerable	0.37	0.14
adequate	0.37	0.24
matching	0.38	0.27
open	0.38	0.12
tremendous	0.38	0.23
historic	0.38	0.16
compatible	0.38	0.13
spontaneous	0.38	0.19
realistic	0.38	0.19
gifted	0.39	0.24
continuous	0.39	0.13
ceremonial	0.39	0.13
noisy	0.39	0.30
dried	0.39	0.26
logical	0.39	0.13
partisan	0.39	0.13
greatest	0.39	0.37
essential	0.40	0.15
constant	0.40	0.08
artificial	0.40	0.12
sloping	0.40	0.16
fat	0.40	0.30
willing	0.40	0.38
fascinating	0.40	0.21
sparse	0.40	0.16
folding	0.40	0.15
tight	0.40	0.18
rigorous	0.40	0.20
sunken	0.40	0.20
playful	0.41	0.26
brightest	0.41	0.25
renewed	0.41	0.15
possible	0.41	0.41
pregnant	0.41	0.82
safer	0.41	0.31
mathematical	0.41	0.30
fastest	0.42	0.20
likely	0.42	0.30
flat	0.42	0.16
partial	0.42	0.19
flickering	0.42	0.28
highest	0.42	0.29
solemn	0.43	0.31
oriental	0.43	0.21
latest	0.43	0.18
midwestern	0.43	0.20
utmost	0.43	0.22
knowledgeable	0.43	0.12
biggest	0.43	0.36
constructive	0.43	0.19
taut	0.44	0.28
low	0.44	0.11
credible	0.44	0.10
circular	0.44	0.10
brighter	0.45	0.23
makeshift	0.45	0.28
placid	0.45	0.15
linear	0.45	0.17
viable	0.45	0.13
normal	0.45	0.10
unusual	0.45	0.28
theatrical	0.45	0.13
long	0.45	0.16
curved	0.46	0.15
strongest	0.46	0.26
sheer	0.46	0.17
intense	0.46	0.23
athletic	0.46	0.07
curious	0.46	0.82
tempting	0.46	0.19
intact	0.46	0.14
divine	0.46	0.50
clear	0.47	0.13
expressive	0.47	0.11
gradual	0.47	0.09
eternal	0.47	0.29
mutual	0.47	0.20
ceramic	0.47	0.09
flamboyant	0.48	0.21
smoky	0.48	0.80
satisfied	0.48	0.95
enthusiastic	0.48	0.40
rugged	0.48	0.23
professional	0.48	0.16
stubborn	0.49	0.21
bald	0.49	0.21
olive	0.49	0.18
genuine	0.49	0.30
standard	0.50	0.28
nearest	0.50	0.11
squat	0.51	0.32
permanent	0.51	0.16
coherent	0.51	0.14
lighted	0.51	0.17
notable	0.51	0.19
boiling	0.52	0.15
stout	0.52	0.19
initial	0.53	0.15
passionate	0.53	0.11
pleased	0.53	1.08
rational	0.53	0.19
wealthy	0.53	0.19
powdered	0.53	0.30
extensive	0.53	0.20
taller	0.54	0.27
quick	0.54	0.22
comprehensive	0.54	0.16
dubious	0.54	0.79
singular	0.54	0.21
animated	0.54	0.33
moist	0.55	0.24
moderate	0.55	0.13
miraculous	0.56	0.66
necessary	0.56	0.26
formal	0.56	0.13
outspoken	0.56	0.19
plausible	0.56	0.26
distinguished	0.56	0.23
sporting	0.57	0.12
gray	0.57	0.22
skilled	0.57	0.18
bearded	0.57	0.31
dark	0.57	0.23
accurate	0.57	0.18
incoming	0.57	0.18
black	0.57	0.31
musical	0.57	0.16
masked	0.58	0.22
close	0.58	0.24
diplomatic	0.58	0.09
compact	0.58	0.09
variable	0.58	0.18
earliest	0.58	0.15
simplest	0.58	0.19
steaming	0.58	0.17
spare	0.58	0.18
stimulating	0.58	0.16
eligible	0.58	0.99
gaunt	0.59	0.41
milky	0.59	0.32
austere	0.59	0.27
crowded	0.59	0.19
cooperative	0.59	0.16
valuable	0.60	0.24
luminous	0.60	0.28
final	0.60	0.17
scholarly	0.61	0.19
effective	0.61	0.18
intimate	0.61	0.19
thick	0.61	0.21
tropical	0.61	0.23
lengthy	0.61	0.12
noble	0.62	0.14
baked	0.62	0.17
earthly	0.62	1.27
flexible	0.62	0.12
useful	0.62	0.25
purple	0.63	0.29
dearest	0.63	0.71
humane	0.63	0.19
erect	0.63	0.25
glossy	0.64	0.25
late	0.64	0.14
detailed	0.64	0.15
bold	0.64	0.18
forbidding	0.64	0.81
ecstatic	0.65	0.69
elaborate	0.65	0.12
seductive	0.66	0.25
wee	0.66	0.75
fashionable	0.66	0.11
fragile	0.66	0.23
respectful	0.66	0.23
true	0.67	1.08
young	0.67	0.41
worldly	0.67	0.15
shrewd	0.67	0.23
dynamic	0.68	0.14
sympathetic	0.69	0.38
heavy	0.69	0.21
crimson	0.69	0.28
heady	0.70	0.69
dazzling	0.70	0.26
adept	0.71	0.21
earnest	0.71	0.30
white	0.71	0.24
extraordinary	0.72	0.31
powerful	0.72	0.21
colored	0.72	0.26
amber	0.73	0.34
shiny	0.73	0.23
consistent	0.73	0.12
expensive	0.74	0.13
spectacular	0.74	0.20
straightforward	0.74	0.14
tolerant	0.75	0.30
definitive	0.75	0.26
persuasive	0.75	0.12
sober	0.75	0.36
red	0.76	0.30
loyal	0.76	0.22
wicked	0.76	1.08
steady	0.76	0.18
sure	0.76	1.12
venetian	0.76	0.33
yellow	0.77	0.31
orange	0.77	0.29
decorative	0.77	0.10
imposing	0.77	0.16
scarlet	0.77	0.32
monumental	0.77	0.28
gothic	0.77	0.15
early	0.78	0.09
mature	0.78	0.33
brown	0.78	0.25
memorable	0.79	0.17
optimistic	0.79	0.77
blue	0.79	0.30
humble	0.79	0.20
refined	0.80	0.10
amusing	0.80	0.70
desirable	0.80	0.13
glistening	0.80	0.29
delighted	0.80	0.92
orderly	0.80	0.11
pink	0.80	0.33
aristocratic	0.80	0.25
casual	0.81	0.30
conscientious	0.81	0.19
short	0.81	0.18
muscular	0.81	0.30
soft	0.82	0.20
chic	0.82	0.13
worthy	0.82	0.10
pale	0.83	0.32
round	0.83	0.20
recognizable	0.83	0.90
efficient	0.83	0.11
alive	0.84	0.85
green	0.84	0.31
wise	0.84	0.19
fancy	0.84	0.13
tender	0.84	0.53
durable	0.85	0.09
outdoor	0.85	0.11
thorough	0.85	0.15
creative	0.85	0.17
inexpensive	0.85	0.11
feasible	0.85	0.18
clean	0.85	0.22
free	0.85	0.28
glowing	0.86	0.36
flowering	0.86	0.21
informal	0.86	0.19
clever	0.86	0.20
thin	0.87	0.27
exciting	0.87	0.74
youthful	0.87	0.30
ornate	0.88	0.19
sorry	0.88	0.89
tall	0.89	0.36
hefty	0.89	0.12
architectural	0.90	0.20
confident	0.91	0.38
shining	0.92	0.34
stocky	0.92	0.32
uneven	0.92	0.82
capable	0.92	0.11
ripe	0.92	0.69
candid	0.92	0.24
alert	0.93	0.77
polished	0.93	0.16
competent	0.93	0.20
akin	0.93	0.74
graphic	0.94	0.77
curly	0.94	0.34
courageous	0.95	0.20
fleeting	0.95	0.73
terrific	0.95	1.03
mild	0.96	0.78
encouraging	0.96	0.26
shimmering	0.96	0.35
erotic	0.96	0.82
satisfactory	0.97	0.25
miniature	0.97	0.68
reasonable	0.98	0.26
careful	1.00	0.13
supportive	1.00	0.28
amiable	1.01	0.27
fellow	1.01	0.22
bright	1.02	0.31
stable	1.02	0.25
married	1.02	0.66
rare	1.04	0.16
proud	1.04	0.75
outgoing	1.05	0.29
crisp	1.05	0.21
robust	1.05	0.19
spirited	1.06	0.18
speedy	1.06	0.61
gilded	1.06	0.32
embroidered	1.07	0.26
gleaming	1.08	0.32
plump	1.08	0.36
tanned	1.08	0.35
ready	1.08	0.80
thoughtful	1.08	0.26
slim	1.09	0.32
residential	1.09	0.74
barbed	1.10	0.79
sensitive	1.10	0.19
grateful	1.10	0.97
remarkable	1.10	0.23
brisk	1.11	0.31
quiet	1.11	0.28
brave	1.11	0.16
disciplined	1.12	0.14
handy	1.13	0.64
stately	1.13	0.22
gebling	1.13	0.75
reminiscent	1.13	0.70
favorable	1.14	0.75
antique	1.15	0.28
pleasing	1.16	0.59
nutritional	1.16	0.79
intensive	1.18	0.84
absolute	1.18	0.93
exotic	1.18	0.60
thankful	1.19	0.87
blonde	1.20	0.32
polite	1.20	0.29
modest	1.20	0.14
lucky	1.21	0.89
blessed	1.21	0.23
difficult	1.22	0.68
vivid	1.22	0.65
favorite	1.24	0.66
vigorous	1.24	0.21
discreet	1.24	0.24
frazier	1.25	0.72
golden	1.25	0.28
energetic	1.25	0.26
affectionate	1.27	0.25
lingering	1.27	0.73
sturdy	1.27	0.20
fresh	1.27	0.48
ordinary	1.28	0.75
hopeful	1.28	0.69
blond	1.29	0.36
accompanying	1.29	0.71
spacious	1.29	0.14
glittering	1.30	0.33
glamorous	1.30	0.19
patriotic	1.30	0.67
masculine	1.30	0.69
forceful	1.30	0.25
definite	1.31	0.89
plentiful	1.32	0.69
pure	1.33	0.69
fantastic	1.33	0.25
rosy	1.34	0.86
decent	1.34	0.83
uncommon	1.35	0.52
comforting	1.35	0.68
responsive	1.37	0.68
hawaiian	1.37	0.73
charitable	1.37	0.80
proper	1.37	0.87
exact	1.39	0.94
brilliant	1.39	0.70
finer	1.40	0.74
loving	1.40	0.20
melancholy	1.40	0.66
classic	1.40	0.70
intelligent	1.41	0.22
graceful	1.41	0.18
reassuring	1.43	0.66
best	1.43	1.04
double	1.44	0.85
precise	1.44	0.92
striking	1.44	0.59
dignified	1.45	0.20
brief	1.45	0.59
neutral	1.46	0.63
satisfying	1.47	0.53
seasoned	1.47	0.56
colorful	1.47	0.77
busy	1.47	0.78
dear	1.48	0.69
glad	1.50	0.87
sheltered	1.51	0.54
admirable	1.52	0.68
suitable	1.52	0.81
precious	1.52	0.63
productive	1.53	0.75
supposed	1.53	0.82
unanimous	1.54	0.66
impressive	1.55	0.66
witty	1.55	0.16
happiest	1.55	0.69
tidy	1.56	0.22
boyish	1.56	0.60
cool	1.57	0.71
outstanding	1.58	0.77
simple	1.59	0.73
balanced	1.60	0.81
heavenly	1.60	0.49
strong	1.60	0.54
victorian	1.60	0.63
nice	1.61	0.77
healthy	1.61	0.63
complete	1.61	0.86
fair	1.64	0.60
stylish	1.65	0.24
warm	1.66	0.65
authentic	1.66	0.56
violet	1.66	0.89
serene	1.67	0.62
civilized	1.68	0.64
sensational	1.69	0.65
ideal	1.70	0.77
humorous	1.71	0.66
jolly	1.72	0.41
smooth	1.72	0.69
honest	1.74	0.53
hearty	1.76	0.44
convenient	1.78	0.71
maiden	1.78	0.66
lush	1.79	0.67
solid	1.79	0.67
majestic	1.81	0.65
calm	1.81	0.62
lively	1.81	0.59
respectable	1.83	0.57
talented	1.84	0.68
prosperous	1.85	0.48
regal	1.85	0.64
feminine	1.86	0.63
eloquent	1.86	0.63
imaginative	1.87	0.73
acceptable	1.87	0.78
attentive	1.91	0.56
finest	1.91	0.69
slender	1.93	0.75
fine	1.93	0.78
festive	1.94	0.33
generous	1.95	0.45
luxurious	1.95	0.35
fabulous	1.95	0.51
sweet	1.95	0.31
friendly	1.96	0.52
sincere	1.96	0.47
versatile	1.98	0.68
peaceful	1.98	0.59
interesting	1.99	0.57
ambitious	2.03	0.64
stunning	2.03	0.58
delicate	2.05	0.61
gentle	2.05	0.56
sunny	2.05	0.53
safe	2.06	0.71
delicious	2.08	0.58
entertaining	2.08	0.67
easy	2.10	0.43
handsome	2.12	0.50
lavish	2.13	0.59
sleek	2.14	0.70
sparkling	2.15	0.68
gracious	2.17	0.47
magnificent	2.18	0.52
honorable	2.20	0.39
joyous	2.20	0.50
neat	2.20	0.48
elegant	2.20	0.37
welcoming	2.22	0.56
glorious	2.23	0.61
sexy	2.24	0.42
wonderful	2.26	0.60
merry	2.29	0.51
soothing	2.30	0.55
cozy	2.31	0.38
charming	2.35	0.42
comfortable	2.37	0.36
exquisite	2.47	0.62
radiant	2.47	0.54
attractive	2.55	0.44
cheerful	2.57	0.47
gorgeous	2.64	0.58
splendid	2.69	0.51
superb	2.81	0.67
beautiful	2.85	0.46
marvelous	2.93	0.52
