vile	-3.18	0.61
tragic	-3.15	0.66
ugly	-3.10	0.49
traumatic	-3.08	0.68
stinging	-3.05	0.56
awful	-2.89	0.49
foul	-2.84	0.50
horrific	-2.83	0.69
fatal	-2.82	0.77
sick	-2.81	0.46
painful	-2.67	0.61
unnatural	-2.64	0.60
dire	-2.62	0.64
terrible	-2.61	0.69
minor	-2.59	0.79
cruel	-2.59	0.63
frightening	-2.59	0.52
unlucky	-2.58	0.54
hideous	-2.58	0.64
miserable	-2.57	0.47
mindless	-2.56	0.79
hungry	-2.55	0.70
insecure	-2.55	0.72
ominous	-2.53	0.62
terrifying	-2.47	0.70
unbearable	-2.45	0.57
mortal	-2.45	0.68
worst	-2.43	0.70
catastrophic	-2.42	0.74
weak	-2.40	0.73
lonely	-2.33	0.59
innocent	-2.29	0.63
needy	-2.22	0.75
humiliating	-2.19	0.68
selfish	-2.18	0.51
creepy	-2.17	0.52
greedy	-2.17	0.46
poisonous	-2.16	0.70
damned	-2.14	0.54
gross	-2.10	0.92
bizarre	-2.09	0.53
nasty	-2.09	0.77
brutal	-2.09	0.72
homeless	-2.07	0.87
ragged	-2.07	0.72
occasional	-2.07	0.70
accidental	-2.07	0.82
depressed	-2.02	1.17
filthy	-2.01	0.64
disastrous	-1.99	0.71
misguided	-1.98	0.73
strange	-1.96	0.57
ignorant	-1.94	0.46
harsh	-1.94	0.63
tired	-1.93	1.13
dreadful	-1.93	0.66
gruesome	-1.93	0.99
indifferent	-1.92	0.64
devastating	-1.87	0.44
dangerous	-1.86	0.55
crude	-1.85	0.76
sudden	-1.84	0.70
blind	-1.84	0.46
random	-1.84	0.64
drunk	-1.83	0.92
outrageous	-1.82	0.67
alarming	-1.82	0.62
vicious	-1.81	0.85
inevitable	-1.79	0.75
sinister	-1.79	0.61
impoverished	-1.79	1.15
rotten	-1.78	0.52
searing	-1.78	0.74
impatient	-1.78	1.26
unpredictable	-1.77	0.67
bloody	-1.76	0.33
shocking	-1.76	0.75
bored	-1.76	1.22
embarrassing	-1.76	0.57
stupid	-1.75	0.75
hostile	-1.75	0.60
weary	-1.74	1.16
anxious	-1.73	1.28
naive	-1.72	0.57
peculiar	-1.72	0.70
scary	-1.71	0.59
paranoid	-1.71	0.67
unfair	-1.71	0.46
primitive	-1.71	0.85
irresponsible	-1.70	0.49
unrelated	-1.70	0.63
mundane	-1.70	0.61
stray	-1.70	0.59
lingering	-1.69	0.73
aging	-1.69	0.78
irritating	-1.66	0.64
murderous	-1.66	0.82
crushing	-1.66	0.73
agitated	-1.65	1.34
depressing	-1.65	0.49
thirsty	-1.65	0.79
angry	-1.64	1.29
cranky	-1.64	0.71
unstable	-1.64	0.60
mad	-1.60	0.75
unemployed	-1.60	1.16
disabled	-1.60	1.03
rural	-1.59	1.20
terrorist	-1.59	0.94
corrupt	-1.59	0.98
jealous	-1.59	0.59
pathetic	-1.58	0.36
fiery	-1.57	0.80
flawed	-1.56	0.67
tense	-1.55	1.30
savage	-1.55	0.86
bitter	-1.55	0.73
fucking	-1.55	0.77
frightened	-1.55	1.26
shaky	-1.55	0.98
dizzy	-1.54	0.71
grainy	-1.54	0.77
restless	-1.54	0.92
stale	-1.53	0.73
immigrant	-1.53	1.18
racist	-1.52	0.62
unmistakable	-1.51	0.76
wretched	-1.51	0.53
utter	-1.50	0.69
feeble	-1.50	0.96
severe	-1.49	0.35
cynical	-1.48	0.77
criminal	-1.47	0.92
median	-1.47	1.02
inexplicable	-1.47	0.35
petty	-1.47	0.91
troubled	-1.47	1.14
ashamed	-1.47	1.14
unbelievable	-1.46	0.66
frustrating	-1.46	0.65
deadly	-1.45	0.32
graphic	-1.44	0.74
blunt	-1.44	0.78
elderly	-1.43	1.18
hopeless	-1.43	0.29
starving	-1.43	0.43
crazy	-1.42	0.86
affluent	-1.41	1.26
worthless	-1.41	0.32
whole	-1.40	0.78
worrying	-1.39	0.83
lazy	-1.38	0.41
goddamned	-1.38	0.84
disturbing	-1.36	0.72
absolute	-1.36	0.88
eerie	-1.36	0.25
lethal	-1.36	0.29
violent	-1.34	0.23
errant	-1.33	0.71
unusual	-1.32	0.74
clumsy	-1.32	0.77
irrelevant	-1.32	0.66
dumb	-1.32	0.80
different	-1.31	0.72
insane	-1.30	0.32
chaotic	-1.30	0.33
cunning	-1.29	0.95
alien	-1.28	0.72
scared	-1.28	0.89
bewildered	-1.26	0.96
sore	-1.26	0.23
fearful	-1.26	1.03
guilty	-1.26	0.77
bleeding	-1.25	0.18
foolish	-1.25	0.30
jared	-1.25	0.80
helpless	-1.24	0.35
ridiculous	-1.24	0.38
prolonged	-1.24	0.28
acute	-1.24	0.27
weird	-1.24	0.79
supernatural	-1.24	0.80
tantalizing	-1.23	0.75
nasal	-1.23	0.66
absurd	-1.23	0.28
aching	-1.22	0.35
fake	-1.21	0.80
everyday	-1.21	0.74
chronic	-1.20	0.31
bacterial	-1.20	0.21
dirty	-1.20	0.23
uncomfortable	-1.20	0.91
desperate	-1.19	0.52
useless	-1.19	0.25
intentional	-1.18	0.89
mere	-1.18	0.87
monstrous	-1.18	0.95
gigantic	-1.18	0.86
disappointed	-1.17	1.29
vocal	-1.17	0.68
furious	-1.16	0.68
wounded	-1.16	0.29
uncommon	-1.16	0.72
human	-1.16	1.11
uneasy	-1.16	1.01
annoying	-1.16	0.34
odd	-1.15	0.80
exasperated	-1.15	0.84
immortal	-1.15	0.88
stricken	-1.15	0.47
disgusted	-1.14	1.04
fellow	-1.14	1.05
gloved	-1.14	0.74
alleged	-1.14	0.21
strongest	-1.13	0.75
confusing	-1.13	0.29
pungent	-1.13	0.83
nameless	-1.13	0.15
impending	-1.12	0.31
wealthy	-1.12	1.09
troubling	-1.12	0.31
destructive	-1.12	0.21
nervous	-1.12	1.08
inconsistent	-1.11	0.70
drastic	-1.10	0.32
numb	-1.09	0.49
chilling	-1.09	0.29
unprepared	-1.09	0.22
dazed	-1.08	0.74
outraged	-1.08	0.82
drunken	-1.08	0.10
edgy	-1.07	0.55
annoyed	-1.07	1.08
extreme	-1.06	0.13
adverse	-1.05	0.31
serious	-1.05	0.30
pelvic	-1.04	0.23
evident	-1.04	0.90
ensuing	-1.04	0.21
powerful	-1.04	0.92
eternal	-1.03	0.99
throbbing	-1.03	0.17
lousy	-1.03	0.92
contradictory	-1.01	0.14
giddy	-1.01	0.53
grim	-1.01	0.24
bloated	-1.00	0.31
recreational	-0.99	1.03
pitiful	-0.99	0.34
masked	-0.99	0.22
irrational	-0.98	0.19
phony	-0.98	0.25
outright	-0.98	0.23
harmless	-0.98	0.16
arrogant	-0.97	0.22
goddamn	-0.97	0.54
bipolar	-0.97	0.16
ample	-0.97	0.98
persistent	-0.97	0.22
divine	-0.97	1.19
susceptible	-0.97	0.18
silly	-0.97	0.43
frantic	-0.96	0.47
bruised	-0.96	0.22
powerless	-0.94	0.19
toxic	-0.94	0.15
fanciful	-0.93	0.20
sad	-0.93	1.15
dependent	-0.93	0.24
infectious	-0.93	0.16
spinal	-0.93	0.23
unprecedented	-0.92	0.97
trivial	-0.92	0.23
correct	-0.91	0.82
sullen	-0.91	0.76
magical	-0.90	1.01
suspicious	-0.90	0.92
embarrassed	-0.90	1.06
rigorous	-0.89	0.91
frequent	-0.89	0.15
unsure	-0.88	0.94
harmful	-0.87	0.17
pointless	-0.87	0.22
nursing	-0.87	0.18
ill	-0.87	1.09
uncertain	-0.86	0.82
fuzzy	-0.86	0.80
unnecessary	-0.86	0.13
mystical	-0.86	0.25
reckless	-0.86	0.18
vulnerable	-0.86	0.43
tattered	-0.86	0.23
stranded	-0.85	0.22
boring	-0.85	0.40
bleak	-0.84	0.24
oppressive	-0.84	0.21
abrupt	-0.83	0.19
hazardous	-0.83	0.09
resistant	-0.83	0.15
afraid	-0.83	1.18
treacherous	-0.83	0.18
preoccupied	-0.82	0.91
risky	-0.82	0.27
deaf	-0.82	0.35
invisible	-0.82	0.26
fractured	-0.81	0.14
grieving	-0.81	0.79
wise	-0.80	0.74
unacceptable	-0.80	0.19
worldly 0.47  0.21
chemical	-0.79	0.14
sarcastic	-0.79	0.50
naked	-0.78	0.34
puzzled	-0.78	0.97
inappropriate	-0.78	0.17
hysterical	-0.77	0.51
respiratory	-0.77	0.23
sweaty	-0.77	0.28
cosmetic	-0.76	0.14
radioactive	-0.76	0.14
profound	-0.76	0.31
wicked	-0.76	1.12
raging	-0.76	0.24
psychic	-0.75	0.15
motionless	-0.74	0.31
unseen	-0.74	0.31
idle	-0.74	0.15
obsessive	-0.74	0.21
subsequent	-0.73	0.32
repetitive	-0.73	0.15
reassuring	-0.72	0.79
suicidal	-0.72	0.17
imminent	-0.72	0.27
prone	-0.71	0.23
heroic	-0.71	0.25
dubious	-0.71	0.34
breathtaking	-0.71	0.75
unreasonable	-0.71	0.90
futile	-0.70	0.11
swelling	-0.70	0.15
sensory	-0.70	0.21
joint	-0.70	0.13
spooky	-0.70	0.90
illicit	-0.69	0.15
worse	-0.69	1.05
armed	-0.69	0.23
illegal	-0.69	0.17
cardiovascular	-0.69	0.28
insignificant	-0.68	0.16
editorial	-0.68	0.17
creaking	-0.68	0.21
pervasive	-0.68	0.15
immediate	-0.68	0.27
surgical	-0.67	0.20
tedious	-0.67	0.33
manly	-0.67	0.73
awake	-0.67	0.70
burning	-0.66	0.27
lasting	-0.66	0.26
bare	-0.66	0.21
offensive	-0.66	0.14
crumpled	-0.66	0.17
juvenile	-0.65	0.17
makeshift	-0.65	0.20
akin	-0.65	0.15
young	-0.65	1.14
gaping	-0.65	0.15
crooked	-0.65	0.23
moody	-0.65	0.62
insistent	-0.65	0.23
sleepy	-0.65	0.74
awkward	-0.64	0.58
vivid	-0.64	0.33
unaware	-0.63	0.36
distorted	-0.63	0.19
menacing	-0.62	0.25
poorest	-0.62	1.42
howling	-0.61	0.14
hoarse	-0.61	0.43
triple	-0.61	0.24
urgent	-0.61	0.17
shattering	-0.61	0.28
rebellious	-0.61	0.39
ordinary	-0.61	0.28
excessive	-0.61	0.12
perpetual	-0.61	0.29
intense	-0.61	0.19
explosive	-0.60	0.24
aggressive	-0.60	0.13
southeastern	-0.60	0.14
careless	-0.60	0.20
ferocious	-0.60	0.16
unthinkable	-0.59	0.18
rampant	-0.59	0.20
maternal	-0.58	0.14
successive	-0.58	0.23
palpable	-0.58	0.14
rotting	-0.58	0.26
distant	-0.58	0.30
asleep	-0.57	0.56
grimy	-0.57	0.21
forbidding	-0.57	0.14
astonished	-0.57	0.85
serial	-0.56	0.18
ambiguous	-0.56	0.13
emotional	-0.56	0.17
dramatic	-0.56	0.36
questionable	-0.56	0.14
pediatric	-0.56	0.18
obscure	-0.56	0.14
ceremonial	-0.55	0.24
heightened	-0.55	0.14
childish	-0.55	0.31
costly	-0.55	0.25
brittle	-0.55	0.30
mysterious	-0.55	0.35
bankrupt	-0.54	0.12
meaningless	-0.54	0.19
pregnant	-0.54	0.42
hispanic	-0.54	0.63
mute	-0.54	0.26
ruthless	-0.53	0.24
mental	-0.53	0.10
amusing	-0.53	0.31
sticky	-0.53	0.29
temporary	-0.53	0.23
nazi	-0.53	0.14
inadequate	-0.53	0.15
isolated	-0.53	0.34
damaging	-0.53	0.14
overlapping	-0.53	0.15
parched	-0.53	0.19
hesitant	-0.52	0.56
familiar	-0.52	1.05
racial	-0.51	0.14
rhythmic	-0.51	0.28
dead	-0.51	0.37
greasy	-0.51	0.26
volatile	-0.51	0.24
tough	-0.51	0.83
negative	-0.51	0.24
varying	-0.50	0.19
submerged	-0.50	0.11
domestic	-0.50	0.15
skeptical	-0.50	0.68
dusty	-0.50	0.20
unclear	-0.50	0.21
rich	-0.49	1.10
midwestern	-0.49	0.25
dental	-0.49	0.14
unsuccessful	-0.49	0.11
appalled	-0.49	0.84
speechless	-0.49	0.69
widespread	-0.49	0.11
hardened	-0.49	0.16
virtual	-0.49	0.22
immune	-0.48	0.13
surprising	-0.48	0.40
conscious	-0.48	0.14
psychological	-0.48	0.14
unnoticed	-0.47	0.19
constant	-0.47	0.14
grizzly	-0.47	0.17
civil	-0.47	0.17
misleading	-0.47	0.18
urban	-0.47	0.52
unhealthy	-0.47	0.15
diplomatic	-0.47	0.18
dismal	-0.47	0.85
gradual	-0.47	0.17
nagging	-0.47	0.14
broken	-0.47	0.13
exaggerated	-0.47	0.19
needless	-0.46	0.20
solitary	-0.46	0.21
artificial	-0.46	0.13
stressful	-0.46	0.93
revolutionary	-0.46	0.20
problematic	-0.45	0.28
unexpected	-0.45	1.11
relentless	-0.45	0.12
capita	-0.45	0.31
similar	-0.45	0.22
nonexistent	-0.44	0.14
false	-0.44	0.17
distinct	-0.44	0.27
ironic	-0.44	0.24
biological	-0.44	0.15
eccentric	-0.43	0.18
undercover	-0.43	0.17
obsessed	-0.43	0.44
daily	-0.43	0.17
estimated	-0.43	0.30
demographic	-0.43	0.21
obsolete	-0.43	0.13
unconscious	-0.43	0.26
guiding	-0.43	0.17
lengthy	-0.43	0.29
obvious	-0.43	0.19
unknown	-0.42	0.18
fierce	-0.42	0.17
rude	-0.42	0.90
wary	-0.42	0.95
operational	-0.42	0.16
startling	-0.42	0.39
indigenous	-0.42	0.33
assorted	-0.42	0.19
airborne	-0.42	0.11
infinite	-0.42	0.24
lifeless	-0.41	0.20
reluctant	-0.41	0.65
audible	-0.41	0.24
charred	-0.41	0.17
distinctive	-0.40	0.32
oblivious	-0.40	0.46
pure	-0.40	0.19
cherished	-0.40	0.77
phantom	-0.40	0.08
liable	-0.40	0.24
common	-0.40	0.22
steamy	-0.40	0.34
accountable	-0.40	0.15
pained	-0.40	0.75
cherokee	-0.40	0.13
flimsy	-0.40	0.17
infamous	-0.39	0.13
blurry	-0.39	0.28
probable	-0.39	0.12
mating	-0.39	0.17
busy	-0.39	0.36
weaker	-0.39	0.45
permanent	-0.39	0.21
defensive	-0.39	0.16
genetic	-0.39	0.14
aware	-0.38	0.65
internal	-0.38	0.13
darkest	-0.38	0.17
african	-0.38	0.41
plain	-0.38	0.18
thriving	-0.37	0.31
complicated	-0.37	0.34
volcanic	-0.37	0.18
iraqi	-0.37	0.14
involved	-0.37	0.29
longest	-0.37	0.30
rough	-0.36	0.23
uneven	-0.36	0.14
affirmative	-0.36	0.12
industrialized	-0.36	0.32
present	-0.36	0.20
concerned	-0.36	1.35
newborn	-0.36	0.26
universal	-0.36	0.15
prevalent	-0.36	0.10
introductory	-0.36	0.13
corporate	-0.35	0.16
cardboard	-0.35	0.20
blackened	-0.35	0.16
sour	-0.35	0.37
independent	-0.35	0.13
stark	-0.35	0.17
shrill	-0.35	0.19
burnt	-0.35	0.28
federal	-0.34	0.15
abnormal	-0.34	0.11
curious	-0.34	0.76
unspoken	-0.34	0.12
interstate	-0.34	0.08
verbal	-0.34	0.11
premature	-0.34	0.16
victorious	-0.34	0.22
irregular	-0.34	0.19
microscopic	-0.34	0.19
notorious	-0.34	0.12
medical	-0.34	0.07
turbulent	-0.34	0.16
territorial	-0.33	0.07
bodily	-0.33	0.16
residential	-0.33	0.29
progressive	-0.33	0.12
soggy	-0.33	0.15
total	-0.33	0.31
financial	-0.33	0.16
pending	-0.33	0.12
explicit	-0.33	0.20
covert	-0.33	0.17
industrial	-0.33	0.18
amused	-0.33	0.95
soviet	-0.33	0.11
frayed	-0.32	0.18
subjective	-0.32	0.16
identical	-0.32	0.11
ecological	-0.32	0.20
devoid	-0.32	0.17
blinding	-0.32	0.13
reproductive	-0.32	0.16
partisan	-0.32	0.13
molecular	-0.32	0.12
corresponding	-0.31	0.15
piercing	-0.31	0.21
segregated	-0.31	0.32
lame	-0.31	1.02
unused	-0.31	0.16
feral	-0.31	0.22
enduring	-0.31	0.16
integral	-0.31	0.16
judicial	-0.31	0.19
external	-0.31	0.08
lateral	-0.30	0.18
vacant	-0.30	0.32
governing	-0.30	0.19
certain	-0.30	0.29
multiple	-0.30	0.20
civilian	-0.30	0.18
brooding	-0.30	0.49
horizontal	-0.30	0.15
eastern	-0.30	0.35
behavioral	-0.30	0.07
old	-0.30	0.24
alternate	-0.30	0.14
silent	-0.30	0.32
governmental	-0.30	0.16
swollen	-0.29	0.26
unfinished	-0.29	0.19
spiritual	-0.29	0.34
lesbian	-0.29	0.24
gloomy	-0.29	0.24
rapid	-0.29	0.17
initial	-0.29	0.30
developmental	-0.29	0.05
stubborn	-0.29	0.30
islamic	-0.29	0.28
compressed	-0.29	0.11
excited	-0.29	1.25
unwanted	-0.29	0.13
commonplace	-0.29	0.25
gay	-0.29	0.26
blank	-0.29	0.26
accompanying	-0.28	0.15
concrete	-0.28	0.20
insufficient	-0.28	0.18
warped	-0.28	0.15
atomic	-0.28	0.15
quarterly	-0.28	0.27
frontal	-0.28	0.11
collective	-0.28	0.10
intriguing	-0.28	0.40
communist	-0.28	0.16
apparent	-0.28	0.15
capitalist	-0.27	0.10
physical	-0.27	0.14
faint	-0.27	0.36
anonymous	-0.27	0.14
recent	-0.27	0.17
multinational	-0.27	0.13
slippery	-0.27	0.18
cubic	-0.26	0.11
ethnic	-0.26	0.21
potent	-0.26	0.18
cosmic	-0.26	0.23
sharp	-0.26	0.19
defiant	-0.26	0.59
intensive	-0.26	0.12
rare	-0.26	0.31
social	-0.26	0.16
environmental	-0.26	0.18
dented	-0.26	0.22
ole	-0.26	0.30
neural	-0.26	0.10
rival	-0.26	0.16
pharmaceutical	-0.25	0.10
booming	-0.25	0.22
pakistani	-0.25	0.24
inflated	-0.25	0.16
various	-0.25	0.20
allergic	-0.25	0.13
mandatory	-0.25	0.08
psychiatric	-0.25	0.16
legal	-0.25	0.16
gravitational	-0.24	0.13
inner	-0.24	0.18
managing	-0.24	0.10
muddy	-0.24	0.22
inherent	-0.24	0.20
ballistic	-0.24	0.11
linguistic	-0.24	0.10
oral	-0.24	0.08
nuclear	-0.24	0.15
unofficial	-0.24	0.23
physiological	-0.24	0.09
upstate	-0.24	0.34
arab	-0.24	0.30
technological	-0.23	0.07
vietnamese	-0.23	0.28
metropolitan	-0.23	0.29
limp	-0.23	0.26
statistical	-0.23	0.17
barbed	-0.23	0.15
breathless	-0.23	0.50
underlying	-0.23	0.14
sexual	-0.23	0.10
jagged	-0.23	0.17
limited	-0.23	1.06
endangered	-0.22	0.09
diagnostic	-0.22	0.13
native	-0.22	0.29
preformatted	-0.22	0.13
indonesian	-0.22	0.15
military	-0.22	0.11
lifelong	-0.22	0.12
evolutionary	-0.22	0.13
flipping	-0.21	0.15
tidal	-0.21	0.10
predictable	-0.21	0.16
literal	-0.21	0.22
prevailing	-0.21	0.14
nonprofit	-0.21	0.16
darkening	-0.21	0.14
respective	-0.21	0.18
remote	-0.21	0.35
brief	-0.21	0.19
raucous	-0.21	0.23
mystic	-0.20	0.19
local	-0.20	0.14
bureaucratic	-0.20	0.13
overwhelming	-0.20	0.29
toughest	-0.20	0.36
watchful	-0.20	0.36
static	-0.20	0.16
genital	-0.20	0.15
southwestern	-0.20	0.22
challenging	-0.20	0.34
dim	-0.20	0.14
louder	-0.20	0.37
lowest	-0.20	0.29
electoral	-0.19	0.16
humanitarian	-0.19	0.14
inc	-0.19	0.11
moral	-0.19	0.26
maritime	-0.19	0.11
dull	-0.19	0.20
shadowy	-0.19	0.10
intimidating	-0.19	0.22
unmanned	-0.19	0.11
smug	-0.19	0.51
korean	-0.19	0.16
sloppy	-0.18	0.32
little	-0.18	1.06
darkened	-0.18	0.11
major	-0.18	0.29
sentimental	-0.18	0.27
infrared	-0.18	0.09
socialist	-0.18	0.18
entrenched	-0.18	0.10
founding	-0.18	0.14
tribal	-0.18	0.26
separate	-0.18	0.17
fictional	-0.18	0.21
mainstream	-0.18	0.09
allied	-0.17	0.07
additional	-0.17	0.19
spanish	-0.17	0.24
mocking	-0.17	0.23
institutional	-0.17	0.13
international	-0.17	0.11
new	-0.17	0.15
tabloid	-0.17	0.14
surprised	-0.17	0.95
naval	-0.16	0.15
constitutional	-0.16	0.14
cognitive	-0.16	0.11
geological	-0.16	0.17
municipal	-0.16	0.15
numerous	-0.16	0.22
societal	-0.16	0.13
strategic	-0.16	0.10
daunting	-0.16	0.23
dashing	-0.16	0.16
tactical	-0.16	0.07
residual	-0.16	0.13
continuous	-0.16	0.14
inferior	-0.16	0.15
temporal	-0.16	0.13
fledgling	-0.16	0.14
conspicuous	-0.16	0.20
manifest	-0.16	0.13
astonishing	-0.16	0.39
exciting	-0.16	0.44
diverse	-0.16	0.25
lone	-0.15	0.19
regional	-0.15	0.11
ailing	-0.15	0.19
rhetorical	-0.15	0.17
general	-0.15	0.11
definite	-0.15	0.23
administrative	-0.15	0.13
ubiquitous	-0.15	0.22
extravagant	-0.15	0.15
protective	-0.15	0.16
alcoholic	-0.15	0.27
gritty	-0.15	0.17
implicit	-0.15	0.12
muffled	-0.15	0.35
damn	-0.15	1.09
marine	-0.15	0.22
advancing	-0.15	0.16
actual	-0.15	0.15
empirical	-0.14	0.11
clinical	-0.14	0.06
experimental	-0.14	0.11
eventual	-0.14	0.26
political	-0.14	0.11
facial	-0.14	0.23
forensic	-0.14	0.13
monthly	-0.14	0.22
crowded	-0.14	0.19
onstage	-0.14	0.09
past	-0.14	0.17
captive	-0.14	0.16
afghan	-0.14	0.14
difficult	-0.14	0.37
declining	-0.13	0.20
varied	-0.13	0.18
plausible	-0.13	0.19
rigid	-0.13	0.37
potential	-0.13	0.33
spatial	-0.13	0.08
hairy	-0.13	0.35
nationalist	-0.13	0.14
mexican	-0.13	0.28
latin	-0.13	0.27
legislative	-0.13	0.09
unwilling	-0.13	0.31
uncanny	-0.13	0.36
ultimate	-0.12	0.37
deepest	-0.12	0.17
logical	-0.12	0.18
northwestern	-0.12	0.20
oily	-0.12	0.27
agricultural	-0.12	0.19
minimal	-0.12	0.24
automated	-0.12	0.12
barefoot	-0.12	0.20
current	-0.12	0.11
congressional	-0.12	0.14
innate	-0.12	0.27
global	-0.12	0.13
murky	-0.12	0.19
fluorescent	-0.12	0.13
poignant	-0.12	0.26
occupational	-0.12	0.12
acceptable	-0.12	0.18
rubber	-0.12	0.17
civic	-0.11	0.18
senior	-0.11	0.10
armored	-0.11	0.13
battered	-0.11	0.20
individual	-0.11	0.20
southern	-0.11	0.35
geographic	-0.11	0.12
investigative	-0.11	0.22
statewide	-0.11	0.22
hind	-0.11	0.17
ideological	-0.11	0.10
visual	-0.11	0.09
hazy	-0.11	0.15
cultural	-0.11	0.13
cautious	-0.11	0.46
noticeable	-0.10	0.17
manned	-0.10	0.07
ongoing	-0.10	0.14
lunar	-0.10	0.11
visible	-0.10	0.09
operative	-0.10	0.13
specific	-0.10	0.25
intuitive	-0.10	0.21
embryonic	-0.09	0.18
staggering	-0.09	0.29
legitimate	-0.09	0.24
central	-0.09	0.17
marginal	-0.09	0.26
economic	-0.09	0.14
grazing	-0.09	0.16
ethical	-0.09	0.15
functional	-0.09	0.08
raw	-0.09	0.14
imperial	-0.09	0.27
rocky	-0.09	0.11
abstract	-0.09	0.13
ambitious	-0.09	0.19
ottoman	-0.09	0.18
stony	-0.08	0.18
probing	-0.08	0.20
geographical	-0.08	0.11
regulatory	-0.08	0.09
deserted	-0.08	0.18
northern	-0.08	0.21
canine	-0.08	0.11
retrospective	-0.08	0.15
smartest	-0.08	0.26
postal	-0.08	0.11
mechanical	-0.08	0.18
imaginary	-0.08	0.15
significant	-0.08	0.29
hollow	-0.07	0.17
rusted	-0.07	0.08
feminist	-0.07	0.13
muted	-0.07	0.25
earnest	-0.07	0.26
burgeoning	-0.07	0.11
prosperous	-0.07	0.49
cellular	-0.07	0.14
monetary	-0.06	0.16
scientific	-0.06	0.09
interpretive	-0.06	0.14
official	-0.06	0.10
sloping	-0.06	0.14
chipped	-0.06	0.14
wild	-0.06	0.16
organizational	-0.06	0.14
peripheral	-0.06	0.23
existing	-0.06	0.11
dwindling	-0.06	0.13
continental	-0.05	0.09
descriptive	-0.05	0.09
symbolic	-0.05	0.08
digital	-0.05	0.12
dual	-0.05	0.20
largest	-0.05	0.17
weekly	-0.05	0.13
fundamental	-0.05	0.24
indian	-0.05	0.20
giant	-0.05	0.23
foreign	-0.05	0.13
chinese	-0.05	0.20
american	-0.05	0.17
preventive	-0.05	0.08
wrong	-0.05	1.08
audio	-0.04	0.09
funny	-0.04	0.94
incapable	-0.04	0.22
certified	-0.04	0.11
asian	-0.04	0.26
centennial	-0.04	0.16
uniformed	-0.04	0.12
special	-0.04	0.33
substantial	-0.04	0.32
downtown	-0.04	0.20
particular	-0.03	0.22
interim	-0.03	0.20
clandestine	-0.03	0.09
nearest	-0.03	0.12
advisory	-0.03	0.09
freezing	-0.03	0.32
provocative	-0.03	0.16
muslim	-0.03	0.26
postwar	-0.03	0.10
elementary	-0.03	0.08
radical	-0.03	0.15
disappointing	-0.03	0.79
cuban	-0.03	0.14
hushed	-0.03	0.37
palestinian	-0.02	0.20
cramped	-0.02	0.21
wholesale	-0.02	0.13
tangible	-0.02	0.18
richest	-0.02	0.47
incoming	-0.02	0.09
commercial	-0.02	0.18
wry	-0.02	0.33
educational	-0.02	0.11
offshore	-0.01	0.15
revolving	-0.01	0.17
electric	-0.01	0.14
prudent	-0.01	0.19
previous	-0.01	0.16
succeeding	-0.01	0.16
european	-0.01	0.18
thermal	-0.01	0.06
iranian	-0.01	0.14
militant	-0.01	0.22
homosexual	-0.01	0.12
hebrew	-0.01	0.18
intellectual	-0.00	0.12
academic	-0.00	0.09
parallel	-0.00	0.07
western	-0.00	0.15
animated	-0.00	0.18
vice	-0.00	0.11
periodic	0.00	0.14
paved	0.00	0.14
rainy	0.00	0.39
icy	0.00	0.36
electronic	0.00	0.14
scant	0.00	0.16
selective	0.00	0.18
emory	0.00	0.16
entrepreneurial	0.00	0.14
secondary	0.00	0.14
quirky	0.01	0.37
annual	0.01	0.27
poetic	0.01	0.19
public	0.01	0.14
aged	0.01	0.34
nightly	0.01	0.12
orbital	0.01	0.09
russian	0.01	0.14
turkish	0.01	0.17
personal	0.01	0.22
other	0.01	0.25
penetrating	0.01	0.18
conventional	0.01	0.10
adept	0.01	0.26
slightest	0.01	0.24
polar	0.01	0.07
earliest	0.01	0.18
outer	0.02	0.09
therapeutic	0.02	0.14
robotic	0.02	0.11
mediterranean	0.02	0.14
elusive	0.02	0.19
credible	0.02	0.14
strict	0.02	0.11
relative	0.02	0.21
pagan	0.02	0.20
coherent	0.02	0.12
partial	0.02	0.22
regular	0.02	0.08
chief	0.02	0.12
bustling	0.02	0.29
israeli	0.03	0.22
sustainable	0.03	0.12
ghostly	0.03	0.21
suburban	0.03	0.31
sacred	0.03	0.24
historical	0.03	0.10
specialized	0.03	0.14
irish	0.03	0.28
philosophical	0.03	0.09
magnetic	0.03	0.13
sassy	0.03	0.19
neutral	0.03	0.18
cold	0.03	0.37
unified	0.03	0.15
pro	0.03	0.21
average	0.03	0.28
female	0.03	0.25
hardest	0.03	0.39
influential	0.04	0.23
erotic	0.04	0.20
layered	0.04	0.19
licensed	0.04	0.04
endless	0.04	0.17
barren	0.04	0.16
waning	0.04	0.13
designated	0.04	0.12
brazilian	0.04	0.22
jewish	0.04	0.25
conceptual	0.04	0.08
leafy	0.04	0.25
tricky	0.04	0.92
double	0.04	0.29
insulated	0.04	0.18
definitive	0.04	0.19
decisive	0.05	0.15
comparative	0.05	0.07
nearby	0.05	0.14
deliberate	0.05	0.19
outspoken	0.05	0.17
buddhist	0.05	0.15
sterile	0.05	0.16
adolescent	0.05	0.14
interested	0.05	0.66
biblical	0.05	0.26
winding	0.05	0.20
aesthetic	0.05	0.11
presidential	0.05	0.11
coastal	0.05	0.18
planetary	0.05	0.11
arctic	0.05	0.14
sharper	0.05	0.39
junior	0.05	0.17
crumbling	0.05	0.17
basic	0.06	0.22
wrinkled	0.06	0.22
japanese	0.06	0.16
responsible	0.06	0.28
preliminary	0.06	0.16
flickering	0.06	0.18
hilarious	0.06	0.27
alternating	0.06	0.12
sporting	0.06	0.18
fiscal	0.06	0.24
oldest	0.06	0.18
underground	0.06	0.14
advanced	0.07	0.12
associate	0.07	0.12
imposing	0.07	0.23
systematic	0.07	0.11
successful	0.07	0.21
shady	0.07	0.14
positive	0.07	0.27
teenage	0.07	0.32
spare	0.07	0.11
liberal	0.07	0.13
televised	0.07	0.11
technical	0.07	0.11
countless	0.07	0.17
elevated	0.07	0.06
somber	0.08	0.46
veteran	0.08	0.09
cheap	0.08	0.16
absent	0.08	0.24
retail	0.08	0.19
direct	0.08	0.19
photographic	0.08	0.14
keen	0.08	0.32
formidable	0.08	0.14
greatest	0.09	0.38
professional	0.09	0.17
frozen	0.09	0.20
democratic	0.09	0.11
elaborate	0.09	0.17
modern	0.09	0.14
tracking	0.09	0.11
righteous	0.09	0.19
gifted	0.09	0.14
scarce	0.09	0.10
extinct	0.09	0.16
valid	0.09	0.16
consulting	0.09	0.08
triumphant	0.09	0.45
compelling	0.09	0.33
prominent	0.09	0.27
shiite	0.09	0.20
analytical	0.09	0.08
complex	0.10	0.24
privileged	0.10	1.25
timid	0.10	0.35
older	0.10	0.31
botanical	0.10	0.18
outermost	0.10	1.05
upper	0.10	0.09
disposable	0.10	0.17
desolate	0.10	0.16
singular	0.10	0.26
surviving	0.10	0.09
snowy	0.10	0.27
imaginative	0.10	0.15
secular	0.11	0.17
linear	0.11	0.07
empty	0.11	0.15
outstretched	0.11	0.27
monumental	0.11	0.18
intricate	0.11	0.19
danish	0.11	0.14
ardent	0.11	0.21
premier	0.11	0.22
narrow	0.11	0.11
beloved	0.11	0.22
lighted	0.11	0.10
mottled	0.11	0.20
theoretical	0.11	0.09
parental	0.12	0.14
passive	0.12	0.19
perennial	0.12	0.10
unlimited	0.12	0.27
farthest	0.12	0.13
astronomical	0.12	0.15
consecutive	0.12	0.26
religious	0.12	0.19
provincial	0.12	0.11
male	0.12	0.24
longtime	0.12	0.11
communal	0.12	0.11
controversial	0.12	0.26
stormy	0.12	0.45
atmospheric	0.12	0.10
austrian	0.12	0.15
wet	0.13	0.28
frail	0.13	0.49
italian	0.13	0.28
tremendous	0.13	0.31
english	0.13	0.18
pious	0.13	0.20
relevant	0.13	0.24
innovative	0.13	0.16
medieval	0.13	0.19
honorable	0.13	0.14
opposing	0.13	0.12
entire	0.13	0.25
detailed	0.13	0.11
greek	0.14	0.16
furry	0.14	0.27
commanding	0.14	0.06
rumpled	0.14	0.26
circular	0.14	0.23
fond	0.14	1.03
clearer	0.14	0.45
mathematical	0.14	0.10
egyptian	0.14	0.16
sly	0.14	0.25
unchanged	0.14	0.18
crucial	0.14	0.23
broadband	0.15	0.09
damp	0.15	0.28
rickety	0.15	0.10
fertile	0.15	0.18
literary	0.15	0.12
standardized	0.15	0.10
persian	0.15	0.15
german	0.15	0.19
elastic	0.16	0.16
richer	0.16	0.30
voluntary	0.16	0.08
wooden	0.16	0.15
incomplete	0.16	0.17
vertical	0.16	0.18
unmarried	0.16	0.38
massive	0.16	0.25
weathered	0.16	0.18
prized	0.16	0.10
broader	0.16	0.11
stiff	0.16	0.31
youngest	0.17	0.25
inaugural	0.17	0.12
solar	0.17	0.09
supreme	0.17	0.21
understandable	0.17	0.17
steep	0.17	0.13
focal	0.17	0.12
fearless	0.17	0.19
organic	0.17	0.08
waxed	0.17	0.08
lucrative	0.17	0.15
marital	0.17	0.14
khaki	0.17	0.20
british	0.17	0.18
immense	0.17	0.26
swiss	0.18	0.15
dense	0.18	0.24
maximum	0.18	0.31
scholarly	0.18	0.16
canadian	0.18	0.15
unique	0.18	0.35
gnarled	0.18	0.29
mutual	0.18	0.16
swift	0.18	0.26
equal	0.19	0.34
seasoned	0.19	0.13
hooded	0.19	0.22
private	0.19	0.15
metallic	0.19	0.21
instrumental	0.19	0.23
meticulous	0.19	0.11
increasing	0.19	0.30
key	0.19	0.24
capable	0.19	0.14
fortified	0.20	0.08
fancy	0.20	0.35
epic	0.20	0.18
brighter	0.20	0.35
paramount	0.20	0.19
daring	0.20	0.15
free	0.20	0.19
extra	0.20	0.23
impossible	0.20	0.33
normal	0.20	0.15
biggest	0.20	0.45
salty	0.20	0.34
alpine	0.20	0.15
vast	0.21	0.17
greater	0.21	0.35
caribbean	0.21	0.15
glazed	0.21	0.19
avid	0.21	0.21
ancient	0.21	0.14
rational	0.21	0.14
interactive	0.21	0.18
national	0.21	0.12
sensible	0.21	0.18
amazed	0.21	0.67
sparse	0.21	0.20
hard	0.22	0.94
subtle	0.22	0.27
opaque	0.22	0.13
developing	0.22	0.09
czech	0.22	0.10
characteristic	0.22	0.18
humble	0.22	0.21
desirable	0.22	0.19
classical	0.22	0.10
profitable	0.22	0.14
artistic	0.23	0.12
revised	0.23	0.15
smallest	0.23	0.16
primary	0.23	0.19
shy	0.23	0.59
usual	0.23	0.38
shallow	0.23	0.13
integrated	0.23	0.12
creative	0.23	0.13
yearly	0.23	0.15
enormous	0.23	0.28
excess	0.24	0.08
int	0.24	0.15
roman	0.24	0.20
colorful	0.24	0.13
practical	0.24	0.13
preschool	0.24	0.09
expensive	0.24	0.17
charitable	0.24	0.15
dominant	0.24	0.13
notable	0.24	0.31
curt	0.24	0.45
online	0.25	0.14
likely	0.25	0.29
comprehensive	0.25	0.08
runaway	0.25	0.19
hawaiian	0.25	0.20
watery	0.25	0.13
modified	0.25	0.17
sprawling	0.25	0.16
higher	0.25	0.19
true	0.25	1.11
noble	0.26	0.25
wider	0.26	0.18
main	0.26	0.11
martial	0.26	0.13
toasted	0.26	0.14
overgrown	0.26	0.17
tangled	0.26	0.20
wiser	0.26	0.40
younger	0.26	0.28
theatrical	0.26	0.10
optical	0.26	0.11
flaming	0.27	0.18
conservative	0.27	0.14
unmarked	0.27	0.18
sizable	0.27	0.30
famous	0.27	0.23
french	0.27	0.19
close	0.28	0.25
handheld	0.28	0.05
holy	0.28	0.36
nostalgic	0.28	0.66
colonial	0.28	0.13
paternal	0.28	0.27
extensive	0.28	0.09
alert	0.28	0.26
shredded	0.28	0.15
legendary	0.28	0.19
skilled	0.28	0.12
comic	0.29	0.25
indoor	0.29	0.12
visionary	0.29	0.11
synthetic	0.29	0.13
traditional	0.29	0.17
cavernous	0.29	0.13
heady	0.29	0.29
oversized	0.29	0.19
pioneering	0.29	0.12
sophisticated	0.29	0.18
savvy	0.29	0.19
tighter	0.29	0.24
chilly	0.29	0.41
quieter	0.29	0.36
critical	0.29	0.22
masculine	0.30	0.18
renewed	0.30	0.24
deceased	0.30	0.24
newer	0.30	0.09
milky	0.30	0.12
irresistible	0.30	0.23
inclined	0.30	0.27
goofy	0.30	0.38
scrawny	0.30	0.29
competitive	0.30	0.16
hotter	0.31	0.33
genuine	0.31	0.27
coordinated	0.31	0.08
hot	0.31	0.26
leftover	0.31	0.25
tougher	0.31	0.40
careful	0.31	0.18
sober	0.31	0.55
frigid	0.31	0.44
seasonal	0.31	0.15
famed	0.31	0.07
meager	0.31	0.16
aerobic	0.32	0.10
simpler	0.32	0.40
courageous	0.32	0.20
historic	0.32	0.12
eldest	0.32	0.32
mammoth	0.32	0.12
dreamy	0.32	0.44
happier	0.32	1.22
indispensable	0.32	0.19
noisy	0.32	0.81
sensitive	0.32	0.32
puffy	0.33	0.26
customary	0.33	0.09
mobile	0.33	0.13
original	0.33	0.18
big	0.33	1.04
newfound	0.33	0.21
cloudy	0.34	0.36
musical	0.34	0.17
renewable	0.34	0.11
sunken	0.34	0.23
exclusive	0.34	0.11
phenomenal	0.34	1.15
renowned	0.34	0.14
untouched	0.34	0.29
slower	0.34	0.22
archaeological	0.34	0.16
comparable	0.34	0.27
iced	0.35	0.24
brave	0.35	0.19
generic	0.35	0.12
sweeping	0.35	0.18
real	0.35	1.10
mid	0.35	0.23
cluttered	0.35	0.12
oriental	0.35	0.23
swedish	0.35	0.14
willing	0.35	0.35
minimum	0.35	0.19
knowledgeable	0.35	0.30
beaded	0.35	0.27
darker	0.35	0.29
slick	0.35	0.19
considerable	0.36	0.33
lower	0.36	0.23
newest	0.36	0.19
rectangular	0.36	0.23
beneficial	0.36	0.25
mischievous	0.36	0.39
upcoming	0.36	0.15
saturated	0.37	0.12
miraculous	0.37	0.69
larger	0.37	0.25
warmer	0.37	0.33
secret	0.37	0.29
eager	0.37	0.46
closest	0.37	0.14
heavier	0.37	0.35
thinner	0.37	0.34
hottest	0.37	0.22
flowering	0.38	0.26
portable	0.38	0.08
grammy	0.38	0.24
dynamic	0.38	0.11
skinny	0.38	0.44
nutritional	0.38	0.19
highest	0.38	0.31
inspiring	0.38	0.38
mighty	0.38	1.15
recycled	0.38	0.16
convincing	0.39	0.13
rugged	0.39	0.22
bigger	0.39	0.35
humid	0.39	0.34
indirect	0.39	0.12
oversize	0.39	0.20
pleased	0.39	1.13
instructional	0.39	0.15
speedy	0.39	0.14
early	0.39	0.27
parmesan	0.39	0.17
smaller	0.40	0.26
patriotic	0.40	0.19
wooded	0.40	0.21
pastoral	0.40	0.29
tinted	0.40	0.15
thicker	0.40	0.30
sheer	0.40	0.34
sympathetic	0.40	0.34
open	0.40	0.16
tame	0.40	0.16
smarter	0.40	0.37
dietary	0.40	0.18
shorter	0.41	0.32
select	0.41	0.22
dry	0.41	0.26
manicured	0.41	0.19
celestial	0.41	0.19
high	0.41	0.18
informal	0.41	0.15
bold	0.41	0.15
civilized	0.41	0.24
elian	0.41	0.16
aspiring	0.41	0.21
sufficient	0.41	0.23
unfamiliar	0.41	0.98
heated	0.42	0.24
prestigious	0.42	0.24
dried	0.42	0.18
promising	0.42	0.20
disciplined	0.42	0.14
huge	0.42	0.28
passionate	0.43	0.18
transparent	0.43	0.15
vaulted	0.43	0.13
herbal	0.43	0.12
funky	0.43	0.25
adjacent	0.43	0.11
soy	0.43	0.14
large	0.43	0.26
mock	0.43	0.17
vital	0.43	0.24
lighter	0.43	0.35
stronger	0.44	0.37
loose	0.44	0.23
brightest	0.44	0.21
typical	0.44	0.13
talented	0.44	0.25
fastest	0.44	0.24
simplest	0.44	0.19
foremost	0.44	0.21
grassy	0.44	0.20
royal	0.44	0.20
late	0.44	0.26
orthodox	0.45	0.33
valuable	0.45	0.30
timeless	0.45	0.11
fantastic	0.45	0.32
low	0.45	0.09
overweight	0.45	0.41
adjoining	0.46	0.12
collegiate	0.46	0.21
prospective	0.46	0.12
possible	0.46	0.38
latest	0.46	0.22
bearded	0.47	0.43
moderate	0.47	0.13
fresh	0.47	0.19
remaining	0.47	0.14
pastel	0.47	0.15
alternative	0.47	0.12
miniature	0.47	0.18
flat	0.48	0.22
soaring	0.48	0.19
faithful	0.48	0.39
distinguished	0.49	0.16
gilded	0.49	0.17
olive	0.49	0.13
baggy	0.49	0.24
optional	0.49	0.14
acclaimed	0.49	0.18
steaming	0.49	0.16
chevy	0.49	0.17
theological	0.50	0.35
cheaper	0.50	0.21
hybrid	0.50	0.06
adequate	0.50	0.19
devout	0.50	0.27
taller	0.50	0.22
episcopal	0.50	0.39
standard	0.51	0.27
hefty	0.51	0.16
budding	0.51	0.18
trendy	0.51	0.13
easiest	0.51	0.41
misty	0.51	0.27
squat	0.51	0.19
tallest	0.52	0.10
educated	0.52	0.35
formal	0.52	0.21
consistent	0.52	0.19
scottish	0.52	0.18
healthier	0.52	0.35
embroidered	0.52	0.19
pragmatic	0.53	0.12
collaborative	0.53	0.17
synchronized	0.53	0.17
effective	0.53	0.20
venerable	0.53	0.10
grand	0.53	0.14
ceramic	0.53	0.14
expressive	0.53	0.17
ornate	0.54	0.19
quaint	0.54	0.15
stainless	0.54	0.13
almighty	0.54	1.25
christian	0.54	0.38
viable	0.54	0.21
softer	0.54	0.27
affordable	0.55	0.19
solemn	0.55	0.37
heavy	0.55	0.16
small	0.55	0.26
available	0.55	0.21
folding	0.55	0.12
authentic	0.56	0.13
husky	0.56	0.31
protestant	0.56	0.38
thorough	0.56	0.11
shimmering	0.56	0.24
fluffy	0.56	0.23
humane	0.56	0.11
productive	0.56	0.21
colder	0.57	0.35
flexible	0.57	0.16
catholic	0.57	0.39
soothing	0.57	0.37
silvery	0.57	0.28
dutch	0.57	0.27
abs	0.58	0.15
lofty	0.58	0.13
indigo	0.58	0.18
fleshy	0.58	0.26
evangelical	0.58	0.38
olympic	0.58	0.21
matching	0.58	0.19
majestic	0.59	0.28
wide	0.59	0.22
expansive	0.59	0.20
hopeful	0.59	1.05
towering	0.59	0.22
canned	0.59	0.19
maroon	0.60	0.19
coarse	0.60	0.21
appropriate	0.60	0.21
mormon	0.60	0.34
architectural	0.61	0.20
slow	0.61	0.22
clear	0.61	0.18
colored	0.61	0.17
beige	0.61	0.22
mashed	0.61	0.18
fashionable	0.61	0.16
lutheran	0.61	0.36
memorable	0.61	0.32
orange	0.61	0.19
broad	0.62	0.28
powdered	0.62	0.23
modest	0.62	0.15
picturesque	0.62	0.17
pricey	0.63	0.13
easier	0.63	0.39
shabby	0.63	0.21
spontaneous	0.63	0.17
diminutive	0.63	0.22
active	0.63	0.32
charismatic	0.63	0.16
tropical	0.63	0.22
reasonable	0.64	0.21
crimson	0.64	0.26
worthwhile	0.64	0.29
mature	0.64	0.18
delighted	0.64	1.02
encouraging	0.65	0.27
meaningful	0.65	0.24
bulky	0.65	0.17
necessary	0.65	0.29
reflective	0.65	0.20
heavenly	0.65	1.18
erect	0.65	0.22
padded	0.65	0.17
favorable	0.66	0.72
culinary	0.66	0.22
tentative	0.66	0.24
contemporary	0.66	0.10
accurate	0.67	0.17
handmade	0.67	0.16
chunky	0.67	0.15
polished	0.67	0.14
tidy	0.68	0.09
deep	0.68	0.16
popular	0.68	0.14
useful	0.68	0.29
vigorous	0.68	0.11
curved	0.68	0.24
essential	0.69	0.27
rambling	0.69	0.21
ecstatic	0.69	0.93
sorry	0.69	0.75
mini	0.69	0.10
bottled	0.69	0.23
quick	0.69	0.16
detached	0.70	0.43
tempting	0.70	0.72
confidential	0.70	0.13
radiant	0.70	0.25
exact	0.70	0.83
aft	0.71	0.16
scarlet	0.71	0.21
intact	0.71	0.18
luxury	0.72	0.14
dazzling	0.72	0.31
striped	0.72	0.17
efficient	0.72	0.10
boiling	0.72	0.16
cooperative	0.72	0.19
lacy	0.73	0.28
exotic	0.73	0.24
simple	0.73	0.16
black	0.73	0.28
thai	0.74	0.22
purple	0.74	0.22
extraordinary	0.74	0.40
slight	0.74	0.21
energetic	0.74	0.20
brisk	0.74	0.24
recognizable	0.75	0.85
compatible	0.75	0.14
glowing	0.75	0.25
precise	0.75	0.12
red	0.75	0.22
white	0.76	0.24
frosted	0.76	0.27
amber	0.76	0.22
fried	0.76	0.24
clever	0.76	0.67
floral	0.76	0.21
blue	0.76	0.22
tiny	0.77	0.26
straightforward	0.77	0.16
sensual	0.77	0.20
competent	0.77	0.14
vibrant	0.78	0.23
gothic	0.78	0.18
prickly	0.78	0.26
moist	0.78	0.27
glamorous	0.78	0.11
braided	0.79	0.32
bony	0.79	0.39
waterproof	0.79	0.24
glittering	0.79	0.19
fleeting	0.79	0.72
thin	0.79	0.32
thick	0.80	0.32
shiny	0.80	0.27
yellow	0.80	0.23
discreet	0.81	0.19
clean	0.81	0.17
vague	0.81	0.83
chubby	0.82	0.38
seductive	0.82	0.17
green	0.82	0.27
super	0.82	0.25
bald	0.82	0.37
burly	0.83	0.41
generous	0.83	0.24
feminine	0.83	0.14
abundant	0.83	0.16
outdoor	0.83	0.20
steady	0.83	0.15
rippling	0.84	0.27
victorian	0.84	0.24
smart	0.84	0.26
brilliant	0.85	0.21
safest	0.85	0.33
steamed	0.85	0.24
stunning	0.85	0.31
loyal	0.85	0.20
nude	0.85	0.81
long	0.85	0.34
safer	0.86	0.40
dignified	0.86	0.26
comforting	0.86	0.83
timely	0.87	0.19
eclectic	0.87	0.10
satisfied	0.87	0.96
worthy	0.87	0.33
gray	0.87	0.32
dark	0.88	0.32
respectful	0.88	0.36
thrilling	0.88	0.77
thoughtful	0.88	0.42
sane	0.89	0.23
spicy	0.89	0.25
alive	0.89	0.95
decorative	0.89	0.11
roasting	0.90	0.12
nicer	0.90	0.49
priceless	0.91	0.17
intimate	0.91	0.29
awesome	0.92	0.58
bleached	0.92	0.32
reminiscent	0.93	0.76
eligible	0.93	0.99
spirited	0.93	0.23
medium	0.93	0.22
unruly	0.94	0.32
lesser	0.94	0.87
multicultural	0.94	0.95
precious	0.94	0.18
apt	0.94	0.70
hazel	0.95	0.35
unlikely	0.95	0.68
snug	0.95	0.23
proud	0.95	0.87
benign	0.95	0.86
homemade	0.96	0.27
pale	0.96	0.32
balding	0.96	0.47
sheltered	0.96	0.16
grilled	0.96	0.25
automatic	0.97	0.85
compassionate	0.97	0.20
obese	0.97	0.94
superior	0.98	0.86
messy	0.98	0.70
intelligent	0.98	0.15
striking	0.98	0.79
antique	0.98	0.28
turquoise	0.99	0.20
sole	0.99	0.83
brown	1.00	0.36
lavish	1.00	0.10
pristine	1.00	0.22
vegetarian	1.01	0.18
carefree	1.01	0.72
lanky	1.01	0.47
supposed	1.01	1.04
earthy	1.01	0.23
translucent	1.02	0.34
shaggy	1.02	0.39
roasted	1.02	0.22
attentive	1.02	0.38
magnificent	1.02	0.29
compact	1.03	0.18
dear	1.03	0.83
rustic	1.03	0.16
lightweight	1.03	0.12
chic	1.03	0.17
responsive	1.03	0.15
finest	1.03	0.27
fragile	1.04	0.77
crisp	1.04	0.25
stable	1.04	0.22
creamy	1.04	0.23
realistic	1.05	0.74
curly	1.05	0.39
baked	1.05	0.22
durable	1.05	0.13
attractive	1.06	0.18
accessible	1.06	0.18
outgoing	1.06	0.23
bright	1.07	0.19
stocky	1.07	0.47
bland	1.07	0.84
spacious	1.07	0.15
smoky	1.08	0.79
sparkling	1.09	0.17
wee	1.10	0.63
complete	1.11	0.89
lucky	1.11	0.86
gleaming	1.11	0.30
luminous	1.12	0.25
tender	1.12	0.25
silky	1.12	0.38
structured	1.12	0.67
taut	1.13	0.41
wavy	1.13	0.41
stout	1.13	0.46
muscular	1.14	0.44
impressive	1.14	0.77
neat	1.14	0.19
athletic	1.14	0.31
reddish	1.14	0.39
enchanted	1.14	0.77
short	1.15	0.46
electrical	1.15	0.95
pink	1.16	0.33
tall	1.16	0.47
sure	1.16	1.01
married	1.16	0.79
reliable	1.17	0.21
wiry	1.17	0.42
juicy	1.17	0.21
sturdy	1.17	0.24
blond	1.19	0.44
cool	1.19	0.30
rewarding	1.19	0.59
plush	1.19	0.14
robust	1.19	0.16
golden	1.19	0.34
adorable	1.20	0.52
mild	1.20	0.80
windy	1.21	0.96
confident	1.22	0.26
fascinating	1.22	0.80
opposite	1.23	0.82
important	1.23	0.72
freckled	1.23	0.44
prime	1.23	0.87
inexpensive	1.24	0.16
ready	1.24	0.72
enthusiastic	1.26	0.82
boyish	1.26	0.36
luxurious	1.27	0.17
auburn	1.27	0.42
glossy	1.27	0.39
freshwater	1.27	0.86
splendid	1.27	0.60
outstanding	1.29	0.82
sculpted	1.29	0.34
sexy	1.30	0.26
proper	1.30	0.65
tanned	1.31	0.45
single	1.32	0.80
remarkable	1.32	0.74
calming	1.33	0.69
natural	1.33	0.81
blonde	1.33	0.52
admirable	1.35	0.76
composite	1.35	0.83
rear	1.35	0.81
angular	1.35	0.41
enlightened	1.35	0.71
final	1.35	0.78
scenic	1.37	0.75
joyous	1.37	0.80
darn	1.37	0.82
stylish	1.39	0.13
mediocre	1.39	0.62
leisurely	1.40	0.80
jolly	1.41	0.62
structural	1.41	0.86
helpful	1.41	0.63
playful	1.42	0.25
coveted	1.43	0.63
regal	1.43	0.65
sleek	1.44	0.30
optimistic	1.44	0.73
ripe	1.44	0.69
merry	1.44	0.75
handsome	1.45	0.41
cute	1.45	0.63
refined	1.47	0.73
australian	1.47	0.92
appealing	1.48	0.66
grey	1.48	0.99
baptist	1.50	1.01
optimal	1.51	0.66
sunny	1.52	0.89
great	1.53	0.75
placid	1.53	0.77
amateur	1.54	0.82
best	1.54	0.95
spectacular	1.55	0.68
entertaining	1.56	0.73
stellar	1.57	0.80
marvelous	1.58	0.61
honest	1.58	0.54
presbyterian	1.58	0.95
romantic	1.58	0.49
incredible	1.59	0.74
supportive	1.59	0.63
fatty	1.60	0.68
sweet	1.61	0.61
flattering	1.62	0.62
treasured	1.62	0.64
slender	1.64	0.52
full	1.64	0.81
healthy	1.65	0.69
methodist	1.65	0.94
glorious	1.65	0.53
quiet	1.66	0.80
safe	1.66	0.72
decent	1.67	0.74
favorite	1.68	0.58
airy	1.69	0.62
interesting	1.70	0.69
respectable	1.70	0.57
orderly	1.73	0.62
strong	1.73	0.58
sincere	1.74	0.53
superb	1.75	0.88
subdued	1.75	0.74
fair	1.76	1.12
casual	1.79	0.67
convenient	1.79	0.59
youthful	1.80	0.67
warm	1.80	0.73
grateful	1.81	0.81
stately	1.81	0.79
witty	1.82	0.55
forthcoming	1.82	0.77
versatile	1.84	0.60
fragrant	1.86	0.73
loving	1.86	0.59
lush	1.87	0.78
mellow	1.89	0.67
polite	1.90	0.69
friendly	1.92	0.64
soft	1.94	0.74
overall	1.95	0.77
oval	1.96	0.93
dearest	1.96	0.59
round	1.96	0.86
satisfying	1.97	0.56
smooth	1.98	0.79
graceful	1.99	0.75
affectionate	2.00	0.50
mindful	2.01	0.77
plump	2.04	0.89
classic	2.05	0.78
cozy	2.08	0.66
enjoyable	2.10	0.57
ideal	2.11	0.62
pleasing	2.13	0.60
slim	2.13	0.92
hearty	2.17	0.74
fabulous	2.17	0.51
glad	2.19	0.60
cheerful	2.19	0.61
delicious	2.20	0.62
thankful	2.20	0.69
peaceful	2.22	0.59
lively	2.25	0.53
solid	2.26	0.67
exceptional	2.26	0.80
happiest	2.28	0.54
handy	2.28	0.62
elegant	2.30	0.69
flawless	2.31	0.87
nice	2.33	0.52
gentle	2.36	0.65
petite	2.36	0.88
suitable	2.38	0.72
comfortable	2.38	0.61
refreshing	2.38	0.69
terrific	2.39	0.63
welcoming	2.41	0.53
exquisite	2.48	0.62
tasty	2.52	0.55
easy	2.52	0.38
gracious	2.52	0.49
charming	2.53	0.50
joyful	2.64	0.44
delicate	2.66	0.73
rosy	2.71	0.72
gorgeous	2.73	0.68
serene	2.81	0.44
fine	2.82	0.44
wonderful	2.91	0.41
beautiful	3.07	0.54
